geoid,name,households,working_age_hh,mhi,wahi,ratio,share_65plus_pct,share_under25_pct,reliable,flag,gap_anchored_mhi,gap_anchored_wahi,gap_anchored_ami
48301,Loving County,27,3,51250,175000,3.1818,88.9,0.0,0,0,9,0,6
1882862,West Lafayette city,15062,5921,34891,80190,2.2975,14.0,46.7,1,1,-647,-959,-459
3628618,Geneseo village,2027,1010,46589,98944,2.0692,22.3,27.9,0,0,-164,-48,-27
2639360,Houghton city,2251,946,43456,87360,2.0544,18.9,39.1,0,0,-94,-68,-73
48243,Jeff Davis County,966,486,59286,114286,1.9616,49.7,0.0,0,0,-48,14,10
4862600,Robstown city,3784,2185,34436,65625,1.9375,41.2,1.0,0,0,-44,-37,103
4139150,King City city,2744,1017,63684,120423,1.9331,62.6,0.3,1,1,-23,-110,-112
2624120,East Lansing city,13850,5968,45687,88000,1.9251,18.5,38.4,1,1,-1022,-560,-196
3707080,Boone town,5975,2231,30065,55839,1.8569,14.5,48.1,0,0,-176,-752,-346
5107784,Blacksburg town,13840,7524,50182,91009,1.8167,15.0,30.6,1,1,-1391,-556,-389
48155,Foard County,437,255,61563,109028,1.7955,36.8,4.8,0,0,25,3,7
0670686,Seal Beach city,12837,5031,85964,151394,1.7538,60.0,0.8,1,1,76,3,201
31091,Hooker County,327,164,49464,86310,1.7338,32.7,17.1,0,0,18,12,8
4215192,Collegeville borough,1614,1009,91466,161007,1.7308,35.8,1.7,1,1,71,-45,9
2136604,Highland Heights city,2528,1358,53275,94665,1.7009,30.7,15.6,0,0,-148,152,92
1740884,Lake Barrington village,2384,1080,141958,239525,1.6975,54.7,0.0,0,0,-36,-56,-6
1267675,South Pasadena city,3363,920,53075,91267,1.6907,71.6,1.0,0,0,141,-232,-135
2153418,Morehead city,1854,1024,36741,63038,1.6891,17.5,27.3,0,0,-127,72,58
3659564,Potsdam village,2483,1329,34546,57318,1.6738,29.0,17.5,0,0,-166,-112,106
5356625,Pullman city,12682,6707,46812,78467,1.673,11.3,35.8,1,1,-1690,43,-3
3959234,Oxford city,6082,2820,40764,67182,1.6387,18.0,35.6,0,0,-303,-98,-73
4863020,Roma city,3299,1950,24579,40207,1.638,36.0,4.8,0,0,-104,-67,65
0668154,San Luis Obispo city,20441,9793,73685,121117,1.6372,24.0,28.1,1,1,-1369,-540,70
30075,Powder River County,708,376,67045,106985,1.6338,43.4,3.5,0,0,51,10,12
5586925,Whitewater city,5229,2440,54969,89227,1.606,16.8,36.5,1,1,21,275,149
1746786,Marengo city,2719,1727,73523,113122,1.6043,30.1,6.4,0,0,61,34,41
38069,Pierce County,1854,974,59365,94444,1.6009,35.1,12.4,0,0,67,11,11
4514950,Clemson city,7868,3657,49520,79035,1.6006,22.2,31.3,0,0,-107,249,-75
2615020,Chelsea city,2764,1397,72098,109976,1.5998,48.8,0.7,0,0,-247,13,-22
2689260,Zeeland city,2396,1408,52628,85553,1.5893,37.0,4.2,0,0,-16,-13,-8
1884950,Winona Lake town,1820,1216,82188,140698,1.5887,25.3,7.9,0,0,31,15,24
4271776,Somerset borough,2845,1628,47102,73220,1.5883,35.2,7.6,0,0,97,25,60
5130208,Galax city,2763,1661,38675,61422,1.5851,33.8,6.1,0,0,-73,141,130
51640,Galax city,2763,1661,38675,61422,1.5851,33.8,6.1,0,0,-73,141,130
3902736,Athens city,7238,3820,38204,61985,1.5837,13.1,34.1,0,0,-556,-367,-28
0150192,Monroeville city,2413,1259,32513,52331,1.577,35.8,12.0,0,0,89,101,91
0546580,Monticello city,3688,2244,27238,41650,1.5755,28.2,11.0,0,0,-279,-51,202
2633280,Grand Blanc city,3471,2270,68052,107320,1.5743,27.6,7.0,0,0,244,28,119
2261615,Ponchatoula city,3449,2263,51161,79136,1.5722,33.7,0.7,0,0,-52,120,109
0416410,Cottonwood city,6592,2899,48448,77387,1.5682,51.3,4.8,1,1,-55,115,146
4753000,Newport city,3066,1798,31250,49714,1.5678,31.1,10.2,0,0,114,-37,104
4768540,Signal Mountain town,3351,2016,141008,213678,1.5577,39.2,0.6,0,0,21,3,42
0513450,Cherokee Village city,2224,1151,37326,61374,1.5572,46.4,1.9,0,0,7,25,49
4815976,College Station city,46214,26888,50900,79068,1.5444,11.7,30.1,1,1,-2684,-872,-131
53075,Whitman County,18721,10488,55406,85000,1.5413,19.3,24.7,1,1,-601,169,91
3912168,Carlisle city,2228,1241,71136,111024,1.5412,33.6,10.7,1,1,66,30,31
49031,Piute County,555,228,48393,73889,1.5389,58.9,0.0,0,0,0,6,3
3917036,Columbiana city,3458,1912,54688,85852,1.5383,42.6,2.1,0,0,267,72,61
3913554,Chardon city,2156,1352,86613,131545,1.5337,32.2,5.1,0,0,36,20,9
2418750,College Park city,9007,4847,69721,108061,1.528,15.0,31.2,0,0,-418,-472,-158
1842462,Lawrenceburg city,2294,1469,51250,77969,1.5272,31.8,4.1,0,0,-3,46,29
4572430,Travelers Rest city,2423,1440,54583,85690,1.5244,36.5,4.0,0,0,-62,53,30
4829432,Giddings city,2201,1365,72913,104738,1.5243,29.0,9.0,0,0,91,24,33
3650551,New Paltz village,2538,1192,52774,77273,1.5239,19.1,33.9,0,0,-153,-423,31
3579840,Truth or Consequences city,2598,1447,33788,52190,1.5234,42.3,2.0,0,0,-50,71,119
3638077,Ithaca city,14167,7475,48784,74138,1.5228,15.5,31.7,0,0,-175,-898,-657
0107912,Boaz city,3514,2334,49846,75720,1.5192,26.9,6.6,0,0,95,101,112
4838080,Joshua city,3195,2184,68117,102100,1.5159,28.5,3.1,0,0,-265,0,13
39121,Noble County,4619,2130,56098,85253,1.5157,53.3,0.6,1,1,74,55,45
2739428,Mahtomedi city,2985,1777,123319,187083,1.5151,39.2,1.2,0,0,-111,12,-84
37177,Tyrrell County,1547,788,41685,61964,1.5142,46.3,2.7,0,0,22,49,31
2430900,Frostburg city,2749,1466,52977,78826,1.5117,28.2,18.5,0,0,15,115,27
48269,King County,111,73,46645,72500,1.5112,34.2,0.0,0,0,16,7,13
5127440,Farmville town,2576,1122,40966,63323,1.5101,31.1,25.4,0,0,45,32,88
4870208,Stephenville city,8247,4805,53015,78236,1.5096,19.7,22.1,1,1,-230,85,76
2122204,Douglass Hills city,2715,1460,78482,120517,1.5083,41.0,5.2,0,0,78,29,60
48045,Briscoe County,553,352,45417,68438,1.5041,36.2,0.2,0,0,3,24,33
4256576,Old Forge borough,3786,2016,71812,107265,1.5025,43.4,3.4,0,0,64,49,63
1753234,Normal town,20387,11394,64785,97900,1.5021,20.7,23.5,1,1,-94,114,107
1724543,Eureka city,2199,1196,56048,79330,1.5018,36.6,9.0,0,0,29,56,20
1264975,Seminole city,9084,4830,75774,114732,1.5009,46.1,0.7,1,1,-113,-23,-23
1736750,Huntley village,12213,5816,88536,133009,1.4984,52.1,0.2,1,1,-55,-1,1
38027,Eddy County,1173,720,50850,76128,1.4978,35.5,3.2,0,0,60,55,27
3122640,Holdrege city,2528,1535,55789,87866,1.4973,30.1,9.1,0,0,52,97,71
3579910,Tucumcari city,2720,1736,31844,48387,1.4961,27.5,8.7,0,0,-90,-103,85
5313855,College Place city,3417,1845,61914,95428,1.4954,33.8,12.2,0,0,-104,17,49
38041,Hettinger County,1130,634,73026,100647,1.4929,39.5,4.4,1,1,21,22,18
4809916,Brady city,2277,1428,46250,70189,1.491,33.7,3.6,0,0,109,49,38
1757381,Palos Heights city,4779,2538,108740,161530,1.4897,46.9,0.0,1,1,16,-38,-11
3721095,Elon town,2456,1352,84773,125439,1.4875,34.9,10.0,0,0,7,-163,-17
4273808,State College borough,11257,5604,45424,67408,1.487,15.2,35.0,1,1,-1248,-597,-204
1314500,Cedartown city,3728,2374,34754,51417,1.4838,22.6,13.7,0,0,-343,-343,246
3678355,Warwick village,2991,1525,89609,134233,1.4788,49.0,0.0,0,0,13,48,41
13037,Calhoun County,1593,962,46940,70000,1.4785,36.0,3.6,0,0,43,84,83
4257696,Palmerton borough,2802,1683,68143,101239,1.4773,37.9,2.1,0,0,54,67,63
1728846,Geneseo city,2954,1749,70147,105363,1.4768,38.7,2.1,0,0,84,6,11
4286880,Wyomissing borough,5033,2865,93203,133239,1.4757,41.5,1.6,0,0,-166,55,-99
1205300,Belle Isle city,2998,1879,104559,160654,1.4751,37.3,0.0,0,0,31,13,17
3605034,Bayville village,2595,1682,149191,220107,1.4733,35.2,0.0,0,0,7,36,15
3659388,Port Jervis city,3586,2181,47917,69581,1.4721,36.5,2.7,0,0,-301,-193,29
01129,Washington County,5963,3739,61042,89428,1.4692,32.7,4.6,0,0,66,46,52
0807850,Boulder city,44432,26134,87493,131972,1.4676,20.6,20.6,1,1,-3039,-760,-696
2627760,Fenton city,5208,3518,80000,111826,1.4675,25.9,6.5,0,0,199,-13,168
0150312,Montevallo city,2499,1501,56626,83426,1.4668,31.3,8.6,1,1,-61,53,67
1736061,Hoopeston city,1999,1294,60861,91281,1.4629,26.8,8.5,0,0,35,176,178
0640438,Larkspur city,6018,3690,140417,209990,1.4608,38.7,0.0,0,0,-236,-3,-2
38019,Cavalier County,1560,845,69531,102627,1.4604,40.9,4.9,0,0,9,13,12
3702840,Ayden town,2279,1495,42413,62723,1.4604,30.1,4.3,0,0,-125,67,24
17151,Pope County,1385,722,60050,87637,1.4594,46.7,1.2,1,1,26,11,9
2042875,Louisburg city,2178,1238,68824,105169,1.4569,39.7,3.4,1,1,-159,62,48
4252320,Munhall borough,5154,3188,52517,79503,1.4558,31.6,6.5,0,0,-26,198,105
5455756,Morgantown city,11946,6614,44727,64787,1.4526,18.7,26.0,1,1,-626,106,53
0132848,Hamilton city,2577,1415,54871,78900,1.4513,42.5,2.6,0,0,89,114,124
3924234,Eaton city,3803,2387,51467,73379,1.4503,34.1,3.1,0,0,14,199,191
2310565,Caribou city,3542,2081,53709,76804,1.4485,36.8,4.4,0,0,34,99,63
48283,La Salle County,1647,1006,57716,83553,1.4468,36.6,2.3,0,0,25,7,7
5645050,Laramie city,14527,8221,55613,82189,1.4464,16.5,26.9,1,1,185,544,302
0157120,Opp city,2707,1501,41347,60384,1.4451,41.2,3.4,0,0,28,61,46
5677530,Torrington city,2503,1359,47902,69779,1.4441,40.2,5.5,0,0,-13,89,33
30019,Daniels County,734,382,55625,81707,1.4419,48.0,0.0,0,0,20,6,2
2681540,Utica city,2489,1528,58718,84390,1.4414,36.9,1.7,1,1,61,-12,-77
51141,Patrick County,7781,4493,53038,76825,1.4414,39.3,3.0,1,1,229,172,161
45005,Allendale County,3238,2000,32328,47807,1.4404,34.4,3.8,0,0,7,53,88
3771500,Waynesville town,5035,2767,54923,78852,1.4394,38.1,6.9,1,1,-38,127,137
48011,Armstrong County,767,444,72750,106731,1.4389,32.9,9.3,0,0,34,27,43
22035,East Carroll Parish,2617,1641,33341,47649,1.4382,30.0,7.3,0,0,-72,0,172
31117,McPherson County,212,100,58684,78571,1.4354,30.7,22.2,0,0,10,7,7
5321240,Ellensburg city,8972,4933,55438,78143,1.4332,15.9,29.1,1,1,-678,-106,-15
3473020,Tinton Falls borough,8700,5262,117308,171960,1.4329,39.5,0.0,1,1,-31,-5,2
4830416,Granbury city,5279,3080,73516,103849,1.4324,40.4,1.3,0,0,118,187,168
1764304,River Forest village,4460,2944,146786,209079,1.4312,34.0,0.0,0,0,0,-6,4
38083,Sheridan County,675,335,62639,87750,1.4303,43.7,6.7,0,0,16,24,14
0135800,Homewood city,9830,6827,94485,137111,1.4301,22.3,8.2,0,0,-61,68,-7
38091,Steele County,806,425,77500,109476,1.4299,44.4,2.9,0,0,26,15,11
0609864,Calimesa city,3965,2521,87181,130578,1.4283,36.4,0.0,0,0,58,26,30
1753663,Northfield village,2302,1290,161500,235878,1.4281,42.9,1.1,0,0,19,29,9
3907972,Bowling Green city,12056,5985,45154,64466,1.4279,18.1,32.2,0,0,-584,638,312
30055,McCone County,798,412,69375,93860,1.4274,46.1,2.3,0,0,14,14,13
0602042,Anderson city,4825,3279,47375,67711,1.4251,28.4,3.6,0,0,-198,-49,46
3151840,Wayne city,2182,1132,53702,78475,1.425,21.9,26.2,0,0,130,131,85
48351,Newton County,4841,2950,42618,62224,1.4249,36.5,2.5,0,0,-29,88,62
2957278,Pevely city,2366,1629,56000,77473,1.4241,22.4,8.7,0,0,104,59,4
48461,Upton County,1360,914,49167,68761,1.4226,27.3,5.5,0,0,-16,4,10
21119,Knott County,5521,3506,41761,59727,1.4226,34.3,2.2,0,0,26,189,189
4171650,Sutherlin city,4244,2675,51250,74132,1.4222,34.1,2.9,0,0,75,-186,-115
27151,Swift County,4121,2436,60412,86272,1.422,36.8,4.1,1,1,86,87,47
3951716,Montgomery city,3993,2473,150995,216543,1.4219,38.1,0.0,0,0,18,24,52
4242472,Lehighton borough,1912,1209,64651,97900,1.4212,27.4,9.4,0,0,101,94,76
1251825,Orange City city,6440,3668,57800,84154,1.4212,39.6,3.4,0,0,-114,-111,-32
0618100,Davis city,25358,13343,90045,127825,1.4206,21.8,25.6,1,1,-2670,-1445,-1346
2971746,Sunset Hills city,3625,2083,138144,201240,1.4181,42.3,0.2,0,0,-42,-120,-2
1376168,Thomaston city,3956,2655,38917,56085,1.4178,30.8,2.1,0,0,-312,75,230
2720330,Fairmont city,4884,2866,53084,75000,1.4169,37.9,3.4,1,1,59,95,84
1868526,Scottsburg city,3149,2094,38578,54961,1.4166,27.7,5.8,0,0,-184,155,172
46071,Jackson County,830,584,35417,50137,1.4163,26.9,2.8,0,0,-30,21,13
4515295,Clinton city,2472,1634,44522,62649,1.4159,24.5,9.4,0,0,-130,231,179
4868624,Snyder city,4307,2760,57902,81412,1.4149,27.5,8.5,0,0,74,163,171
3464050,Rockaway borough,2711,1940,107053,155990,1.412,26.4,2.0,0,0,26,110,94
4222608,Edinboro borough,1946,1223,48173,66151,1.4109,15.7,21.5,0,0,4,70,-21
2054250,Paola city,2594,1465,74662,104363,1.4107,36.0,7.6,0,0,105,96,63
2752522,Princeton city,2039,1111,62219,87997,1.4095,37.5,8.0,0,0,24,3,
1670660,Rupert city,2188,1460,54741,75395,1.4089,24.3,9.0,1,1,23,101,65
4544575,Marion city,2520,1381,30662,44033,1.4086,45.2,0.0,0,0,22,38,57
08095,Phillips County,1952,1259,64674,91820,1.4076,32.3,3.2,0,0,-4,22,21
17181,Union County,6868,3989,55728,78280,1.407,38.0,3.9,0,0,54,140,138
1241950,Macclenny city,2545,1726,73942,104491,1.4066,30.1,2.1,0,0,2,23,21
4724360,Erwin town,2611,1734,47487,67822,1.4064,32.7,0.9,0,0,27,65,95
12043,Glades County,4500,2575,45870,64851,1.4054,40.4,2.3,0,0,-28,96,52
3944632,Logan city,2643,1751,57882,82441,1.4049,25.3,8.4,1,1,55,47,42
5109656,Bridgewater town,2179,1199,75280,106106,1.4045,40.8,4.2,0,0,-58,67,71
2049100,Mulvane city,2527,1517,74039,102194,1.4043,39.1,0.9,0,0,38,26,14
3464590,Roseland borough,2513,1525,164458,236373,1.4039,38.0,1.4,0,0,7,67,-22
1240450,Lighthouse Point city,5373,3049,92135,130367,1.4031,42.0,1.2,0,0,-61,-32,-42
48075,Childress County,1838,1000,58654,80000,1.4015,44.2,1.4,0,0,43,90,91
0617022,Crescent City city,1693,1124,35540,50312,1.4014,28.9,4.7,0,0,109,-340,97
4868036,Sinton city,1907,1144,51701,75921,1.4013,27.3,12.7,0,0,29,58,78
2803980,Bay St. Louis city,5088,3051,67442,94812,1.4,37.8,2.2,0,0,-81,46,18
4236816,Indiana borough,5218,3164,40857,57296,1.3993,17.5,21.9,0,0,-251,16,138
3140605,Ralston city,2872,1886,69403,100779,1.3993,25.0,9.3,1,1,22,90,61
56001,Albany County,17083,9761,61917,86685,1.3992,19.7,23.1,1,1,326,498,324
2977092,Warrensburg city,7441,4515,57067,80301,1.3987,17.5,21.8,0,0,206,284,216
5311825,Cheney city,4772,2417,54503,78458,1.3977,18.9,30.4,0,0,-414,279,181
2906976,Bolivar city,4475,2452,49622,69545,1.3975,36.1,9.1,0,0,146,194,150
30059,Meagher County,927,481,71932,95427,1.3974,42.7,5.4,0,0,29,5,7
3953312,Munroe Falls city,2082,991,81214,114104,1.3969,52.4,0.0,0,0,-8,17,3
3819420,Devils Lake city,3747,2240,43220,60284,1.3966,31.7,8.6,0,0,3,384,103
0115136,Clanton city,3774,2117,47520,66537,1.3965,35.7,8.2,0,0,-18,7,269
2501370,Amherst Town city,9700,4666,66968,95978,1.3963,25.8,26.1,1,1,-340,-695,-135
0430270,Guadalupe town,1590,1036,51354,73929,1.3961,33.6,1.2,0,0,31,25,25
0803620,Aspen city,4105,2818,74033,102174,1.3957,20.4,11.0,0,0,1,-244,37
32017,Lincoln County,1717,994,72307,98658,1.3949,38.9,3.2,0,0,17,9,12
48415,Scurry County,5876,3799,60039,83804,1.3947,28.1,7.2,1,1,100,202,201
4275648,Swarthmore borough,2067,1321,152361,229768,1.3937,35.1,1.0,0,0,55,82,44
13263,Talbot County,2529,1398,41597,59273,1.3934,44.7,0.0,0,0,27,-39,36
3952010,Moraine city,2692,1970,48788,68649,1.3929,18.8,8.0,0,0,-250,-48,65
48193,Hamilton County,3120,1755,58219,78864,1.3928,43.1,0.6,0,0,8,66,68
48443,Terrell County,451,216,44886,62400,1.3927,52.1,0.0,0,0,8,0,4
29137,Monroe County,3468,1979,54516,74774,1.3921,40.8,2.2,0,0,141,124,107
3517960,Corrales village,3551,1737,102307,148835,1.3902,51.0,0.1,0,0,18,19,18
2771032,Winona city,10786,6005,56337,78089,1.3894,26.4,18.0,1,1,-78,419,226
2405550,Bel Air town,5042,3323,74605,103650,1.3891,30.1,4.0,0,0,-160,69,96
30007,Broadwater County,2822,1766,70374,96076,1.389,36.1,1.3,0,0,34,0,-2
38065,Oliver County,725,403,77240,110776,1.3889,44.4,0.0,0,0,12,1,1
54027,Hampshire County,8643,4824,63116,88845,1.3888,42.4,1.8,1,1,267,228,127
1757875,Park Ridge city,14867,9956,142986,199782,1.3882,32.5,0.5,1,1,14,186,-51
2978154,Webster Groves city,9446,6012,115227,160573,1.3878,32.8,3.5,0,0,73,-87,88
3665893,Scotia village,3303,2229,76525,107758,1.3878,31.5,1.0,0,0,68,46,33
46055,Haakon County,687,407,65625,92188,1.3874,38.3,2.5,0,0,34,22,19
2734172,Lake City city,2284,1290,72244,95558,1.387,40.6,2.9,0,0,24,15,14
2870240,Starkville city,12004,6615,42125,59387,1.3867,14.1,30.8,1,1,-825,226,476
30065,Musselshell County,2148,1158,58920,81583,1.3862,42.8,3.3,1,1,-36,-30,12
1782101,Wilmington city,2296,1422,66154,91170,1.3859,33.2,4.8,0,0,74,31,21
4859336,Prairie View city,1478,637,21060,30519,1.3859,22.3,34.6,0,0,155,-21,-11
5558000,North Fond du Lac village,2185,1448,62832,87597,1.3857,29.8,3.9,0,0,63,20,36
3641553,Lawrence village,2072,1114,170000,218862,1.3856,46.2,0.0,0,0,59,81,49
38095,Towner County,989,616,67350,93438,1.3855,32.0,5.8,0,0,32,17,12
1352192,Monroe city,5197,3537,44656,61723,1.3854,26.4,5.5,1,1,-174,-132,87
0174976,Tarrant city,2609,1722,42070,58632,1.3853,27.3,6.7,0,0,-85,56,184
1983145,Webster City city,3250,1894,63430,90758,1.3837,32.9,8.8,1,1,187,108,93
1753481,Northbrook village,13302,7615,157782,214314,1.3829,41.9,0.9,0,0,57,179,-77
2163138,Princeton city,2367,1569,47411,67240,1.3827,28.7,5.0,0,0,84,74,151
4257480,Oxford borough,2174,1336,67733,96875,1.3824,30.9,7.7,0,0,-151,-54,-41
0683346,Walnut Creek city,33072,18836,130432,181847,1.3819,41.2,1.8,1,1,-714,687,518
1931350,Glenwood city,2063,1264,71790,100527,1.3813,36.5,2.2,0,0,95,22,17
4846740,Marlin city,2073,1244,36426,51379,1.3811,32.0,8.0,0,0,12,50,103
54041,Lewis County,6967,4402,56477,77412,1.381,34.4,2.4,0,0,206,215,187
1276525,West Miami city,2698,1858,61274,89264,1.3806,26.3,4.9,0,0,80,-371,-96
4751540,Munford city,2318,1585,89531,127536,1.3803,24.8,6.8,0,0,14,23,6
2031100,Hays city,9003,5036,58459,80036,1.3798,24.8,19.3,1,1,69,297,178
31005,Arthur County,185,110,76250,104630,1.3797,40.5,0.0,0,0,6,4,3
4233744,Hellertown borough,2398,1490,72813,101931,1.3796,34.4,3.5,0,0,-1,73,67
48083,Coleman County,3343,1730,49159,67362,1.3789,44.7,3.5,0,0,34,-2,59
37199,Yancey County,8130,4638,58709,80772,1.3776,39.8,3.1,1,1,156,187,187
1938595,Iowa City city,30816,17168,58546,80938,1.3772,19.7,24.6,1,1,-286,120,22
72061,Guaynabo Municipio,36309,21502,46731,65067,1.3762,40.1,0.7,1,1,551,552,614
21041,Carroll County,4178,2919,56466,79199,1.3755,28.6,1.6,0,0,51,226,221
1722697,Edwardsville city,9828,6248,86721,126105,1.375,22.8,13.7,1,1,146,39,73
4250880,Moosic borough,2396,1378,80187,106553,1.3749,39.2,3.3,0,0,91,41,69
19009,Audubon County,2596,1559,58229,79031,1.3744,34.6,5.4,1,1,41,58,50
3627419,Fredonia village,3825,2152,50433,69336,1.3734,30.9,12.8,0,0,-34,-21,24
48307,McCulloch County,3297,1976,54043,74746,1.3733,37.6,2.5,0,0,106,84,55
1743965,Litchfield city,3148,1844,53958,76175,1.3726,35.5,5.9,0,0,41,131,98
4526305,Forest Acres city,4972,3009,78306,107500,1.3723,35.7,3.8,1,1,69,49,55
56031,Platte County,3848,2235,67718,93082,1.372,41.6,0.4,0,0,167,76,66
5519400,Delafield city,3209,1874,94806,133333,1.3717,35.6,6.0,0,0,30,43,51
0659500,Rancho Mirage city,9003,3206,107364,147276,1.3715,63.1,1.3,0,0,18,12,12
5551150,Mequon city,9444,5695,144051,198868,1.3715,39.7,0.0,1,1,37,135,-34
1228000,Gulf Breeze city,2802,1431,104050,146256,1.3702,48.5,0.4,1,1,57,-66,49
2603000,Ann Arbor city,50499,29318,82212,112572,1.3702,19.5,22.4,1,1,-2820,-801,239
05135,Sharp County,6856,4036,44637,61268,1.3702,39.1,2.0,0,0,64,233,263
0411300,Cave Creek town,2437,1148,107067,147475,1.3702,52.9,0.0,0,0,-20,-10,-21
48169,Garza County,1463,859,46314,64912,1.3699,33.7,7.6,0,0,38,102,49
17175,Stark County,2285,1358,62878,88281,1.3695,35.8,4.8,1,1,70,48,25
46069,Hyde County,503,290,73472,98810,1.3694,42.3,0.0,0,0,6,2,3
4172500,Talent city,3152,1878,62543,83241,1.3687,33.3,7.1,0,0,-395,-190,75
05117,Prairie County,3256,1792,51646,72214,1.3685,40.7,4.3,1,1,1,66,88
0129992,Glencoe city,1996,1238,68517,93710,1.3679,36.4,1.6,0,0,37,27,39
2581005,Winthrop Town city,7899,5252,116167,158422,1.3677,31.5,2.0,1,1,-156,169,256
56035,Sublette County,3693,2150,83597,114489,1.3676,39.4,2.4,0,0,48,44,41
13283,Treutlen County,2261,1427,55518,73252,1.3672,31.0,5.8,0,0,109,136,125
2633340,Grand Haven city,5510,3080,60669,83525,1.3669,38.6,5.5,0,0,79,107,61
20107,Linn County,4348,2689,59069,80755,1.3662,34.9,3.3,0,0,117,104,30
21129,Lee County,2595,1597,37568,50561,1.3659,34.7,3.8,0,0,-20,-5,93
3922456,Dover city,5544,3258,64276,89770,1.365,37.3,4.0,0,0,188,300,318
3976876,Tipp City city,4382,2791,78098,104462,1.3645,32.7,3.6,0,0,184,79,83
21139,Livingston County,3603,2109,58984,80962,1.3643,37.4,4.1,1,1,39,42,42
5565050,Prairie du Chien city,2192,1231,54268,71652,1.364,39.0,4.8,0,0,97,50,51
26061,Houghton County,14305,8144,58899,80604,1.3638,29.9,13.2,1,1,79,85,25
3935252,Highland Heights city,3566,2103,122863,164226,1.3637,40.7,0.3,1,1,-21,9,-8
0655520,Paradise town,3351,1296,67687,86483,1.3631,56.6,4.8,0,0,-24,138,108
4826160,Floresville city,2951,1900,65270,83770,1.363,29.7,5.9,0,0,5,217,179
1803664,Batesville city,3002,2011,62292,89384,1.3629,24.9,8.1,0,0,110,59,52
38011,Bowman County,1291,742,72109,100536,1.3627,36.9,5.7,1,1,32,26,21
4830392,Graham city,3566,2049,63587,88470,1.3624,32.6,9.9,0,0,-41,107,100
4607580,Brookings city,9145,5214,63493,86747,1.3623,20.5,22.5,1,1,572,269,186
48069,Castro County,2413,1442,56776,72398,1.3623,33.2,7.0,0,0,92,63,49
2671140,Saline city,3991,2121,88346,119258,1.3622,43.4,3.5,1,1,202,61,14
4252432,Murrysville municipality,8367,4755,121823,163992,1.3621,42.5,0.7,1,1,52,71,71
06091,Sierra County,1219,580,63355,82955,1.3609,52.4,0.0,0,0,133,75,23
4743780,Loudon city,2451,1523,53650,75488,1.3608,36.0,1.8,0,0,-8,104,105
0677364,Susanville city,3828,2390,61641,84085,1.36,34.4,3.2,1,1,54,172,172
2801260,Amory city,2678,1687,52901,71250,1.3594,28.6,8.4,1,1,-18,93,94
3712340,Cherryville city,2316,1452,70625,94118,1.3588,31.7,5.6,0,0,116,62,45
4534495,Hollywood town,2309,1170,73693,99379,1.3587,48.7,0.6,0,0,-66,19,13
28105,Oktibbeha County,21840,12062,46695,63392,1.3583,18.7,26.1,1,1,-699,392,440
48175,Goliad County,2811,1677,59359,80469,1.3579,40.0,0.3,0,0,40,49,42
35021,Harding County,286,145,48553,64500,1.3579,48.3,1.0,0,0,5,3,8
1330956,Fort Oglethorpe city,4615,2612,51867,71683,1.3574,38.6,4.8,0,0,75,242,231
1751453,Murphysboro city,3373,1901,44154,59838,1.3567,34.0,9.6,0,0,-79,314,165
4604380,Belle Fourche city,2455,1504,65071,82765,1.3557,26.6,12.1,0,0,-75,140,81
1312624,Camilla city,2116,1561,38137,49167,1.3554,24.8,1.5,0,0,-357,2,136
2610620,Brighton city,3764,2133,80682,109874,1.3554,38.8,4.5,0,0,110,50,7
1262425,Safety Harbor city,6960,4320,106830,139865,1.3537,36.5,1.5,0,0,112,95,96
01029,Cleburne County,5980,3758,55345,75272,1.3529,35.0,2.2,1,1,176,145,130
3454570,Oceanport borough,2687,1666,126094,172910,1.3523,38.0,0.0,0,0,-13,1,-7
1278300,Winter Park city,12846,7654,105724,143304,1.3522,37.1,3.3,1,1,-19,226,14
4938710,Ivins city,4041,2001,78089,107547,1.3518,47.4,3.1,1,1,-145,-28,-32
4070300,Stillwater city,19654,10856,43700,59718,1.3514,17.6,27.2,1,1,-1443,267,387
2540115,Melrose city,12401,8621,133953,180058,1.3509,29.7,0.8,1,1,-12,443,402
4809556,Borger city,4208,2767,61583,84629,1.3507,30.3,3.9,0,0,68,129,99
29186,Ste. Genevieve County,7137,4484,66339,92168,1.3507,34.7,2.5,1,1,273,180,161
2608300,Big Rapids city,3133,1544,43858,58235,1.3503,21.5,29.2,0,0,-128,86,78
2907318,Boonville city,2710,1578,56429,76667,1.35,34.7,7.1,1,1,62,136,142
5513375,Cedarburg city,5445,3490,84896,119802,1.3496,30.7,5.2,0,0,364,64,205
2436500,Hampstead town,2731,1994,97871,129395,1.3493,24.9,2.1,1,1,46,20,21
0103076,Auburn city,30174,19467,63668,86915,1.3488,16.4,19.1,1,1,-568,450,519
48047,Brooks County,2977,1835,47764,65117,1.3488,29.8,8.5,0,0,30,92,33
5332300,Hoquiam city,3700,2243,49795,67169,1.3488,35.6,3.8,1,1,-129,0,52
46021,Campbell County,754,467,68929,95508,1.3487,37.1,0.9,0,0,11,9,10
27091,Martin County,8839,5232,59507,80283,1.3484,37.0,3.8,1,1,157,246,168
5567320,Rib Mountain village,2977,1824,94294,129433,1.3483,37.9,0.8,1,1,52,26,48
2958394,Pleasant Hill city,3502,2204,95602,125554,1.3472,29.3,7.8,1,1,90,86,92
2709370,Cambridge city,4390,2893,69154,90751,1.3471,29.9,4.2,0,0,-171,21,9
1767860,Savoy village,3699,2278,91966,124638,1.347,30.3,8.2,0,0,189,56,115
2711350,Chisago City city,2284,1260,102197,138294,1.3469,44.0,0.8,1,1,-24,13,14
3446110,Midland Park borough,2917,1807,146841,193129,1.3466,38.1,0.0,1,1,79,116,60
28055,Issaquena County,350,188,31429,44231,1.3462,46.3,0.0,0,0,10,10,0
05101,Newton County,3179,1773,48986,66186,1.3455,36.0,8.3,0,0,111,114,102
48009,Archer County,3468,2233,72159,98717,1.345,34.1,1.5,1,1,113,14,33
47027,Clay County,3486,2101,39972,53696,1.3438,38.2,1.5,0,0,100,159,128
5573725,Shorewood village,6619,4463,86726,116553,1.3437,26.0,6.6,0,0,97,142,154
46011,Brookings County,13798,8326,70064,95138,1.3437,21.9,17.8,1,1,633,226,266
3978176,Uhrichsville city,2233,1410,41846,57919,1.3425,23.6,13.2,0,0,-178,96,150
20105,Lincoln County,1278,757,57500,78750,1.3425,35.8,5.0,0,0,37,28,19
54005,Boone County,7927,4896,57093,76628,1.3422,36.8,1.4,0,0,66,198,197
3465490,Salem city,2386,1581,38721,50252,1.3421,32.2,1.6,0,0,-191,-201,30
3978050,Twinsburg city,7806,5228,99144,132759,1.342,31.8,1.3,1,1,104,10,106
4814668,Childress city,1504,823,57644,73661,1.3418,43.6,1.7,0,0,36,85,91
3901798,Amherst city,4830,3049,90725,124520,1.3417,35.9,1.0,1,1,44,21,36
20033,Comanche County,824,456,54545,74688,1.3417,39.7,5.0,0,0,36,31,28
5509800,Bristol village,2109,1282,123648,162239,1.3415,36.7,2.5,0,0,14,20,10
4207128,Bloomsburg town,4584,2638,51536,68671,1.3413,24.3,18.2,0,0,39,348,309
51119,Middlesex County,4772,2434,75060,100714,1.3413,47.3,1.7,0,0,39,35,35
48285,Lavaca County,8476,4986,63240,85404,1.3404,36.1,5.0,0,0,234,209,170
2762806,Stewartville city,2498,1820,82632,106625,1.3401,24.5,2.7,1,1,-5,3,8
5519450,Delavan city,3952,2488,65357,85928,1.34,30.4,6.7,0,0,57,168,65
3305140,Berlin city,3705,2374,45180,60672,1.3399,32.5,3.4,0,0,-115,50,30
2638180,Highland Park city,3825,2349,29309,39494,1.3398,38.4,0.2,0,0,-95,-138,81
2275425,Thibodaux city,6773,4022,52072,70858,1.3395,34.0,6.6,0,0,-209,235,247
4269600,Shamokin city,3023,2037,39690,53024,1.3392,28.7,3.9,0,0,-194,74,109
3735760,King city,3216,2111,57817,75491,1.3389,33.2,1.1,0,0,52,62,35
4733260,Henderson city,2195,1501,45938,61721,1.3386,27.7,4.0,0,0,-48,58,108
2728682,Hermantown city,3836,2433,90849,124472,1.3386,26.9,9.7,1,1,71,-55,36
0125120,Fairfield city,3744,2301,48456,65162,1.3379,32.1,6.5,0,0,-267,-213,66
4270352,Shippensburg borough,2791,1668,51503,70556,1.3377,36.0,4.2,0,0,104,266,24
0163336,Rainsville city,2529,1559,74046,99122,1.3377,35.4,2.9,0,0,13,7,13
21143,Lyon County,3419,1995,65066,88998,1.3376,39.3,2.3,0,0,17,32,31
0428030,Globe city,2963,1861,69170,91907,1.3372,30.2,7.0,0,0,61,144,142
2476725,Taneytown city,3068,1881,87621,115132,1.337,35.0,3.7,1,1,-6,11,12
38043,Kidder County,1170,548,65610,86842,1.337,41.9,11.3,0,0,66,99,50
1772676,Stickney village,2403,1543,66942,92718,1.3368,32.3,3.5,0,0,99,-1,0
3129925,McCook city,3269,2077,56917,79306,1.3368,30.2,6.3,0,0,-15,35,70
1271525,Tequesta village,2795,1633,98271,127500,1.3361,41.6,0.0,0,0,-18,-23,-21
3979716,Vermilion city,4629,2794,69701,97049,1.3361,37.8,1.8,0,0,224,100,93
54089,Summers County,4680,2713,40699,54383,1.3358,41.5,0.5,0,0,-58,-72,-15
4216848,Crafton borough,3019,2066,64006,85130,1.3358,28.2,3.4,0,0,-112,36,50
4851708,Nolanville city,2694,2065,72480,100070,1.3354,13.9,9.5,0,0,159,31,86
0687056,Yucca Valley town,9038,5580,59563,79363,1.335,33.9,4.4,1,1,-275,-339,-16
72085,Las Piedras Municipio,13031,8258,25232,33777,1.3345,35.8,0.8,0,0,79,223,151
3968056,Rocky River city,9738,5974,94026,124163,1.3341,36.4,2.3,0,0,162,57,191
3479310,West Long Branch borough,2810,1828,114271,152679,1.3338,32.8,2.2,0,0,-82,-21,-81
28117,Prentiss County,9595,6338,49724,66224,1.3338,30.7,3.3,1,1,247,168,175
02230,Skagway Municipality,450,255,81136,107870,1.3337,39.1,4.2,0,0,18,18,6
1701010,Alsip village,7724,5152,66585,87060,1.3337,31.3,2.0,0,0,80,117,111
20183,Smith County,1578,854,59135,79286,1.3331,43.9,2.0,1,1,25,32,14
4219160,Dickson City borough,2778,1841,59963,79926,1.3331,32.0,1.7,0,0,49,107,43
2718188,Edina city,22914,14477,128767,176658,1.333,35.1,1.7,1,1,31,512,67
0640830,La Verne city,11517,7015,103761,138426,1.3329,37.1,2.0,1,1,-171,-81,158
4714980,Church Hill city,3026,1885,65526,85982,1.3326,34.3,3.4,0,0,59,52,65
1714572,Clarendon Hills village,3180,2280,130388,178061,1.3325,27.8,0.5,0,0,8,16,5
53037,Kittitas County,19993,12095,73804,98427,1.3321,24.5,15.0,1,1,24,14,33
2758612,Sartell city,7630,5137,84131,111639,1.3314,24.7,8.0,1,1,103,184,212
47087,Jackson County,4795,2948,47951,62861,1.3311,37.7,0.8,0,0,123,100,106
31083,Harlan County,1197,664,70625,92708,1.331,42.0,2.5,0,0,33,31,20
4865344,Sandy Oaks city,2144,1298,50806,68005,1.3308,38.1,1.4,0,0,-1,-3,2
2978314,Weldon Spring city,2038,1193,158548,213594,1.3307,40.0,1.4,0,0,-31,-27,-1
42009,Bedford County,19750,11912,59992,79833,1.3307,36.8,2.9,1,1,405,654,585
31095,Jefferson County,3136,1773,59044,78553,1.3306,39.5,3.9,1,1,156,108,30
2183334,Williamsburg city,1617,1036,38147,50985,1.3305,25.1,10.8,0,0,-118,-20,185
2745808,New Prague city,3023,2026,94539,130125,1.3302,30.9,2.1,0,0,51,31,32
3678168,Wappingers Falls village,2531,1561,65040,79899,1.33,37.1,1.3,0,0,-411,-103,65
41001,Baker County,7355,4189,60936,81841,1.3298,40.8,2.3,1,1,192,308,294
4235224,Hollidaysburg borough,2529,1540,69458,93155,1.3296,35.3,3.8,0,0,126,96,101
0423760,Florence town,6719,3629,79644,113602,1.3292,45.7,0.3,0,0,74,85,88
17171,Scott County,2046,1215,66705,88744,1.329,37.4,3.2,1,1,76,71,57
72119,Río Grande Municipio,17136,10268,28943,38347,1.3288,39.2,0.9,1,1,-200,358,514
3840580,Jamestown city,7123,4561,56554,75155,1.3286,29.4,6.6,1,1,320,366,178
4268312,Schuylkill Haven borough,2486,1394,54167,71940,1.328,37.8,6.1,0,0,169,170,147
5010675,Burlington city,17504,10664,71109,93742,1.3277,21.2,17.9,1,1,-1084,-518,-15
5544847,Lisbon village,3961,2516,123720,163731,1.3266,36.2,0.3,1,1,29,42,
0643140,Loomis town,3041,2045,81487,110908,1.3265,31.1,1.6,0,0,-91,-5,7
4284704,White Oak borough,3848,1986,59452,78743,1.3264,46.7,1.7,0,0,96,173,61
1754144,North Riverside village,3037,1919,77170,106944,1.3263,36.8,0.0,0,0,154,80,24
2921898,Ellisville city,4155,2327,113309,147621,1.3262,43.1,0.9,1,1,80,53,79
3653979,Norwich city,3052,1706,53333,69940,1.326,36.8,7.3,0,0,57,218,215
1233450,Indian Harbour Beach city,3784,2043,97254,132050,1.3258,44.1,2.0,0,0,-53,6,-43
01099,Monroe County,7363,4204,42292,56385,1.3257,38.2,4.7,1,1,47,229,320
5562250,Pewaukee village,4153,2661,62139,82582,1.3252,32.5,3.4,0,0,20,252,42
1667420,Rexburg city,9410,4283,50617,66793,1.325,5.4,49.1,0,0,-221,990,872
1213175,Cocoa Beach city,6018,3136,87990,119656,1.3245,47.3,0.6,1,1,-45,65,46
2726738,Ham Lake city,5945,4105,120135,158624,1.3243,29.7,1.2,1,1,15,18,15
1225175,Gainesville city,59816,35128,46195,60912,1.3242,18.1,23.1,1,1,-4037,-3777,-229
0606000,Berkeley city,47135,28555,108092,143667,1.3236,27.6,11.8,1,1,-1750,-10,1036
13149,Heard County,4309,2776,65868,83842,1.3232,31.5,4.1,0,0,61,118,68
19177,Van Buren County,2896,1686,61161,81250,1.3232,38.7,3.1,1,1,15,94,80
46037,Day County,2371,1350,66033,87382,1.3227,37.5,5.6,1,1,72,53,37
3939872,Kent city,10069,5805,42964,57113,1.3225,20.5,21.8,0,0,-928,-294,29
35019,Guadalupe County,1490,914,42750,56824,1.3223,33.9,4.8,0,0,20,69,66
4072100,Tahlequah city,6795,3889,49581,65402,1.3222,25.4,17.3,1,1,381,318,484
4215776,Connellsville city,3331,1919,45721,61059,1.322,37.0,5.4,0,0,8,258,39
1860822,Plymouth city,4528,2907,58623,77271,1.3219,28.9,6.9,0,0,260,381,264
48233,Hutchinson County,7000,4481,67228,90351,1.3217,33.0,3.0,0,0,118,151,127
0623168,Fairfax town,3265,2106,141653,187986,1.3209,33.5,2.0,0,0,-39,-46,-36
48101,Cottle County,577,349,59063,77932,1.3209,37.8,1.7,0,0,8,4,3
0686944,Yreka city,3469,1989,43982,58592,1.3206,36.1,6.5,0,0,-204,-111,-3
51017,Bath County,1822,1117,56184,76696,1.3206,36.3,2.4,0,0,100,71,55
2745628,New Hope city,8875,6369,77662,103063,1.3205,25.6,2.6,0,0,247,224,126
4873493,Town of Pecos city,3515,2249,60943,80363,1.3205,26.7,9.3,0,0,41,27,
30025,Fallon County,1178,669,76250,100112,1.3201,29.9,13.3,0,0,82,23,20
46033,Custer County,4451,2334,84112,110213,1.32,43.1,4.5,1,1,145,100,124
2769700,West St. Paul city,9780,6205,68464,91812,1.32,33.0,3.5,1,1,-577,-4,102
1766066,Round Lake Park village,3213,1473,55813,73167,1.3199,53.2,0.9,1,1,-16,-15,17
5551000,Menomonee Falls village,16387,10720,100238,132188,1.3198,33.1,1.5,1,1,79,98,61
47039,Decatur County,4568,2722,45375,59740,1.3194,38.9,1.5,0,0,233,110,189
2978928,West Plains city,5051,3225,44002,58169,1.3192,29.1,7.1,0,0,-182,94,338
48145,Falls County,6344,3863,57247,74666,1.3192,35.9,3.2,1,1,224,285,221
38093,Stutsman County,9437,6075,61856,83622,1.3191,30.0,5.6,1,1,431,396,212
3409250,Caldwell borough,3799,2703,96824,130182,1.319,28.0,0.8,0,0,-5,-175,-148
2704042,Baxter city,3990,2411,70688,92398,1.3188,34.5,5.1,0,0,140,43,51
46117,Stanley County,1290,815,87712,106711,1.3186,34.4,2.4,0,0,19,12,8
3154045,York city,3370,2107,63265,82310,1.3185,32.2,5.3,1,1,173,173,110
2652180,Mason city,3407,2114,79117,104449,1.3184,32.8,5.1,1,1,127,94,98
1939765,Johnston city,9259,6331,106551,146580,1.3183,26.7,5.0,1,1,193,123,138
29147,Nodaway County,8460,4877,59315,78326,1.3182,27.5,14.9,1,1,295,262,224
48095,Concho County,814,495,65795,84923,1.3176,38.0,1.2,0,0,22,23,24
47135,Perry County,3610,2284,55972,74437,1.3175,34.0,2.7,1,1,3,58,64
0662644,Rolling Hills Estates city,2773,1406,191895,256384,1.3173,49.3,0.0,0,0,-50,19,-19
20089,Jewell County,1317,679,52634,67969,1.3173,43.6,4.9,0,0,53,18,14
17071,Henderson County,2704,1553,62227,82706,1.3171,40.0,2.6,0,0,22,77,76
35059,Union County,1438,841,46694,62899,1.3169,41.4,0.1,0,0,19,34,44
38087,Slope County,374,184,71250,95161,1.3167,39.6,11.2,0,0,11,6,4
3716400,Davidson town,5589,4072,166556,223494,1.3167,25.3,1.8,0,0,66,107,34
5584375,Waupaca city,2846,1746,52727,72188,1.3166,34.2,4.4,0,0,77,196,68
1743666,Lincolnshire village,3189,1973,185580,249733,1.3166,36.7,1.5,0,0,-4,77,-44
2919252,De Soto city,2606,1634,52500,68333,1.3165,25.9,11.4,0,0,121,202,88
2279240,Walker town,2349,1470,80707,100723,1.3164,31.3,6.1,0,0,52,59,48
1320064,Covington city,5662,4000,58810,77765,1.3158,28.4,1.0,0,0,-434,92,111
3454360,Ocean City city,5689,2863,101782,133771,1.3156,44.2,5.4,0,0,-168,22,-68
31145,Red Willow County,4504,2817,63697,85378,1.3156,32.4,5.0,1,1,-36,74,80
47133,Overton County,9071,5559,48959,64080,1.3155,35.6,3.2,1,1,166,240,336
31137,Phelps County,3916,2457,68919,90664,1.3151,29.9,7.4,1,1,180,145,107
3904500,Beachwood city,5930,3366,106748,143407,1.3151,41.1,2.1,0,0,-177,35,-173
27081,Lincoln County,2445,1447,69694,90734,1.3149,34.0,6.8,1,1,58,25,16
5181280,Vinton town,3655,2446,65445,83554,1.3148,28.3,4.8,0,0,204,369,268
22007,Assumption Parish,8830,5772,51423,68667,1.3146,29.5,5.1,1,1,103,66,103
3505220,Artesia city,4737,3487,74915,98267,1.3145,18.3,8.0,0,0,282,146,147
4244864,Lower Burrell city,5212,3171,84602,109857,1.3145,38.4,0.8,1,1,105,46,45
2117362,Corbin city,3128,2130,51065,68014,1.3145,26.5,5.4,0,0,19,166,171
29171,Putnam County,1791,1086,63510,83444,1.3144,37.6,1.8,1,1,31,22,17
2734244,Lake Elmo city,4714,3267,153669,205304,1.3144,29.0,1.7,0,0,-34,-62,-9
21109,Jackson County,5122,3585,40000,52546,1.3137,26.2,3.8,0,0,89,80,74
3945976,Macedonia city,4651,2889,101285,134449,1.3135,37.9,0.0,1,1,-140,-44,-137
1829718,Greensburg city,5272,3443,62655,82390,1.3135,27.0,7.7,1,1,303,245,146
20027,Clay County,3522,2005,66176,86559,1.3131,33.6,9.5,0,0,66,87,89
31045,Dawes County,3453,2113,56280,73125,1.3131,31.1,7.7,0,0,109,164,-26
4807492,Belton city,8328,5432,59130,76987,1.313,28.7,6.1,1,1,-472,-10,43
48255,Karnes County,4730,3094,60214,79319,1.313,27.9,6.7,0,0,-18,-53,-31
0181720,Wetumpka city,2700,1778,57763,77044,1.3127,27.1,7.0,0,0,-36,197,105
29151,Osage County,5287,3384,76681,101055,1.3126,29.9,6.1,1,1,158,100,86
4154900,Ontario city,4575,2985,46308,60081,1.3124,29.2,5.6,0,0,74,295,258
16025,Camas County,370,220,57955,75694,1.312,40.5,0.0,0,0,9,6,6
2977416,Washington city,6702,4351,79173,101616,1.3115,31.5,3.6,1,1,321,175,104
48041,Brazos County,91087,57809,58553,76946,1.3113,16.4,20.2,1,1,-2843,-487,583
4837420,Jasper city,3301,1933,45078,59156,1.3112,31.6,9.8,0,0,-295,-48,121
51045,Craig County,1735,1155,69057,94007,1.3111,33.0,0.5,0,0,20,38,37
27133,Rock County,4035,2566,71295,95047,1.3109,29.3,7.1,1,1,112,33,32
3079825,Whitefish city,4302,2838,73811,95562,1.3103,31.8,2.2,0,0,170,-7,-2
37115,Madison County,8342,5122,58531,76392,1.3103,37.8,0.8,1,1,254,226,44
3932340,Greenville city,6044,3571,47237,60772,1.3102,35.8,5.1,1,1,258,255,174
5583825,Waterford village,2463,1555,82404,111004,1.3099,33.9,2.9,0,0,81,63,77
2917218,Crestwood city,4915,3190,107169,142609,1.3097,34.1,1.0,1,1,26,-19,4
48109,Culberson County,868,389,58777,72157,1.3094,53.8,1.4,0,0,38,40,43
4854804,Palmview city,4966,3059,43963,58043,1.3084,34.7,3.7,0,0,141,146,96
20083,Hodgeman County,697,431,59955,78409,1.3078,36.7,1.4,0,0,4,31,34
2628360,Flat Rock city,3924,2807,81585,110630,1.3078,27.3,1.1,0,0,137,46,59
19077,Guthrie County,4600,2830,77711,102224,1.3078,35.1,3.4,1,1,90,11,9
3655574,Oswego city,7242,4444,53172,69069,1.3076,27.3,11.4,1,1,-198,-167,118
1972390,Sheldon city,2195,1411,62159,82500,1.3075,27.2,8.6,0,0,165,133,57
47083,Houston County,3353,2208,59576,77783,1.3074,31.4,2.7,1,1,170,174,166
48143,Erath County,16816,10300,65115,85912,1.3072,25.3,13.5,1,1,-28,195,143
5350570,Ocean Shores city,3830,1693,58202,75166,1.3069,55.3,0.5,0,0,-91,-25,-74
1271225,Tavares city,9154,4588,58886,76826,1.3069,49.0,0.9,1,1,142,25,47
0283080,Wasilla city,4183,2848,67234,85289,1.3066,25.3,6.6,0,0,2,11,24
4231656,Grove City borough,2514,1632,57169,77052,1.3066,29.2,5.8,0,0,105,115,131
5527300,Franklin city,14138,9369,106894,137704,1.3063,32.6,1.2,1,1,158,210,158
48365,Panola County,8898,5795,64894,82393,1.3063,32.6,2.3,1,1,249,226,184
48371,Pecos County,5238,3700,72750,97461,1.3058,26.9,2.5,1,1,200,248,279
21039,Carlisle County,1865,1188,62439,83640,1.3057,34.0,2.3,0,0,86,70,74
1742795,Lemont village,6412,4247,123370,162534,1.3056,33.8,0.0,0,0,-25,52,-23
48335,Mitchell County,2758,1861,60550,79225,1.3056,29.1,3.4,0,0,92,95,52
21097,Harrison County,7293,4706,66442,88754,1.3056,32.6,2.9,0,0,358,206,192
3905228,Bellevue city,3333,2245,53875,72393,1.3054,29.0,3.7,0,0,128,139,146
1623410,Eagle city,12812,8288,122894,158902,1.3053,34.4,1.0,1,1,-50,71,-12
39123,Ottawa County,18504,11138,76101,99540,1.3051,37.8,2.0,1,1,366,239,219
5326735,Gig Harbor city,5299,2876,118395,146417,1.305,44.0,1.8,0,0,-56,96,-10
3904416,Bay Village city,6142,4094,132254,173358,1.3048,33.2,0.2,1,1,22,47,10
1866852,St. John town,7844,5070,131467,176869,1.3047,35.2,0.1,1,1,8,10,30
2670960,St. Joseph city,4193,2558,84057,108711,1.3047,30.1,8.8,1,1,231,167,216
3058750,Polson city,2380,1344,53418,69578,1.3046,36.8,6.7,0,0,30,69,52
29065,Dent County,5618,3378,56312,72470,1.3045,36.7,3.2,1,1,163,127,135
3929610,Geneva city,2656,1446,53557,70270,1.3043,36.3,9.2,0,0,182,133,33
0101708,Andalusia city,3148,1951,42611,55787,1.3039,34.2,3.8,0,0,36,103,104
72091,Manatí Municipio,15510,9079,22683,29772,1.3039,40.0,1.4,1,1,-183,-86,338
51147,Prince Edward County,7641,4398,56315,72373,1.3036,31.7,10.8,1,1,133,195,240
48191,Hall County,1169,689,48459,62348,1.3036,37.0,4.0,1,1,25,44,25
46009,Bon Homme County,2418,1386,64435,84349,1.3033,36.7,6.0,0,0,79,61,40
4746240,Martin city,4265,2466,43381,56667,1.3033,17.1,25.1,0,0,-345,71,218
3980304,Wadsworth city,10489,6926,79490,101560,1.3032,30.7,3.3,1,1,515,166,158
2355225,Old Town city,3192,2095,51585,70223,1.3028,27.5,6.9,0,0,-79,38,57
54053,Mason County,10211,6225,49761,64883,1.3027,36.3,2.8,0,0,208,145,175
48503,Young County,7643,4581,68010,88920,1.3027,33.3,6.8,0,0,52,134,127
13161,Jeff Davis County,5484,3704,40283,52612,1.3026,29.7,2.8,0,0,146,224,109
31161,Sheridan County,2108,1129,60121,78432,1.3024,41.5,5.0,1,1,121,101,47
3738860,Locust city,2193,1359,76504,101508,1.3024,37.3,0.7,1,1,34,-16,21
0611446,Carpinteria city,5138,2868,100658,131405,1.3023,41.6,2.6,0,0,-179,-154,89
37189,Watauga County,21198,11369,51693,67742,1.3021,28.7,17.7,1,1,-656,-466,-187
51159,Richmond County,3177,1900,66304,90902,1.3019,38.1,2.1,1,1,66,45,45
5549300,Marinette city,5137,3357,58638,77069,1.3016,28.3,6.4,1,1,218,243,144
3944674,London city,4646,3225,60231,78337,1.3013,27.5,3.1,0,0,330,216,19
4715580,Clinton city,4355,2708,68882,88632,1.3013,35.8,2.0,1,1,39,49,88
0168160,Saraland city,6820,4165,61509,81419,1.3011,35.0,3.9,0,0,-145,128,144
3911360,Canfield city,3267,1831,97439,125829,1.3009,44.0,0.0,0,0,72,6,97
42035,Clinton County,15424,9592,60816,79123,1.3005,31.3,6.5,1,1,397,496,447
3903352,Avon city,9502,6620,135915,171889,1.3004,29.4,0.9,1,1,-4,50,-37
2744242,Morris city,2130,1236,67727,85801,1.3003,23.7,18.3,0,0,60,85,62
2144344,Lebanon city,2676,1826,45479,59277,1.3,27.7,4.0,0,0,130,163,216
01075,Lamar County,5086,3071,50000,64992,1.2998,37.3,2.3,0,0,152,233,182
4067850,Skiatook city,3376,2357,57480,75367,1.2998,25.1,5.0,1,0,99,157,58
21071,Floyd County,14700,9436,41279,54264,1.2997,32.8,3.0,1,0,-149,209,540
20051,Ellis County,12251,7315,63084,82683,1.2996,25.2,15.1,1,0,217,413,280
1875986,Tipton city,2207,1372,59828,77662,1.2995,32.3,5.5,1,0,49,157,207
22037,East Feliciana Parish,6401,3866,73085,95205,1.2995,38.4,1.2,0,0,57,47,46
54061,Monongalia County,44629,28560,65346,84913,1.2991,20.9,15.1,1,0,897,1271,806
48137,Edwards County,404,224,40313,52766,1.2989,44.3,0.2,0,0,-1,15,9
47109,McNairy County,9939,6201,53473,69912,1.2984,35.1,2.5,1,0,216,249,242
2519365,Easthampton city,7642,4782,71673,93366,1.2982,32.5,4.9,1,0,115,169,
0169120,Selma city,7974,5230,33197,41931,1.2976,28.5,5.9,0,0,-391,194,244
72051,Dorado Municipio,12768,8444,36391,46997,1.2976,33.4,0.5,0,0,180,273,244
48389,Reeves County,4224,2835,64297,81708,1.2974,24.6,8.2,1,0,38,35,32
48211,Hemphill County,1476,919,61563,82966,1.2974,34.9,2.8,0,0,51,33,-21
4866764,Seminole city,2601,1714,60390,79380,1.2974,27.3,6.8,0,0,-9,155,190
54021,Gilmer County,2254,1351,47981,61038,1.2973,36.8,3.2,0,0,95,105,101
37145,Person County,16063,10250,63300,83228,1.2972,33.4,2.8,1,0,341,247,211
5538800,Kaukauna city,7298,5169,80365,104522,1.2969,24.3,4.9,1,0,267,131,116
1712385,Champaign city,36815,22024,56118,73249,1.2968,16.7,23.5,1,0,-1941,357,443
4962470,Provo city,34022,18665,64171,83708,1.2967,13.0,32.1,1,0,584,1041,306
5556375,New Berlin city,17064,10671,101091,131250,1.2965,35.9,1.6,1,0,526,177,401
2857160,Picayune city,4544,2844,41213,53033,1.2964,35.4,2.0,0,0,-122,-52,226
0504840,Bella Vista city,13435,7576,88055,116082,1.2961,43.2,0.4,1,0,133,109,148
40119,Payne County,32609,19233,49809,64610,1.2959,22.4,18.6,1,0,-530,1103,664
1272325,Treasure Island city,3853,1958,87107,121147,1.2957,48.9,0.3,0,0,8,-25,-28
4036750,Idabel city,2437,1440,43295,56593,1.2957,34.8,6.1,0,0,3,56,51
06015,Del Norte County,9522,5822,67058,87823,1.2956,37.2,1.6,0,0,-13,82,85
1850760,Monticello city,2481,1540,52798,67177,1.2955,37.0,1.0,0,0,-83,101,71
2913600,Chesterfield city,20811,12269,133037,172806,1.2951,37.7,3.4,1,0,400,536,319
3638781,Johnstown city,3943,2296,63763,81726,1.2946,31.7,10.1,0,0,390,206,110
72117,Rincón Municipio,5849,3386,24447,31609,1.2946,41.3,0.8,0,0,78,106,127
21203,Rockcastle County,6534,4204,48862,63728,1.2945,32.5,3.2,0,0,83,92,176
38009,Bottineau County,2674,1594,85000,103307,1.2942,38.6,1.8,1,0,83,40,34
5173200,Smithfield town,3584,2593,113158,148595,1.2939,26.0,1.6,0,0,53,38,63
2767612,Waite Park city,3559,2144,59285,75860,1.2938,32.6,7.2,0,0,-98,50,167
29045,Clark County,2423,1503,51781,69202,1.2937,36.3,1.7,1,0,56,92,79
4208760,Bristol borough,4018,2642,76042,97907,1.2936,32.3,1.9,0,0,-118,-7,80
5323970,Fircrest city,2987,2128,113926,151601,1.2931,27.6,1.1,0,0,12,63,-39
20063,Gove County,1168,708,66029,84420,1.2931,35.1,4.3,1,0,20,24,18
0118976,Cullman city,8038,5323,61224,81492,1.293,29.4,4.4,1,0,222,360,371
5523300,Elkhorn city,4207,2813,77649,99744,1.2929,25.4,7.8,0,0,211,241,91
38037,Grant County,1059,593,57875,75126,1.2928,43.5,0.5,0,0,11,7,-3
3637275,Ilion village,3549,2255,62843,79587,1.2925,35.2,1.3,1,0,177,115,86
32033,White Pine County,3359,2092,72865,89762,1.2921,34.9,2.8,0,0,50,76,80
17135,Montgomery County,11319,6979,63620,82020,1.2919,34.7,3.6,1,0,265,315,226
3967356,Rittman city,2360,1713,60154,77868,1.2914,22.6,4.8,1,0,78,66,44
0640256,La Palma city,5118,3428,117989,144386,1.2911,33.0,0.0,0,0,-192,-3,45
19043,Clayton County,7509,4466,67242,86946,1.2909,35.4,5.2,1,0,202,193,155
29167,Polk County,12059,7636,59647,76916,1.2908,32.1,4.6,1,0,447,366,318
1703844,Barrington village,4297,2853,147989,191259,1.2907,33.4,0.2,0,0,35,38,11
5373290,Union Gap city,2242,1541,59651,76709,1.2905,25.3,6.0,0,0,36,131,89
08025,Crowley County,1337,859,48826,61875,1.2901,34.3,1.5,0,0,-20,7,30
20007,Barber County,1828,1045,61926,83854,1.2901,32.5,10.3,1,0,38,54,52
5529400,Glendale city,6087,3503,78092,100252,1.29,39.4,3.0,1,0,-129,109,92
1875248,Tell City city,3492,2170,52949,68160,1.29,32.3,5.5,1,0,64,146,49
31101,Keith County,4051,2217,60645,78798,1.2892,39.1,6.1,0,0,205,172,66
16035,Clearwater County,3636,2103,60000,77351,1.2892,41.3,0.8,1,0,51,97,89
26141,Presque Isle County,6655,3431,59321,76665,1.2891,43.2,5.3,1,0,43,18,15
4865660,Sansom Park city,1728,927,42257,56067,1.2891,34.7,11.6,0,0,-155,-138,34
4211232,Carbondale city,3751,2356,47716,60851,1.2891,33.5,3.7,0,0,-8,48,140
5669845,Sheridan city,8601,5346,62867,83745,1.289,31.9,6.0,0,0,248,309,231
1777005,Urbana city,16856,9624,45346,58581,1.2888,18.0,24.9,1,0,-1593,-344,268
3428800,Haddon Heights borough,3200,2046,133125,170685,1.2886,35.3,0.8,1,0,32,51,26
0664434,San Anselmo town,5224,3438,173641,223511,1.2885,34.2,0.0,0,0,22,84,30
1727442,Fox Lake village,5281,3424,70819,90256,1.2883,30.1,5.1,1,0,66,130,14
4819432,Dayton city,3110,2267,59691,76225,1.2881,24.2,2.9,0,0,59,114,80
27169,Winona County,20253,12306,70744,90455,1.288,27.9,11.4,1,0,596,587,388
3603078,Auburn city,11875,7414,51052,65386,1.2876,33.6,4.0,1,0,-205,339,396
3958730,Oregon city,8025,4846,82197,107759,1.2876,36.2,3.4,1,0,259,125,180
06041,Marin County,103018,62627,149091,191994,1.2875,38.1,1.1,1,0,-670,-387,155
27125,Red Lake County,1671,1021,77188,98945,1.2874,36.6,2.3,1,0,39,25,21
1729938,Glenview village,18448,10933,143056,185952,1.2874,40.0,0.7,1,0,-33,156,-223
55001,Adams County,9517,5060,59442,76535,1.2874,45.0,1.8,1,0,218,211,87
42037,Columbia County,26350,16692,64644,82473,1.2873,31.5,5.1,1,0,813,1015,815
38045,LaMoure County,1745,991,80664,100401,1.2873,38.7,4.5,1,0,29,22,18
5562240,Pewaukee city,6976,4474,108350,138912,1.287,34.5,1.4,1,0,70,98,70
4203928,Baldwin borough,8855,5687,80983,104675,1.2867,32.3,3.5,1,0,235,107,90
08061,Kiowa County,585,361,58618,74583,1.2863,34.4,3.9,0,0,45,54,28
3644787,Malverne village,3017,1912,149489,191197,1.286,36.6,0.0,1,0,6,16,10
2622880,Dowagiac city,2565,1691,48166,60888,1.2859,29.8,4.3,0,0,23,88,143
13125,Glascock County,1036,718,54934,72339,1.2858,28.8,1.9,0,0,49,56,69
08115,Sedgwick County,1022,587,52386,67500,1.2857,36.6,6.0,0,0,21,22,-7
3704840,Belmont city,6387,4456,94883,125908,1.2857,27.7,2.6,0,0,236,69,126
48383,Reagan County,1033,748,57813,75291,1.2857,26.8,0.8,0,0,37,39,30
5563250,Platteville city,4134,2271,43083,55840,1.2857,21.0,24.0,0,0,6,98,91
21027,Breckinridge County,8069,5048,55843,70775,1.2855,34.0,3.4,1,0,90,176,196
28095,Monroe County,13895,8994,51866,66304,1.2853,31.5,3.8,1,0,190,398,367
29185,St. Clair County,4071,2319,53043,67943,1.2852,40.2,2.8,1,0,91,127,130
05039,Dallas County,2558,1506,42500,55270,1.2851,39.6,1.6,0,0,48,97,37
48219,Hockley County,7915,5321,63140,81126,1.2848,26.6,6.2,1,0,221,269,264
1320932,Cumming city,2709,1712,85868,115524,1.2848,30.5,6.3,0,0,-70,-21,-9
1718992,Deerfield village,7515,4868,181660,234759,1.2847,34.2,1.0,0,0,58,152,-15
1262500,St. Augustine city,6529,3853,78151,101121,1.2847,34.9,6.1,0,0,-233,83,73
3749800,Oxford city,3851,2220,43054,55357,1.2846,41.2,1.1,0,0,-217,-41,176
05025,Cleveland County,2931,1920,54794,70821,1.2845,32.4,2.1,0,0,45,42,31
26073,Isabella County,24914,14798,55237,71291,1.2844,23.0,17.6,1,0,308,856,883
08021,Conejos County,3164,2036,50978,65257,1.2842,34.3,1.3,1,0,65,76,33
0642468,Lomita city,7326,4946,93810,122214,1.2841,28.7,3.8,0,0,-104,-94,250
08099,Prowers County,4733,2796,53508,70000,1.284,31.1,9.8,1,0,41,123,145
2917272,Creve Coeur city,8158,4670,127188,163427,1.284,36.4,6.3,1,0,178,262,229
20043,Doniphan County,2724,1666,74028,94643,1.284,36.6,2.3,1,0,96,49,56
29025,Caldwell County,3769,2418,64806,82446,1.2839,30.4,5.4,1,0,127,143,58
21159,Martin County,3854,2454,37042,47448,1.2838,34.8,1.5,0,0,5,13,7
2975220,University City city,15782,10245,80694,106534,1.2836,25.7,9.4,0,0,250,269,261
1743744,Lincolnwood village,4621,2584,109731,141952,1.2835,44.1,0.0,0,0,16,-76,-48
2700694,Albert Lea city,7788,4570,64603,82121,1.2834,38.5,2.8,1,0,4,15,79
4945090,Lindon city,3381,2322,120956,146552,1.2834,29.0,2.3,1,0,-31,19,-29
2923752,Farmington city,6589,4129,53729,69249,1.2832,31.6,5.7,0,0,131,392,513
01057,Fayette County,6255,3882,49488,63750,1.2832,35.6,2.3,1,0,100,153,133
3945094,Louisville city,4238,2817,64375,82930,1.2832,30.2,3.4,1,0,154,102,44
5574625,Somers village,3254,2170,80488,101083,1.2831,24.9,8.4,1,0,-34,134,85
30083,Richland County,4422,3119,73084,92836,1.2831,25.2,4.3,0,0,178,93,94
08113,San Miguel County,4604,3013,79024,101361,1.2831,22.3,12.2,0,0,161,58,-23
1764707,Robinson city,2587,1611,73993,93698,1.2831,33.0,4.7,0,0,94,80,77
3748345,Oak Island town,4602,2117,85872,111845,1.283,53.8,0.2,0,0,-12,-1,-13
1243125,Margate city,24297,15490,62450,81971,1.2829,35.5,0.8,1,0,-818,-775,-28
13027,Brooks County,6052,3767,46807,60468,1.2829,34.8,3.0,0,0,53,143,219
3648890,Mount Kisco village,4367,2972,96534,122449,1.2829,30.8,1.1,0,0,-6,33,97
5621125,Douglas city,2794,1966,83147,106572,1.2828,25.1,4.5,0,0,33,27,23
4103650,Baker City city,4468,2695,61580,80933,1.2827,37.1,2.6,1,0,77,208,208
05087,Madison County,6463,4231,56798,72468,1.2827,31.2,3.4,0,0,134,126,64
3448690,Mount Arlington borough,2799,1723,92264,125979,1.2826,37.0,1.5,0,0,-83,-100,-54
1748333,Mendota city,2809,1866,51632,66799,1.2826,29.3,4.3,0,0,176,57,53
2977128,Warrenton city,3522,2463,61031,79841,1.2823,26.1,3.9,0,0,109,185,86
4849968,Muleshoe city,1785,1202,69097,84012,1.2822,31.3,1.3,0,0,33,51,49
51089,Henry County,21043,12448,50760,65070,1.2822,37.7,3.2,1,0,643,734,715
3440290,Lincoln Park borough,3973,2841,123397,157695,1.2822,28.1,0.4,0,0,34,106,55
4819528,Decatur city,3059,1886,73179,92301,1.2822,35.9,2.5,0,0,23,33,27
4740180,La Follette city,3350,2185,37581,49356,1.282,28.8,6.0,0,0,39,152,205
27157,Wabasha County,9156,5773,82007,105240,1.2819,34.1,2.9,1,0,188,72,69
2633420,Grand Ledge city,3578,2193,68980,90104,1.2819,35.6,3.1,0,0,220,100,73
22113,Vermilion Parish,21797,14683,55707,72312,1.2816,27.5,5.1,1,0,346,693,701
2280955,West Monroe city,4951,3350,49386,63481,1.2816,27.8,4.6,0,0,127,268,401
05081,Little River County,4820,3180,53344,68978,1.2815,32.8,1.3,0,0,144,33,62
3918812,Cortland city,3142,1801,71563,94740,1.2815,41.6,1.1,0,0,29,53,54
29205,Shelby County,2391,1533,51594,66808,1.2812,32.9,3.0,1,0,59,83,71
2680420,Trenton city,7888,4756,82212,108081,1.2812,38.4,1.3,1,0,199,151,167
3940642,Kirtland city,2802,1675,110455,150141,1.2812,40.2,0.0,0,0,17,19,17
2670680,St. Clair city,2404,1599,69688,86215,1.2811,30.7,2.8,0,0,155,116,47
13147,Hart County,11034,6828,59385,76024,1.281,36.2,1.9,1,0,152,328,325
1746916,Marion city,8260,5304,56912,74237,1.2809,33.8,2.0,1,0,40,274,182
2151978,Middletown city,4405,2788,82537,105947,1.2809,31.8,4.9,1,0,-42,83,79
4183750,Woodburn city,9640,5920,67347,89468,1.2808,35.0,3.5,0,0,-266,202,242
3720080,Eden city,6410,3992,47260,61520,1.2806,29.3,8.4,0,0,-102,340,260
4215384,Columbia borough,4568,2833,54437,70711,1.2806,33.7,4.2,0,0,-247,-86,63
0830835,Golden city,7780,5203,98582,127004,1.2806,22.5,10.6,0,0,37,-110,-73
17025,Clay County,5311,3384,60417,77408,1.2805,34.0,2.3,1,0,235,262,225
3653396,Northport village,3064,1695,146921,189407,1.2804,44.0,0.7,0,0,52,79,66
35023,Hidalgo County,1478,848,48882,63000,1.2803,40.9,1.8,0,0,7,-2,9
39073,Hocking County,11568,7437,62960,81483,1.2803,31.7,4.0,1,0,115,220,191
4875476,Vidor city,3937,2683,62192,80404,1.2803,26.7,5.2,0,0,183,234,216
22123,West Carroll Parish,3850,2374,49134,62538,1.2802,36.7,1.6,0,0,115,33,64
21149,McLean County,3641,2356,65596,85900,1.2802,31.6,3.7,1,0,94,96,80
53013,Columbia County,1862,1069,71810,89304,1.2802,39.6,3.0,0,0,69,35,19
0670588,Scotts Valley city,5036,3140,143750,178780,1.2802,37.2,0.5,1,0,33,77,112
31075,Grant County,284,172,70147,81429,1.2799,35.2,4.2,0,0,18,26,24
0636980,Jackson city,2385,958,70239,90545,1.2798,54.9,4.9,0,0,-28,12,25
1704078,Batavia city,10708,7052,120056,151971,1.2798,33.0,1.1,1,0,57,43,49
28057,Itawamba County,9619,6224,55546,73206,1.2797,29.4,5.9,0,0,227,309,285
1911755,Cedar Falls city,15908,8890,76987,99734,1.2797,25.8,18.3,1,0,8,78,-43
4222264,Economy borough,3790,2198,95313,119851,1.2796,41.9,0.1,1,0,36,13,22
4826808,Fort Stockton city,3189,2290,84784,102489,1.2795,25.1,3.1,0,0,79,55,78
72063,Gurabo Municipio,15846,11080,42216,54408,1.2793,28.8,1.3,1,0,306,412,281
38001,Adams County,1030,609,62500,81125,1.2791,34.9,6.0,0,0,28,32,11
05105,Perry County,4094,2595,55764,72300,1.279,33.6,3.0,0,0,115,93,45
1729639,Glen Carbon village,5836,3747,97168,126697,1.2788,31.2,4.6,0,0,377,56,188
2014650,Colby city,2131,1364,63494,80357,1.2787,25.6,10.4,0,0,93,48,15
2764570,Thief River Falls city,4198,2611,71144,90561,1.2786,28.5,9.3,0,0,273,217,106
2807780,Booneville city,3321,2231,50879,64969,1.2785,29.8,3.0,0,0,186,69,57
1365464,Riverdale city,5747,4181,63455,80325,1.2783,20.8,6.4,0,0,-569,-39,169
3747000,Newton city,5286,3223,62015,80517,1.2783,33.6,5.4,0,0,141,162,141
3144420,Seward city,2787,1643,72564,93379,1.2783,29.9,11.2,0,0,132,47,24
3413420,Clementon borough,2219,1395,62979,85646,1.2781,34.5,2.6,0,0,-19,-48,23
3975098,Strongsville city,19118,11822,103253,132536,1.2781,35.9,2.2,1,0,255,155,247
56015,Goshen County,5200,2993,58929,75737,1.278,38.1,4.3,1,0,166,175,53
48435,Sutton County,1273,829,78906,103076,1.278,31.4,3.5,0,0,59,41,65
19053,Decatur County,3055,1724,59044,75181,1.2779,34.3,9.3,0,0,222,176,45
55011,Buffalo County,5720,3494,70479,91000,1.2777,36.4,2.6,1,0,189,159,137
5577200,Stevens Point city,10843,6260,58031,74693,1.2777,21.3,20.9,1,0,481,766,380
4801600,Alamo Heights city,3146,2188,183088,222547,1.2777,28.8,1.6,0,0,5,22,110
1974415,Spirit Lake city,2716,1525,65720,84942,1.2776,29.6,14.2,0,0,202,234,109
54093,Tucker County,2840,1618,53358,69628,1.2775,41.2,1.8,0,0,74,85,75
1712567,Charleston city,7447,4124,49300,62760,1.2775,23.8,20.8,1,0,176,592,318
2946640,Maryville city,4230,2242,53352,66076,1.2774,24.4,22.6,0,0,112,120,148
4769320,Smithville city,2185,1554,33192,42283,1.2772,27.5,1.4,0,0,-137,-167,82
3969834,Salem city,5141,3066,47073,61490,1.2771,34.3,6.0,0,0,-49,352,251
1880504,Washington city,4925,3296,50331,64449,1.277,29.2,3.9,0,0,-7,235,134
2737448,Litchfield city,2914,1705,54875,69133,1.2768,34.4,7.1,0,0,-27,74,7
1243175,Marianna city,2820,1866,40414,52016,1.2768,25.2,8.7,0,0,-126,113,66
3976106,Tallmadge city,7439,4634,89410,113950,1.2768,35.8,1.9,1,0,132,87,116
0569740,Tontitown city,2486,1703,85603,117682,1.2768,25.3,6.2,0,0,149,60,103
5424580,Elkins city,2965,1933,44217,56101,1.2766,28.4,6.4,0,0,-106,-64,102
16065,Madison County,13326,6998,60160,77030,1.2766,11.8,35.6,1,0,723,1234,915
1202400,Atlantic Beach city,5941,3501,118935,151574,1.2764,40.0,1.1,0,0,-19,7,13
2545245,Newburyport city,8107,5236,139625,182988,1.2764,34.6,0.8,1,0,35,121,108
0171976,Spanish Fort city,4183,2655,99346,125839,1.2761,35.0,1.6,0,0,177,61,169
3931402,Granville village,1859,997,124408,157839,1.2758,44.1,2.3,0,0,12,15,18
1368208,Sandersville city,1880,1269,49833,63547,1.2758,30.3,2.2,0,0,-22,29,82
3625384,Farmingdale village,3531,2286,122980,154802,1.2758,33.9,1.4,1,0,-64,40,48
5530000,Grafton village,5575,3394,89861,111988,1.2757,33.8,5.3,1,0,20,93,94
72047,Corozal Municipio,11512,6679,23797,30471,1.2757,40.8,1.2,1,0,-52,215,246
2967700,Shrewsbury city,3071,1721,80757,109208,1.2755,39.7,4.3,0,0,139,121,101
4224392,Exeter borough,2494,1520,57639,71912,1.2754,36.6,2.4,0,0,17,80,91
4643100,Mitchell city,7305,4289,58620,74971,1.2754,32.3,9.0,1,0,174,412,266
72029,Canóvanas Municipio,15816,10212,29642,37797,1.2753,33.7,1.8,1,0,442,384,281
31021,Burt County,2929,1811,63685,79642,1.2753,34.9,3.2,1,0,154,93,31
54001,Barbour County,6152,3734,51394,66685,1.2752,34.5,4.8,0,0,129,201,321
3400700,Allendale borough,2504,1642,160162,192328,1.2752,33.0,1.4,0,0,43,49,-11
5556925,New London city,3363,2332,60612,77027,1.2752,26.6,4.1,1,0,138,150,38
18123,Perry County,7758,5065,61151,77232,1.2752,31.4,3.3,1,0,225,195,125
0613014,Chico city,42943,25576,66977,85495,1.2749,22.5,17.9,1,0,-2651,-1223,-747
17013,Calhoun County,1239,750,93203,117857,1.2748,39.0,0.5,1,0,5,11,11
53049,Pacific County,10977,5812,67081,84843,1.2747,46.2,0.8,1,0,87,219,183
0843110,Lamar city,3008,1795,53188,68646,1.2747,25.9,14.5,0,0,-37,58,122
2668880,Riverview city,4902,2709,73468,91969,1.2746,38.8,6.0,0,0,239,150,114
23003,Aroostook County,29932,17990,56700,72461,1.2745,36.9,3.0,1,0,580,773,391
0669112,Santa Cruz city,21713,12917,115475,148028,1.2745,27.3,13.3,1,0,-763,-86,869
01033,Colbert County,24301,15578,60628,77362,1.2745,30.9,5.0,1,0,752,856,698
1745434,Lyons village,4022,2775,70993,89849,1.2744,30.0,1.0,0,0,5,40,-17
19001,Adair County,3236,2057,68092,86259,1.2743,31.8,4.7,1,0,91,127,85
1050670,Newark city,8594,4732,76912,97675,1.2743,25.9,19.0,1,0,-424,-283,-218
2500840,Agawam Town city,11979,7418,85421,108484,1.2742,36.9,1.2,1,0,253,250,147
4134900,Hood River city,3569,2506,85647,111564,1.2741,27.8,2.0,0,0,23,-118,-134
48287,Lee County,6984,4625,76371,98118,1.2741,29.9,3.8,0,0,150,97,106
55089,Ozaukee County,38309,24189,96996,124162,1.274,33.8,3.0,1,0,1067,212,719
2975472,Valley Park city,3219,2144,67898,88645,1.274,28.8,4.6,0,0,-215,-39,51
5582575,Vernon village,2978,1654,120000,150000,1.274,44.5,0.0,1,0,10,2,
2979882,Willard city,2180,1566,84600,108203,1.274,20.7,7.5,0,0,104,74,89
5555275,Muskego city,10267,6999,112221,142332,1.2734,30.6,1.2,1,0,79,32,106
08019,Clear Creek County,4677,3061,94577,122585,1.2733,33.1,1.5,1,0,85,35,38
2831780,Hernando city,6943,4911,76950,98623,1.273,28.0,1.3,1,0,91,102,94
46089,McPherson County,915,425,66906,87007,1.2729,43.9,9.6,0,0,25,33,29
4115800,Corvallis city,23980,13490,65012,84235,1.2729,22.8,21.0,1,0,-1406,-703,-109
19147,Palo Alto County,3782,2280,72781,91314,1.2728,33.6,6.1,1,0,85,64,48
4422960,East Providence city,20836,13855,75912,96563,1.2727,31.5,2.0,1,0,-24,72,105
08013,Boulder County,137008,89114,103994,133583,1.2727,25.8,9.2,1,0,-2751,-583,-592
25015,Hampshire County,62114,37637,87001,111646,1.2726,32.7,6.7,1,0,-438,-57,286
51185,Tazewell County,16290,9757,47313,60541,1.2726,37.4,2.7,1,0,408,441,443
1958620,Oelwein city,2610,1542,46653,60157,1.2724,34.8,6.2,0,0,-65,-51,6
2155884,Newport city,6965,4756,60853,79241,1.2723,25.2,6.5,1,0,35,101,150
2643300,Kingsford city,2255,1176,61635,80769,1.2721,38.2,9.7,1,0,93,85,72
48265,Kerr County,22615,12050,69395,88788,1.2721,43.2,3.5,1,0,409,303,250
3710550,Carolina Shores town,2627,979,76087,97781,1.272,62.2,0.5,0,0,-28,-20,
3429430,Hammonton town,5721,3707,78087,104793,1.272,35.1,0.1,0,0,-321,17,22
28111,Perry County,4647,2925,49634,62996,1.272,34.1,2.9,0,0,36,225,136
4773900,Thompson's Station town,2906,2124,132647,173350,1.2718,23.2,3.7,0,0,19,25,-73
31149,Rock County,600,329,58125,74830,1.2716,38.0,7.2,0,0,19,14,17
28045,Hancock County,20237,12772,67708,86689,1.2715,34.5,2.4,1,0,14,275,276
2639540,Howell city,4862,3091,60449,77293,1.2715,27.3,9.2,0,0,-97,189,54
01039,Covington County,14642,8947,52456,66999,1.2715,36.1,2.8,1,0,359,374,330
45081,Saluda County,7670,4999,51009,65080,1.2714,31.9,3.0,1,0,118,113,91
4284512,Whitehall borough,6727,3986,89404,110513,1.2711,36.0,4.7,1,0,89,25,26
47085,Humphreys County,7241,4596,60616,77411,1.271,34.9,1.6,0,0,202,181,153
4253736,New Kensington city,6220,4068,49063,62491,1.271,30.8,3.8,0,0,22,92,106
3983622,Westlake city,14424,9091,112200,141154,1.2709,34.7,2.3,1,0,220,164,285
02068,Denali Borough,565,369,80781,100543,1.2709,28.1,6.5,0,0,37,19,11
0633182,Hemet city,32585,19862,57719,73384,1.2709,37.0,2.0,1,0,-767,-705,-480
1723620,Elmhurst city,16795,11388,149644,190100,1.2708,31.7,0.5,1,0,159,252,-16
2552490,Peabody city,22390,13770,96657,122193,1.2707,37.6,0.9,1,0,-313,-753,412
31183,Wheeler County,359,191,70250,83446,1.2705,45.7,1.1,0,0,18,16,10
2740688,Marshall city,5627,3641,68566,84375,1.2704,28.2,7.1,1,0,317,345,202
2713870,Crookston city,3332,2297,57315,69346,1.2704,28.7,2.4,0,0,-17,-25,60
2902548,Aurora city,2940,1989,49848,63185,1.2703,31.6,0.8,0,0,10,154,146
3952752,Mount Healthy city,2919,1927,54565,71704,1.2703,30.0,4.0,0,0,-169,130,128
2253545,Natchitoches city,6691,3764,37133,47520,1.2702,23.5,20.3,0,0,-284,-260,188
2732498,Kasson city,2640,1874,93333,112889,1.2701,26.4,2.6,0,0,-20,4,0
4837156,Jacinto City city,2975,2280,47318,60050,1.27,19.5,3.9,0,0,-7,-185,133
2507740,Braintree Town city,14432,10303,122214,156540,1.2698,28.2,0.5,1,0,-191,174,-59
2212665,Carencro city,4443,3260,63401,77053,1.2695,23.7,2.9,0,0,102,228,187
3985638,Willowick city,6354,4342,77228,102366,1.2695,29.0,2.7,1,0,310,297,271
2652080,Marysville city,4322,2696,66901,85422,1.2694,35.2,2.4,0,0,23,46,36
3645997,Massapequa Park village,5978,3932,171953,221435,1.2693,34.2,0.0,0,0,8,9,7
1273900,Venice city,15027,4670,76755,97838,1.2691,67.5,1.4,1,0,-151,24,49
39173,Wood County,54257,34358,74216,94346,1.269,26.5,10.2,1,0,2020,1347,1344
29179,Reynolds County,2335,1379,45028,57138,1.269,38.2,2.7,1,0,69,98,100
4716920,Cookeville city,14814,8888,51375,65232,1.2689,22.5,17.5,0,0,146,421,728
47067,Hancock County,2828,1600,34960,44352,1.2688,39.9,3.5,0,0,55,-15,27
48323,Maverick County,18080,13022,49568,62944,1.2687,25.8,2.2,1,0,132,599,387
4282704,West Chester borough,7774,5170,78385,98322,1.2687,19.7,13.8,0,0,-676,-159,100
1814734,Columbus city,21726,15051,77456,98506,1.2687,24.0,6.7,1,0,777,758,756
38029,Emmons County,1528,838,66538,85219,1.2686,42.3,2.9,1,0,14,10,10
72065,Hatillo Municipio,13676,8557,28146,35232,1.2684,35.9,1.5,1,0,88,277,101
31179,Wayne County,3753,2093,66215,85525,1.2683,27.8,16.4,1,0,184,172,118
3946312,Madeira city,3460,2408,167653,211875,1.2683,28.1,2.3,0,0,32,37,11
40141,Tillman County,2668,1628,48939,61812,1.2682,34.8,4.2,0,0,59,76,77
0451600,Oro Valley town,21800,10648,107117,135601,1.2682,49.1,2.0,1,0,269,243,316
1746500,Manteno village,3761,2200,97634,121636,1.2681,40.5,1.0,0,0,120,61,121
38051,McIntosh County,1196,657,64419,82378,1.268,41.5,3.6,1,0,10,67,44
1654550,Moscow city,10166,6158,57022,70985,1.268,17.0,22.4,1,0,491,401,32
54079,Putnam County,23251,15756,79527,101620,1.2678,29.8,2.5,1,0,501,224,207
16049,Idaho County,6776,3590,66325,84379,1.2678,43.6,3.4,1,0,189,295,283
29125,Maries County,3428,2191,59455,75449,1.2677,34.4,1.7,0,0,112,127,129
5367455,Stanwood city,3071,2061,90242,113498,1.2677,28.8,4.1,0,0,-112,-105,13
27011,Big Stone County,2136,1278,70400,87975,1.2676,38.4,1.7,1,0,46,12,4
4827648,Friendswood city,14948,10502,126508,161962,1.2671,28.0,1.8,1,0,113,169,-130
1753000,Niles village,11481,6307,75274,95279,1.2671,43.7,1.4,0,0,268,255,79
2231915,Gretna city,7544,5032,43110,53608,1.267,28.6,4.7,0,0,-1123,-556,89
19133,Monona County,3878,2320,68377,85268,1.267,35.3,4.9,1,0,166,204,168
21031,Butler County,4567,3154,56092,70214,1.2669,29.7,1.3,0,0,202,205,194
5533000,Hartford city,6668,4597,82014,104585,1.2668,27.1,3.9,1,0,266,234,206
1801666,Angola city,3513,2321,64540,81344,1.2666,27.7,6.2,0,0,159,175,118
51005,Alleghany County,6383,3765,56188,70402,1.2665,38.4,2.7,1,0,110,161,136
06063,Plumas County,8054,4106,66031,85214,1.2664,47.8,1.2,1,0,30,53,90
3108605,Chadron city,2097,1275,54590,69141,1.2663,27.7,11.5,0,0,127,171,-41
39033,Crawford County,18059,11404,58044,73721,1.2662,33.1,3.8,1,0,507,673,547
0617568,Culver City city,17529,12315,117389,151252,1.2662,27.6,2.2,1,0,-821,-10,312
18157,Tippecanoe County,75808,47112,60636,77040,1.2662,19.4,18.5,1,0,-1328,957,1462
20017,Chase County,1147,633,56484,72218,1.266,40.3,4.5,1,0,58,60,43
22127,Winn Parish,4790,3031,48871,62390,1.2659,32.6,4.1,1,0,28,191,186
4843132,Livingston town,2419,1556,48841,62195,1.2657,32.8,2.9,0,0,-58,7,127
2700928,Alexandria city,6975,4051,61374,78241,1.2656,33.1,8.9,1,0,314,337,122
13307,Webster County,843,515,46792,60625,1.2655,38.0,0.9,0,0,6,24,7
37015,Bertie County,7143,4056,48750,62927,1.2655,41.0,2.2,0,0,195,136,223
40053,Grant County,1612,992,60758,77301,1.2654,34.6,3.9,1,0,30,64,80
4126200,Forest Grove city,8814,5839,87933,111711,1.2654,27.3,6.4,1,0,14,169,71
42025,Carbon County,27255,16771,67554,85483,1.2651,35.8,2.7,1,0,464,686,478
30091,Sheridan County,1476,892,70147,89266,1.2651,37.9,1.6,1,0,23,49,51
5578650,Superior city,11956,8258,64216,81737,1.2649,26.6,4.4,1,0,292,280,217
2748580,Orono city,3052,2145,173527,223457,1.2648,29.1,0.6,0,0,8,13,-15
5320750,Edmonds city,18627,12373,122449,154576,1.2645,32.0,1.6,1,0,6,416,314
13303,Washington County,7330,4744,46023,57737,1.2644,33.9,1.3,0,0,-262,156,183
05073,Lafayette County,2622,1535,41278,52042,1.2643,38.8,2.7,0,0,53,97,86
1982695,Waukee city,11830,9207,101029,127190,1.2642,17.5,4.7,1,0,570,172,301
1757472,Pana city,2178,1322,46168,59048,1.2642,36.3,3.0,0,0,99,84,98
5582600,Verona city,6451,4585,119606,154464,1.2642,23.4,5.5,1,0,117,137,116
48369,Parmer County,3231,2199,69735,91587,1.2641,26.7,5.2,0,0,101,106,102
2535075,Leominster city,18483,12533,83816,106005,1.264,30.0,2.2,1,0,174,411,244
0908420,Bristol city,24453,17168,79076,100636,1.2639,26.1,3.7,1,0,-69,429,
02100,Haines Borough,901,614,86927,107692,1.2638,31.9,0.0,0,0,0,7,10
2949034,Moberly city,5103,3363,44145,55936,1.2635,27.8,6.3,0,0,-34,18,135
13243,Randolph County,2688,1639,28380,35140,1.2635,36.5,2.5,0,0,49,12,7
4218152,Darby borough,3992,3112,39863,50468,1.2635,21.3,0.7,0,0,-52,-201,54
2977992,Waynesville city,2201,1409,56836,73250,1.2634,28.3,7.7,0,0,93,34,60
37167,Stanly County,25240,16509,60704,76757,1.2634,32.0,2.6,1,0,382,656,599
1802908,Avon town,8835,6745,98486,124450,1.2632,21.7,2.0,1,0,258,90,177
34029,Ocean County,243843,144430,89863,114601,1.2632,39.2,1.5,1,0,-3968,-1441,602
27149,Stevens County,3889,2323,75733,95216,1.2632,25.2,15.0,1,0,143,109,101
19103,Johnson County,63341,40428,74935,94659,1.263,20.9,15.3,1,0,1264,640,481
3978470,Union city,2848,1742,73353,90586,1.263,36.4,2.4,0,0,122,63,39
1835284,Huntingburg city,2482,1647,54421,73855,1.263,21.2,12.4,0,0,37,156,98
3410480,Carlstadt borough,2586,1570,115444,146011,1.2629,33.4,5.9,0,0,10,28,25
3908364,Brecksville city,5466,3365,135000,172419,1.2629,37.4,1.1,1,0,19,80,123
5522575,Edgerton city,2351,1567,72489,92754,1.2629,28.0,5.4,0,0,73,82,85
2608160,Beverly Hills village,4116,2697,177412,219960,1.2629,34.5,0.0,0,0,34,43,-22
4962360,Providence city,2823,1964,118072,147266,1.2628,28.0,2.4,0,0,39,41,47
51121,Montgomery County,36961,22940,72715,90018,1.2628,24.0,14.0,1,0,-643,113,32
5311160,Centralia city,7894,4763,56219,72300,1.2625,35.5,4.2,1,0,-143,-97,162
3413570,Cliffside Park borough,10609,6859,93452,118048,1.2624,33.7,1.6,1,0,-104,-41,114
1769979,Silvis city,4156,2365,62375,78902,1.2623,39.5,3.6,0,0,16,216,248
31001,Adams County,13076,8073,68365,86679,1.2622,29.9,8.4,1,0,514,271,113
46051,Grant County,3029,1846,75028,94694,1.2621,37.2,1.8,1,0,107,48,38
29087,Holt County,1744,1036,61187,80150,1.2621,36.5,4.1,1,0,98,83,81
46127,Union County,7310,4734,89636,113527,1.262,29.2,6.1,1,0,334,165,288
26109,Menominee County,10361,6080,56435,71829,1.2619,38.7,2.6,1,0,207,242,242
1715170,Coal City village,2104,1386,72857,93858,1.2619,33.6,0.6,0,0,79,64,23
3705220,Bessemer City city,2082,1361,60300,76419,1.2616,32.9,1.7,0,0,-7,23,36
28031,Covington County,7323,5161,45051,56801,1.2616,26.9,2.6,0,0,269,181,118
22061,Lincoln Parish,18487,11179,39172,49787,1.2613,24.7,14.9,1,0,-250,-311,-9
2044200,Maize city,2778,2057,72024,91377,1.2612,21.2,4.8,0,0,-128,-126,-86
27103,Nicollet County,13002,8517,79756,100528,1.2611,29.9,4.6,1,0,504,210,175
06009,Calaveras County,18437,10502,78647,98014,1.261,42.5,0.5,1,0,-116,-241,-213
3700680,Albemarle city,6769,4264,46881,59413,1.261,31.7,5.3,1,0,-342,-229,112
4268096,Sayre borough,2739,1666,50801,64792,1.2608,33.0,6.2,0,0,28,-46,81
2657100,New Baltimore city,4703,3199,106033,133654,1.2607,30.2,1.8,1,0,4,13,3
28141,Tishomingo County,8834,5559,53040,65844,1.2606,31.6,5.5,1,0,189,221,182
41003,Benton County,38537,22424,77702,96932,1.2605,27.6,14.2,1,0,-935,-285,-120
3934748,Heath city,4365,2644,71917,91161,1.2604,35.7,3.7,1,0,195,186,97
0482740,Wickenburg town,4353,1605,67600,83693,1.2603,63.1,0.0,0,0,4,-14,13
3035050,Havre city,3799,2436,50329,63969,1.2603,29.2,6.7,0,0,-17,43,87
21187,Owen County,4252,2789,61134,79895,1.2601,32.3,2.1,1,0,68,82,84
02105,Hoonah-Angoon Census Area,924,490,61406,77874,1.2601,44.4,2.6,0,0,10,34,37
42019,Butler County,80824,53073,89843,112406,1.26,31.7,2.7,1,0,1410,738,808
1269555,Sunny Isles Beach city,10219,6019,61921,78591,1.2599,40.0,1.1,1,0,-98,-482,-278
29067,Douglas County,4654,2747,45985,58005,1.2599,38.3,2.6,0,0,177,158,103
1729756,Glen Ellyn village,10698,6863,140938,176151,1.2598,32.1,3.8,1,0,12,135,2
2713708,Credit River city,1941,1462,143125,177451,1.2596,22.1,2.6,0,0,0,0,
20065,Graham County,1191,637,50650,63606,1.2595,36.1,10.4,0,0,33,16,11
29149,Oregon County,3380,2023,43069,53486,1.2595,35.6,4.6,0,0,78,65,82
45001,Abbeville County,9762,5951,52935,66639,1.2595,36.8,2.2,1,0,143,128,153
5567475,Richfield village,4500,3057,143963,186808,1.2594,31.7,0.4,1,0,22,29,25
1750647,Morton Grove village,9215,5774,111116,140998,1.2591,37.0,0.3,1,0,-183,42,-93
30043,Jefferson County,4996,3194,95490,118078,1.2591,35.8,0.3,1,0,10,33,31
1852020,Nappanee city,2783,1963,68892,88204,1.259,24.6,4.9,0,0,107,122,115
45077,Pickens County,52414,33378,61064,77416,1.2589,28.2,8.1,1,0,583,1084,624
5563700,Plymouth city,4125,2473,68038,89251,1.2589,36.2,3.9,1,0,255,259,155
22125,West Feliciana Parish,4026,2802,77452,97662,1.2588,27.0,3.4,0,0,20,50,34
48457,Tyler County,7145,4453,55396,69732,1.2588,35.8,1.9,0,0,-164,55,144
22011,Beauregard Parish,13747,9417,65944,83864,1.2587,28.9,2.6,1,0,173,196,184
4811464,Burnet city,2405,1487,87587,108428,1.2586,34.9,3.3,1,0,15,15,18
3103390,Beatrice city,5494,3392,57264,72135,1.2586,33.5,4.8,1,0,267,277,134
29023,Butler County,16594,10498,49089,61576,1.2584,31.5,5.3,1,0,33,734,858
08071,Las Animas County,6513,3714,52074,66503,1.2583,39.1,3.9,1,0,68,141,116
20127,Morris County,2550,1490,58686,72955,1.2583,36.0,5.5,1,0,94,90,74
31027,Cedar County,3444,2085,73578,92919,1.2582,32.7,6.8,1,0,147,84,58
3910030,Bucyrus city,5293,3009,54349,68068,1.2582,38.2,4.9,0,0,181,229,194
42027,Centre County,59013,36758,74291,93559,1.2582,26.6,11.1,1,0,503,383,197
5533100,Hartland village,4209,2780,87754,110047,1.2581,29.5,4.4,1,0,170,129,139
3604759,Bath village,2995,1791,47150,57443,1.2581,35.4,4.8,0,0,81,57,35
3451810,New Providence borough,5351,3480,161599,201935,1.258,34.3,0.7,0,0,106,127,60
55015,Calumet County,21372,14863,88810,112084,1.258,28.2,2.3,1,0,421,266,272
1276500,West Melbourne city,10663,7252,92986,117031,1.258,29.0,3.0,1,0,93,81,129
2057575,Prairie Village city,9969,6412,113530,143260,1.2579,32.4,3.3,1,0,31,114,31
27001,Aitkin County,7222,3677,60833,76707,1.2579,47.6,1.5,1,0,68,92,53
40033,Cotton County,2040,1262,58425,72222,1.2579,35.3,2.8,1,0,85,88,74
1376224,Thomasville city,7929,4991,49673,62291,1.2577,32.3,4.8,1,0,-250,-54,303
2916678,Cottleville city,2206,1547,131310,159544,1.2573,25.0,4.9,0,0,29,36,12
30107,Wheatland County,883,459,49489,61844,1.2571,46.9,1.1,0,0,10,29,17
0609710,Calexico city,10069,6864,49783,62451,1.2571,29.2,2.6,1,0,-444,-158,198
3650034,Newburgh city,10493,7614,56960,72934,1.257,25.6,1.8,0,0,-1139,-718,186
5335170,Kenmore city,9396,6842,139764,175656,1.2569,25.7,1.5,1,0,57,180,75
2675100,South Lyon city,4976,3358,92467,121058,1.2566,27.7,4.8,0,0,175,58,128
17149,Pike County,5965,3785,59777,75055,1.2565,33.5,3.0,1,0,108,159,169
3601033,Albion village,2661,1654,41581,52212,1.2564,33.7,4.1,0,0,-156,8,29
55035,Eau Claire County,44726,28065,74546,93605,1.2563,26.6,10.6,1,0,2151,1657,1620
16015,Boise County,3593,2103,78774,99388,1.2563,41.1,0.3,1,0,56,37,26
5584350,Waunakee village,5844,4439,125220,157607,1.2561,22.8,1.3,1,0,90,114,95
55119,Taylor County,8046,5129,69350,87749,1.2561,32.8,3.4,1,0,267,219,162
3985484,Willoughby city,11783,7469,71309,90062,1.2559,33.6,3.0,1,0,389,430,351
55017,Chippewa County,27139,17574,74680,93745,1.2559,30.8,4.4,1,0,695,429,464
2327085,Gardiner city,2730,1725,71782,89326,1.2558,31.0,5.9,0,0,-1,107,114
5559250,Oconomowoc city,7833,5152,106425,136437,1.2556,31.3,3.0,1,0,110,80,105
4234064,Hermitage city,7728,4679,70052,87221,1.2555,37.4,2.0,1,0,453,164,186
3737760,Lenoir city,8199,5128,49910,62710,1.2554,35.0,2.4,1,0,326,378,370
3365140,Rochester city,13932,9237,80836,102651,1.2554,30.0,3.7,1,0,48,183,236
16003,Adams County,1776,964,61808,79219,1.2553,44.5,1.2,0,0,11,35,35
4211680,Castle Shannon borough,3788,2568,64071,83485,1.2553,27.7,4.5,1,0,300,199,86
31177,Washington County,8429,5562,94396,118821,1.2553,29.8,4.2,1,0,135,73,87
13047,Catoosa County,26653,17502,74639,93656,1.2553,30.8,3.6,1,0,606,384,413
18147,Spencer County,8078,5282,74506,93699,1.2551,32.6,2.0,1,0,160,141,131
22043,Grant Parish,7440,4902,64016,80170,1.2551,30.5,3.6,1,0,186,268,269
0667000,San Francisco city,363970,265788,140970,176406,1.255,23.9,3.1,1,0,9140,14455,15454
06075,San Francisco County,363970,265788,140970,176406,1.255,23.9,3.1,1,0,9140,14455,15454
39131,Pike County,10866,7141,52736,66435,1.255,31.8,2.5,1,0,-4,260,417
3832060,Grand Forks city,26171,15870,63627,81596,1.2548,21.4,18.0,1,0,1317,1520,875
5522300,Eau Claire city,30492,18487,67395,85084,1.2548,25.8,13.6,1,0,1439,1611,1168
1865214,Rochester city,2812,1720,57008,71944,1.2548,34.2,4.6,0,0,41,156,235
41037,Lake County,3480,1977,62787,77734,1.2547,37.9,5.3,1,0,82,188,175
1759884,Pinckneyville city,1400,987,69583,79678,1.2546,29.5,0.0,0,0,9,5,1
20205,Wilson County,3517,2171,60677,76321,1.2545,34.1,4.2,1,0,114,113,96
3948342,Maumee city,6004,4002,80833,102067,1.2544,29.6,3.7,1,0,269,169,187
5335940,Kirkland city,38771,29433,150414,188784,1.2544,21.1,3.0,1,0,1107,1775,831
0402830,Apache Junction city,18015,9113,60975,76795,1.2543,47.9,1.5,1,0,325,150,-10
2630200,Frankenmuth city,2465,1370,85433,110262,1.2542,40.6,3.8,1,0,144,44,149
46025,Clark County,1336,759,70726,87171,1.2542,39.3,3.9,0,0,37,45,40
48077,Clay County,4289,2674,80114,101525,1.2541,35.2,2.4,1,0,112,73,89
42015,Bradford County,24610,15256,63675,80484,1.2541,34.3,3.7,1,0,773,1049,955
0133448,Hartselle city,5891,4047,76290,96111,1.2541,27.3,4.0,1,0,147,70,99
72137,Toa Baja Municipio,29965,18526,32017,39556,1.2541,36.1,2.1,1,0,451,610,596
55075,Marinette County,19051,11466,63809,80623,1.254,36.1,3.7,1,0,506,597,410
2758684,Sauk Rapids city,5656,4214,71841,91170,1.2539,18.4,7.1,1,0,316,289,188
19081,Hancock County,4673,2856,70601,87097,1.2537,33.7,5.2,1,0,125,85,54
29017,Bollinger County,3941,2618,63814,78467,1.2536,31.6,2.0,1,0,60,69,60
4250320,Monaca borough,2336,1598,73538,91816,1.2535,31.6,0.0,0,0,77,77,64
29173,Ralls County,3970,2430,65388,85557,1.2535,37.7,1.1,1,0,58,73,69
2158836,Paducah city,11741,8165,49915,62572,1.2535,25.7,4.8,1,0,-85,381,383
27065,Kanabec County,6564,4191,71460,89878,1.2535,33.9,2.3,1,0,101,102,89
2437600,Havre de Grace city,6429,4165,105817,133160,1.2534,31.8,3.4,1,0,134,40,41
05049,Fulton County,4757,2837,42241,52488,1.2534,38.2,2.1,0,0,49,2,43
13229,Pierce County,7605,5204,60517,76376,1.2533,28.9,2.7,0,0,357,279,221
29135,Moniteau County,5729,3654,65715,82148,1.2533,30.4,5.8,1,0,259,162,121
54075,Pocahontas County,3181,1705,42119,53624,1.2532,43.4,3.0,1,0,79,65,75
48199,Hardin County,22222,15316,75808,95288,1.2532,28.7,2.4,1,0,557,184,324
0827425,Fort Collins city,71768,46420,85070,106850,1.2532,19.3,16.1,1,0,-2600,-976,155
37147,Pitt County,74533,47552,58188,72554,1.2531,22.6,13.6,1,0,1017,2282,2811
13059,Clarke County,54454,33994,53625,67942,1.253,19.9,17.7,1,0,-3033,-1829,1095
3125055,Kearney city,14028,8727,69724,87635,1.253,26.1,11.6,1,0,480,525,399
18027,Daviess County,11814,8058,68503,87150,1.2529,27.9,3.9,1,0,515,320,249
29197,Schuyler County,1307,842,61205,77186,1.2529,33.4,2.1,0,0,31,36,36
42085,Mercer County,46524,28994,59976,75148,1.2529,34.7,3.0,1,0,986,1562,1154
02150,Kodiak Island Borough,4640,3239,86250,106423,1.2529,20.1,10.1,0,0,114,32,23
53059,Skamania County,5019,3084,93265,114155,1.2528,37.4,1.2,1,0,129,58,28
2073250,Valley Center city,3063,1845,77020,103063,1.2528,35.2,4.6,0,0,117,67,74
17131,Mercer County,6565,4211,74182,92733,1.2527,32.8,3.0,1,0,160,74,64
4812532,Canyon city,5619,3558,69772,89631,1.2527,23.0,13.7,0,0,206,158,148
5584425,Waupun city,3433,2270,65625,84527,1.2526,25.7,8.2,0,0,70,28,35
1745421,Lynwood village,3391,1971,85237,109493,1.2526,38.0,3.9,0,0,85,62,37
48475,Ward County,4388,3244,65952,83469,1.2526,23.5,2.6,0,0,55,149,149
3476400,Waldwick borough,3433,2373,177962,218717,1.2525,30.9,0.0,0,0,-6,4,-30
22057,Lafourche Parish,37762,25823,63135,80274,1.2525,27.7,3.9,1,0,425,577,534
46027,Clay County,5547,3409,56850,72175,1.2525,19.3,19.2,0,0,230,350,205
3849900,Mandan city,10465,6811,71780,92109,1.2524,25.1,9.8,1,0,418,305,160
48379,Rains County,4856,2974,65413,81608,1.2523,37.4,1.3,0,0,20,88,96
13031,Bulloch County,30856,19612,58810,73554,1.2523,21.1,15.3,1,0,653,822,916
3763120,Southern Pines town,7411,4281,88535,108020,1.2522,36.3,5.9,0,0,6,46,45
2266655,Ruston city,8796,4694,31120,39405,1.252,21.8,24.8,0,0,-819,-121,-158
2425800,Elkton town,6035,4342,58640,74691,1.2519,24.6,3.4,0,0,-441,-266,39
20045,Douglas County,50406,30741,69746,88390,1.2519,22.2,16.8,1,0,1585,1884,1204
45037,Edgefield County,9768,6380,73029,90071,1.2519,32.6,2.1,1,0,92,120,120
42021,Cambria County,55973,34103,58418,73262,1.2519,36.6,2.5,1,0,1392,1574,1211
5527075,Fox Point village,2671,1674,141467,170862,1.2519,36.5,0.8,1,0,38,56,107
0634246,Holtville city,1549,1058,65039,76273,1.2518,31.7,0.0,0,0,17,65,42
2841680,Long Beach city,6983,4406,70332,86918,1.2518,31.9,5.0,1,0,40,227,218
05037,Cross County,6483,4223,50863,63730,1.2517,31.6,3.3,1,0,65,138,180
1775484,Tinley Park village,22320,14377,105189,131975,1.2516,34.6,1.0,1,0,-137,103,14
1271150,Tarpon Springs city,11960,6890,79529,98070,1.2516,41.5,0.9,1,0,39,70,71
22031,De Soto Parish,10504,6754,48578,60928,1.2515,32.8,2.9,1,0,56,1,64
4507255,Blythewood town,2274,1703,94167,108775,1.2514,23.4,1.8,0,0,-55,-61,-38
18049,Fulton County,8051,5181,61360,77322,1.2513,32.9,2.7,1,0,90,286,330
21063,Elliott County,2440,1589,45776,57346,1.2512,33.6,1.2,0,0,32,68,73
4256088,Oakmont borough,3219,2058,92782,118322,1.2511,34.9,1.2,0,0,110,103,124
0645246,Malibu city,4399,2203,194421,240131,1.251,47.4,2.5,0,0,-96,49,-10
0607218,Blythe city,4137,3031,56625,69369,1.2509,22.5,4.3,0,0,7,31,27
42007,Beaver County,72257,45742,71089,89459,1.2509,34.1,2.6,1,0,1833,1488,920
5516450,Columbus city,2454,1799,75427,94449,1.2508,22.7,4.0,1,0,69,33,41
0638226,Kerman city,5264,4214,59799,74722,1.2507,18.7,1.3,0,0,-93,-157,-70
27097,Morrison County,14084,9096,69446,85729,1.2507,32.3,3.1,1,0,283,297,219
4841188,Lampasas city,2873,1913,67229,81692,1.2506,29.6,3.9,0,0,88,146,84
4252808,Nazareth borough,2994,1856,56855,70603,1.2506,36.5,1.5,0,0,-181,-66,60
3731620,Hillsborough town,4146,3073,98163,121458,1.2505,25.7,0.2,0,0,34,54,58
2656020,Mount Pleasant city,7872,4405,44706,55915,1.2505,17.6,26.4,0,0,-355,142,440
2935648,Jackson city,6173,4128,77105,98433,1.2505,29.2,3.9,1,0,143,133,139
4702320,Athens city,5874,3778,53929,66799,1.2504,29.4,6.3,0,0,73,255,276
45069,Marlboro County,9789,5988,34301,42632,1.2504,35.9,2.9,1,0,-21,175,251
39011,Auglaize County,18940,12252,78660,98035,1.2504,31.4,3.9,1,0,764,504,391
19169,Story County,38904,23336,69685,88265,1.2503,21.5,18.5,1,0,1205,1361,399
1359724,Peachtree City city,15461,9649,113987,145063,1.2503,33.6,4.0,1,0,-285,268,-184
1308536,Blakely city,1849,1266,49821,62364,1.2502,31.2,0.3,0,0,107,98,107
5585350,West Bend city,14096,9163,74076,92381,1.2502,31.3,3.7,1,0,515,572,423
33003,Carroll County,21847,11476,86463,107849,1.2502,46.8,0.6,1,0,310,350,241
2003300,Augusta city,3674,2467,64919,77339,1.2502,24.9,8.0,1,0,57,70,75
2079950,Winfield city,4465,2720,56656,67929,1.2501,32.2,6.9,0,0,113,157,138
27111,Otter Tail County,25157,14961,72255,90372,1.2501,37.0,3.5,1,0,720,455,340
4876864,Weatherford city,13848,9097,81516,102759,1.25,29.6,4.7,1,0,-257,-25,-65
30045,Judith Basin County,918,529,59000,74297,1.25,41.4,1.0,0,0,51,37,24
37075,Graham County,3524,2071,49684,62086,1.25,39.8,1.4,0,0,107,66,32
48319,Mason County,1711,830,74180,90074,1.2499,48.8,2.7,0,0,18,6,4
72023,Cabo Rojo Municipio,19137,11535,26408,33207,1.2497,38.8,1.0,1,0,-113,312,249
5551025,Menomonie city,6254,3514,56889,72871,1.2497,24.0,19.8,1,0,228,314,327
3949056,Mentor city,20355,12832,88949,112980,1.2497,36.1,0.9,1,0,317,209,255
29039,Cedar County,5773,3485,48181,60599,1.2497,36.4,3.2,1,0,-56,184,147
41021,Gilliam County,875,448,66917,82143,1.2496,47.5,1.3,0,0,56,44,38
0608758,Buellton city,1886,1357,99936,124880,1.2496,24.0,4.1,0,0,-58,-7,74
72075,Juana Díaz Municipio,16491,10084,24852,31066,1.2494,38.0,0.9,1,0,138,272,266
4223304,Ellwood City borough,3715,2473,67138,84532,1.2494,31.1,2.4,1,0,94,194,191
05077,Lee County,2690,1513,34375,42569,1.2494,41.4,2.4,0,0,-55,-46,139
1737608,Inverness village,2682,1436,207434,263108,1.2494,46.0,0.5,0,0,-3,3,5
17153,Pulaski County,1940,1139,42463,53622,1.2493,37.6,3.7,0,0,46,52,75
20121,Miami County,13738,8873,89000,111680,1.2493,31.2,4.2,1,0,215,182,171
4809160,Boerne city,7548,5293,84541,108195,1.2493,27.5,2.4,0,0,-153,117,88
3621589,East Aurora village,2515,1657,103949,131997,1.2492,32.6,1.5,1,0,38,49,38
55065,Lafayette County,6763,4221,76462,95815,1.2492,33.8,3.8,1,0,221,150,146
38103,Wells County,1787,957,66114,81497,1.2492,38.7,7.7,0,0,41,39,17
22053,Jefferson Davis Parish,12068,8206,57341,72496,1.2491,29.9,2.1,1,0,199,322,339
31029,Chase County,1476,846,68173,84879,1.249,38.1,4.5,0,0,57,60,42
36109,Tompkins County,43263,25581,74024,92780,1.249,25.2,15.7,1,0,-983,-570,-275
2744476,Mound city,4541,3087,86675,115733,1.2489,30.9,1.1,0,0,76,56,35
27069,Kittson County,1774,1056,76100,95255,1.2488,34.0,6.4,1,0,54,27,19
2608640,Birmingham city,9440,6433,153510,193789,1.2488,29.4,2.5,1,0,139,126,45
0686034,Winters city,2462,1788,122951,145600,1.2486,27.4,0.0,0,0,-32,11,-22
41015,Curry County,11159,5401,62244,77597,1.2485,49.5,2.1,1,0,33,192,194
20085,Jackson County,5013,3227,75215,94043,1.2485,32.2,3.4,1,0,129,145,133
30033,Garfield County,432,238,69583,87821,1.2484,40.7,4.2,0,0,25,25,23
3407810,Brigantine city,4043,2260,97250,122059,1.2484,44.1,0.0,1,0,47,52,58
33007,Coos County,14002,8265,57677,72444,1.2482,37.9,3.1,1,0,46,348,129
39031,Coshocton County,14786,9463,55577,69095,1.2482,33.1,2.9,1,0,197,261,341
1345488,Lawrenceville city,10719,7614,61561,77149,1.2481,21.7,7.3,1,0,-303,-626,-37
3444880,Maywood borough,3889,2444,117912,145861,1.2481,34.1,3.1,0,0,-21,58,26
1322052,Decatur city,9557,6984,139397,173576,1.2481,25.6,1.3,1,0,239,417,98
1745889,Macomb city,6487,3579,44411,55267,1.248,24.6,20.2,1,0,94,123,134
08125,Yuma County,4078,2655,60545,76701,1.248,29.7,5.1,1,0,26,166,152
0172600,Springville city,2066,1227,84231,100931,1.2479,39.9,0.7,0,0,24,3,
5511950,Caledonia village,10165,6672,93152,116425,1.2478,33.0,1.4,1,0,192,100,176
4878388,Whitehouse city,2877,2157,99458,123941,1.2476,23.0,2.0,1,0,18,63,6
26071,Iron County,5547,2990,55940,70038,1.2476,44.0,2.1,1,0,60,121,148
31113,Logan County,299,180,74271,92045,1.2476,37.8,2.0,0,0,13,13,12
18137,Ripley County,11531,7644,70573,86807,1.2474,28.8,4.9,1,0,393,253,182
47141,Putnam County,33601,21298,58912,73392,1.2473,26.4,10.2,1,0,859,1172,1125
56009,Converse County,5772,3909,81558,101281,1.2473,29.1,3.2,0,0,126,84,82
20087,Jefferson County,7412,4948,81278,106352,1.2473,31.1,2.1,1,0,171,103,127
2720906,Fergus Falls city,6465,3763,56162,70421,1.2473,35.8,6.0,1,0,96,293,148
31065,Furnas County,2010,1127,61048,77095,1.247,38.5,5.4,1,0,53,50,46
46077,Kingsbury County,2112,1301,74000,92634,1.247,34.1,4.3,1,0,52,29,24
48437,Swisher County,2383,1540,36165,46150,1.247,30.8,4.6,0,0,18,-7,81
21099,Hart County,7376,4914,52285,66855,1.2469,29.3,4.0,1,0,259,407,420
3909064,Broadview Heights city,8326,5597,103125,129036,1.2468,30.7,2.0,0,0,275,15,252
21033,Caldwell County,5025,3293,59583,74593,1.2468,32.1,2.4,0,0,84,212,225
3312900,Claremont city,5112,3474,59096,73561,1.2468,29.2,2.8,1,0,-134,80,37
5567350,Rice Lake city,3979,2552,52417,67133,1.2468,29.8,6.1,0,0,112,216,173
19195,Worth County,3178,1878,78008,96377,1.2467,37.2,3.7,1,0,117,82,73
51167,Russell County,10669,6426,50012,62344,1.2467,37.3,2.5,1,0,252,251,307
3448510,Mountainside borough,2508,1552,211538,253447,1.2467,38.1,0.0,0,0,-91,-23,-28
3671894,Suffern village,4600,2882,104607,130924,1.2467,36.5,0.8,1,0,-80,38,145
31067,Gage County,9327,5776,67247,83970,1.2466,33.9,4.2,1,0,373,344,213
5577925,Sturtevant village,1914,1465,92647,121376,1.2466,20.1,3.3,0,0,31,22,31
42129,Westmoreland County,154979,96021,74109,92390,1.2465,35.5,2.5,1,0,3933,2902,1834
1727624,Frankfort village,6789,4780,154375,194353,1.2465,29.2,0.4,0,0,36,26,22
37047,Columbus County,20048,12142,49442,61865,1.2465,36.1,3.3,1,0,322,599,894
3927048,Findlay city,17986,11467,61423,77857,1.2463,28.6,7.6,1,0,453,966,829
2819100,Diamondhead city,4025,2260,87407,105563,1.2463,43.5,0.4,1,0,-55,29,-83
72121,Sabana Grande Municipio,8101,4464,22065,27379,1.2463,43.7,1.1,1,0,119,133,190
5535950,Howard village,8839,5917,85477,107034,1.2461,28.0,5.1,1,0,443,269,276
3986604,Worthington city,6143,3943,127382,164468,1.2461,34.5,1.3,1,0,31,84,87
12003,Baker County,9165,6367,79836,99784,1.2461,27.9,2.6,1,0,123,66,66
4857476,Pilot Point city,1813,1182,97933,119672,1.246,34.1,0.7,0,0,41,12,
18061,Harrison County,15497,10420,74475,92923,1.2459,30.8,2.0,1,0,405,307,261
13309,Wheeler County,1615,852,40539,51154,1.2459,46.6,0.7,0,0,34,58,57
16029,Caribou County,2474,1543,68782,84716,1.2458,33.3,4.4,1,0,42,62,60
1717497,Crestwood village,4902,2953,75752,94834,1.2458,39.2,0.5,1,0,42,117,76
5170000,Salem city,10256,6606,66725,82717,1.2458,29.8,5.8,1,0,88,328,259
51775,Salem city,10256,6606,66725,82717,1.2458,29.8,5.8,1,0,88,328,259
1986520,Winterset city,2389,1340,67708,80219,1.2457,36.0,7.9,0,0,-63,53,46
2671000,St. Louis city,1466,955,51167,62952,1.2457,28.5,6.3,0,0,-9,50,47
23017,Oxford County,24140,14945,60173,74952,1.2457,36.5,1.6,1,0,90,335,371
3958422,Olmsted Falls city,3823,2344,96837,119160,1.2457,34.2,4.4,0,0,76,30,66
48489,Willacy County,5691,3656,54180,66230,1.2455,33.3,2.4,0,0,44,76,180
3710500,Carolina Beach town,3073,2100,94398,113441,1.2455,30.0,1.6,0,0,15,3,4
22077,Pointe Coupee Parish,8335,5082,65961,82620,1.2453,35.5,3.6,0,0,103,91,41
27029,Clearwater County,3339,2107,64475,82540,1.2453,34.3,2.6,1,0,59,67,42
1782075,Wilmette village,10287,6397,190662,240633,1.2452,37.5,0.3,0,0,65,139,-3
42057,Fulton County,6339,4052,65836,82593,1.2452,33.3,2.7,1,0,211,231,202
3773140,Whispering Pines village,1797,1343,126450,158638,1.2452,23.4,1.8,0,0,-30,9,-36
1328968,Fayetteville city,7671,5058,82188,104488,1.2452,32.0,2.0,0,0,-213,-106,-108
18125,Pike County,5021,3129,71334,87957,1.2451,33.5,4.2,1,0,109,75,57
0665084,San Clemente city,24350,15952,140062,174127,1.2451,32.6,1.8,1,0,-238,371,371
1749854,Mokena village,7374,5115,123889,154653,1.245,30.0,0.6,1,0,47,62,47
20185,Stafford County,1579,987,64226,78882,1.2449,34.7,2.8,1,0,23,44,47
20163,Rooks County,2136,1290,62500,82303,1.2448,37.0,2.6,1,0,126,88,78
3422860,Fanwood borough,2835,1940,195529,237521,1.2447,29.7,1.8,0,0,-19,19,10
3674166,Tonawanda city,7085,4633,58326,71943,1.2447,32.9,1.7,0,0,62,23,33
3654837,Oneida city,4619,3012,61597,76945,1.2446,32.9,1.9,1,0,186,209,83
1773391,Sugar Grove village,3454,2192,121207,151418,1.2446,36.0,0.6,0,0,2,3,2
55067,Langlade County,8881,5375,55878,70848,1.2445,36.3,3.2,1,0,101,203,163
29195,Saline County,8053,5213,57931,72930,1.2445,30.6,4.7,1,0,208,331,259
4836104,Iowa Park city,2808,1853,66622,85147,1.2445,32.0,2.0,0,0,49,38,32
1253150,Ormond Beach city,19638,10182,69177,86766,1.2444,46.3,1.9,0,0,-57,71,21
01067,Henry County,7062,4246,59931,74613,1.2444,38.3,1.6,1,0,132,183,141
48467,Van Zandt County,22682,14381,69475,84864,1.2444,33.9,2.7,1,0,247,500,490
50005,Caledonia County,13091,8169,69970,88206,1.2443,33.4,4.2,1,0,287,245,162
72145,Vega Baja Municipio,21587,13256,24244,30281,1.2443,37.7,0.9,1,0,33,60,114
42111,Somerset County,29344,17799,61446,76776,1.2442,36.7,2.7,1,0,546,636,593
4745500,Manchester city,4840,3098,57500,71392,1.244,29.8,6.2,0,0,341,385,368
3903086,Aurora city,6957,4430,127886,161326,1.244,36.0,0.3,0,0,22,72,-37
17073,Henry County,20272,13004,71911,89446,1.2437,33.2,2.6,1,0,709,631,485
2123932,Edgewood city,3318,1947,119028,148145,1.2437,40.8,0.5,0,0,21,11,35
38035,Grand Forks County,31295,19381,68075,86439,1.2437,22.2,15.8,1,0,1363,1479,986
3403250,Barrington borough,3471,2350,87290,110426,1.2436,30.0,2.2,0,0,136,109,92
2038900,Lawrence city,41129,24548,65009,81063,1.2436,20.3,20.0,1,0,1125,2012,1010
51169,Scott County,9127,5307,46349,57604,1.2436,40.1,1.7,1,0,207,195,214
2755726,Rosemount city,9924,7233,129625,163027,1.2435,24.3,2.8,1,0,21,106,27
31159,Seward County,6788,4362,82444,100202,1.2435,27.6,8.1,1,0,275,141,98
3629542,Goshen village,2344,1373,104643,129981,1.2435,40.8,0.6,0,0,37,37,34
06103,Tehama County,24788,15642,63784,80142,1.2434,33.3,3.6,1,0,-122,343,490
0523290,Fayetteville city,41025,27654,62695,78576,1.2434,15.3,17.2,1,0,978,1655,1297
3931304,Grandview Heights city,4035,3216,117672,140212,1.2433,14.2,6.1,0,0,139,144,164
27137,St. Louis County,87115,53501,70069,87678,1.2433,31.2,7.4,1,0,1182,870,609
18121,Parke County,6147,3732,68485,84161,1.2432,36.1,3.2,1,0,78,78,77
06027,Inyo County,8040,4755,73991,91633,1.2432,38.4,2.4,1,0,128,134,147
27009,Benton County,16719,12134,74410,92432,1.2432,20.3,7.2,1,0,801,545,359
06035,Lassen County,9247,5731,67403,84279,1.2432,35.7,2.3,1,0,61,261,242
5570650,St. Francis city,5197,3311,57368,72297,1.2432,34.1,2.2,0,0,-34,276,72
4669300,Watertown city,10394,6447,69600,87028,1.2431,29.1,8.9,1,0,528,380,246
2539835,Medford city,24339,17510,129540,162297,1.2431,23.0,5.0,1,0,-232,766,1024
4221872,East Stroudsburg borough,3044,1937,59821,74237,1.2429,35.5,0.8,0,0,-95,-111,-11
48023,Baylor County,1530,877,45370,56284,1.2429,37.3,5.4,0,0,6,-10,54
1906355,Bettendorf city,16384,11119,100495,125344,1.2428,30.0,2.2,1,0,246,146,239
19079,Hamilton County,6434,3877,72432,89769,1.2427,33.8,5.9,1,0,286,221,182
1807174,Brazil city,3319,2172,52055,67241,1.2427,30.9,3.7,0,0,73,40,59
55107,Rusk County,6355,3738,59944,74488,1.2426,38.2,3.0,1,0,193,212,109
2688380,Woodhaven city,5289,3385,78648,98032,1.2426,34.2,1.8,0,0,118,100,101
2838320,Kosciusko city,2453,1711,40085,49866,1.2425,26.4,3.8,0,0,-187,-8,153
46102,Oglala Lakota County,2923,2175,41417,50325,1.2424,25.4,0.2,0,0,56,218,267
21173,Montgomery County,11005,7481,56396,70635,1.2424,27.9,4.1,1,0,388,397,443
31171,Thomas County,304,155,65000,79464,1.2422,43.4,5.6,0,0,17,35,36
16087,Washington County,4202,2262,54000,66169,1.2421,45.6,0.6,1,0,63,144,102
21223,Trimble County,3382,2285,66027,85238,1.2421,31.8,0.6,1,0,103,294,291
18077,Jefferson County,12790,8246,64577,81652,1.2421,32.0,3.5,1,0,554,521,489
19087,Henry County,7644,4683,67436,84338,1.2419,33.9,4.8,1,0,131,137,107
1773170,Streator city,5479,3216,57609,70598,1.2419,34.4,6.9,1,0,196,291,178
19003,Adams County,1540,951,71875,87421,1.2419,35.4,2.9,0,0,65,61,43
55121,Trempealeau County,12533,8201,76313,94373,1.2419,29.0,5.6,1,0,448,354,348
29175,Randolph County,9247,6197,53033,66611,1.2419,28.2,4.8,1,0,61,150,213
1782686,Winthrop Harbor village,2865,1934,95690,111932,1.2419,29.0,3.5,0,0,35,12,-5
3948790,Medina city,10911,7561,77385,96244,1.2418,27.1,3.6,1,0,89,122,169
3428710,Hackettstown town,3841,2683,93083,118295,1.2418,27.6,2.6,1,0,21,87,89
0631708,Half Moon Bay city,4068,2468,157884,202244,1.2418,37.9,1.5,0,0,36,69,87
3406610,Boonton town,3518,2509,114302,136192,1.2418,23.8,4.9,0,0,-27,15,0
1216725,Deerfield Beach city,36441,23036,59730,74121,1.2416,34.8,2.0,1,0,-836,-2020,-231
08027,Custer County,2672,1457,72674,89904,1.2415,42.5,3.0,1,0,18,33,41
4745320,Madisonville city,2227,1320,39878,49540,1.2415,38.9,1.8,0,0,46,18,64
27047,Freeborn County,12846,7938,71023,87051,1.2415,35.5,2.7,1,0,94,141,161
2769970,White Bear Lake city,10563,6744,83554,104514,1.2414,31.9,4.3,1,0,-287,18,86
1811062,Cedar Lake town,5500,4110,83381,106772,1.2413,25.0,0.3,0,0,-22,25,22
3602066,Amsterdam city,7679,5077,56178,69669,1.2413,29.7,4.2,0,0,5,316,520
42119,Union County,14546,8815,76404,95371,1.2413,37.0,2.4,1,0,456,264,227
42061,Huntingdon County,16341,10022,65557,81472,1.2413,36.7,2.0,1,0,325,403,355
3452950,Northfield city,3257,2181,111599,138381,1.2412,33.0,0.0,0,0,28,24,32
3675583,Tuckahoe village,3005,2157,104375,131506,1.2412,28.2,0.0,0,0,-35,-28,48
39067,Harrison County,5948,3663,54414,67047,1.2412,36.5,1.9,1,0,115,183,234
4231328,Greenville borough,2282,1358,52661,64730,1.2411,34.7,5.8,0,0,76,102,68
29041,Chariton County,2681,1600,71520,86992,1.2411,37.6,2.7,1,0,78,73,72
3144245,Scottsbluff city,6223,3744,56359,69802,1.2409,32.0,7.8,1,0,121,263,178
42073,Lawrence County,36121,22677,61931,76486,1.2408,35.1,2.1,1,0,620,1010,773
41061,Union County,10900,6226,65661,81364,1.2408,33.8,9.1,1,0,225,315,299
48159,Franklin County,3897,2419,72360,88685,1.2408,36.3,1.6,1,0,91,141,145
2878200,Waveland city,3223,2161,68693,80896,1.2407,30.1,2.8,0,0,27,79,79
1903160,Asbury city,2129,1580,124957,155000,1.2407,24.6,1.2,1,0,-1,6,21
48325,Medina County,17804,11925,78074,97076,1.2404,31.0,2.0,1,0,300,200,192
13289,Twiggs County,2888,1739,56324,70312,1.2404,39.4,0.4,1,0,59,58,46
2705068,Bemidji city,6636,3675,55405,70299,1.2404,26.7,17.9,1,0,-29,518,237
46035,Davison County,8899,5405,66208,80710,1.2403,31.3,7.9,1,0,302,459,311
20011,Bourbon County,5840,3393,59238,73629,1.2403,33.0,8.9,0,0,146,130,102
2526150,Gloucester city,13444,7696,83883,105695,1.2403,40.3,2.4,0,0,-201,-83,271
42105,Potter County,6992,4210,59020,73736,1.2402,37.2,2.6,1,0,194,214,175
55043,Grant County,19960,12437,66858,83550,1.2402,29.2,8.5,1,0,583,688,468
5575325,Sparta city,4274,3045,64973,78802,1.2402,24.4,4.3,1,0,330,342,213
2717612,East Grand Forks city,3445,2535,77549,96956,1.2401,21.2,5.2,1,0,118,109,75
3714340,Conover city,3275,2015,65972,80660,1.24,31.2,7.2,0,0,64,83,91
5504625,Baraboo city,6108,3968,69750,88353,1.2399,29.5,5.6,0,0,252,278,178
0612552,Cerritos city,16065,9524,135439,169231,1.2399,40.4,0.3,1,0,-127,368,313
29089,Howard County,3585,2287,65938,80484,1.2399,32.6,3.7,1,0,78,51,40
48419,Shelby County,9366,6175,49776,61607,1.2398,30.0,4.1,1,0,153,443,373
0641474,Lincoln city,20078,11415,111990,140436,1.2397,42.5,0.7,1,0,-196,-91,-220
51035,Carroll County,12576,7205,54484,67768,1.2397,39.3,3.4,1,0,247,328,317
29163,Pike County,6424,3996,54989,70145,1.2396,33.5,4.3,0,0,154,154,189
3728080,Greenville city,40783,25159,49748,61692,1.2395,17.1,21.2,1,0,-268,1152,1950
5557100,New Richmond city,4369,3152,88157,108109,1.2395,25.0,2.9,1,0,184,130,104
0528510,Greenbrier city,2419,1774,57214,68906,1.2395,19.8,6.9,1,0,-15,69,25
21229,Washington County,4852,3339,61616,76732,1.2395,29.9,1.2,1,0,59,89,86
0630798,Grass Valley city,6769,3480,51764,66620,1.2394,45.5,3.1,0,0,-238,-270,-223
3976778,Tiffin city,7548,4612,56198,67809,1.2394,31.3,7.6,1,0,229,382,403
1636370,Hayden city,6169,3629,82958,108895,1.2394,38.0,3.2,1,0,-60,83,111
5663900,Rawlins city,3446,2380,64773,80114,1.2394,25.4,5.5,0,0,164,132,73
2651900,Marquette city,8903,4698,55613,70856,1.2394,26.7,20.6,0,0,-89,266,177
4810156,Brenham city,7659,4500,65112,78373,1.2393,32.6,8.7,0,0,311,568,406
3746000,Nashville town,2438,1658,61000,76259,1.2393,32.0,0.0,1,0,190,299,314
0638562,Kingsburg city,4413,2868,76913,95347,1.2392,33.6,1.4,0,0,45,61,60
3928826,Fremont city,6763,4408,47024,58746,1.2392,27.1,7.7,0,0,258,404,273
1782400,Winfield village,4019,2665,135795,167899,1.2392,33.7,0.0,1,0,0,20,-8
38073,Ransom County,2337,1440,75736,94890,1.2392,30.0,8.3,1,0,80,60,43
0473420,Thatcher town,1876,1232,82917,97791,1.2391,28.3,6.1,0,0,17,9,15
53069,Wahkiakum County,2100,1018,62653,77679,1.2391,49.5,2.0,0,0,8,-6,4
2960752,Raymore city,9322,6442,104447,127983,1.239,26.7,4.2,1,0,7,-63,-46
20155,Reno County,25592,15673,60645,75323,1.239,33.5,5.2,1,0,1098,1194,972
4879972,Wolfforth city,2203,1705,106250,132779,1.2389,17.2,5.4,0,0,-38,25,-54
4103050,Ashland city,10536,5289,68028,82761,1.2389,41.3,8.5,1,0,-411,-155,-68
21055,Crittenden County,3543,2262,46656,58315,1.2389,33.5,2.7,0,0,140,108,150
01127,Walker County,25388,16112,56509,69664,1.2389,33.4,3.1,1,0,395,623,743
1745031,Loves Park city,10302,6698,61868,78253,1.2388,30.1,4.9,1,0,432,662,486
55137,Waushara County,10586,6272,67107,83548,1.2387,39.1,1.7,1,0,237,245,174
72153,Yauco Municipio,13217,7467,24255,30257,1.2387,42.3,1.2,1,0,74,217,238
2811100,Canton city,4811,3253,38337,47052,1.2387,24.5,7.8,0,0,-133,-329,246
30087,Rosebud County,3070,2008,49914,61901,1.2387,32.1,2.5,0,0,153,68,90
1816804,Danville town,4521,3224,97083,118936,1.2386,26.5,2.2,1,0,-39,37,7
13071,Colquitt County,16803,11289,49341,61284,1.2386,29.6,3.2,1,0,368,229,478
4847916,Mexia city,2598,1801,42222,53080,1.2385,26.6,4.1,0,0,-107,-22,39
3576200,Taos town,3138,1758,47304,60429,1.2384,39.8,4.2,0,0,29,-31,91
18159,Tipton County,6266,3948,76156,94231,1.2384,33.2,3.8,0,0,246,221,242
4715400,Cleveland city,18829,11789,58559,72406,1.2383,30.9,6.4,1,0,17,527,894
53073,Whatcom County,94021,59918,81784,101732,1.2383,29.3,7.0,1,0,-1337,365,-118
3977588,Troy city,11243,7672,68830,85816,1.2383,27.8,3.9,1,0,501,403,252
3932592,Grove City city,17483,11995,93161,115496,1.2381,28.6,2.8,1,0,504,361,405
2445750,La Plata town,3941,2766,121208,150000,1.238,29.8,0.0,0,0,21,54,32
0177256,Tuscaloosa city,42257,25656,51464,63684,1.2379,23.7,15.6,1,0,-1855,938,865
2232930,Harahan city,4278,2629,79516,101172,1.2379,35.1,3.5,0,0,122,16,46
1753377,Norridge village,5767,3888,87807,108824,1.2379,31.7,0.8,0,0,19,36,24
45011,Barnwell County,8116,5304,46626,57795,1.2378,31.8,2.9,0,0,53,124,191
0603820,Banning city,11624,6318,61764,76594,1.2377,44.2,1.5,0,0,-192,-261,-83
0884440,Wheat Ridge city,15030,10318,90564,114328,1.2376,29.8,1.6,1,0,75,189,258
3206500,Boulder City city,6574,3605,74757,92570,1.2376,43.6,1.6,1,0,-53,-43,-10
2808820,Brookhaven city,4640,3150,36685,45645,1.2374,29.8,2.3,0,0,-45,-132,-3
3953102,Mount Vernon city,7100,4211,53845,67806,1.2374,33.5,7.2,0,0,75,258,293
28085,Lincoln County,13158,8713,51119,64259,1.2373,30.5,3.3,0,0,7,-36,84
2323200,Ellsworth city,3731,2415,77375,93426,1.2372,29.6,5.7,1,0,-15,-31,-24
5528875,Germantown village,8601,5967,100231,124118,1.2372,29.3,1.3,1,0,54,-9,32
1868670,Sellersburg town,4278,2674,72179,90751,1.2371,32.0,5.5,0,0,42,96,105
0610345,Campbell city,16923,12526,145268,180764,1.2371,24.4,1.6,1,0,79,575,563
21177,Muhlenberg County,12123,7853,51927,67202,1.2369,32.6,2.6,1,0,370,347,330
1373256,Statesboro city,12545,7095,44737,55226,1.2369,14.4,29.1,0,0,-123,368,642
5553750,Monroe city,5157,3151,69334,84214,1.2368,35.1,3.8,1,0,246,274,149
1258575,Port Orange city,28226,16907,74426,92327,1.2368,37.0,3.1,1,0,-653,-36,226
13101,Echols County,1145,792,59489,73816,1.2368,23.5,7.3,0,0,13,24,42
49019,Grand County,4554,2955,67106,86644,1.2368,30.0,5.1,0,0,76,134,88
30015,Chouteau County,2159,1281,58218,72790,1.2367,38.9,1.8,0,0,158,157,71
48425,Somervell County,3713,2275,79825,103750,1.2366,34.0,4.7,0,0,-3,9,-11
48093,Comanche County,5355,3120,59635,74099,1.2366,39.4,2.4,1,0,81,119,111
2760016,Shorewood city,2975,2097,171063,209190,1.2365,29.5,0.0,0,0,19,22,-1
1686140,Weiser city,2290,1326,45292,56124,1.2365,41.2,0.9,0,0,-96,47,74
29101,Johnson County,21087,13555,67272,83105,1.2365,21.2,14.6,1,0,780,823,601
1762367,Quincy city,17620,11315,56480,70631,1.2364,30.6,5.2,1,0,358,678,577
2730644,Hutchinson city,6487,3972,72836,90709,1.2364,30.8,7.9,1,0,314,265,162
4954990,North Logan city,3932,2611,89891,113313,1.2364,21.3,12.3,1,0,-113,58,74
1817074,Decatur city,4389,2724,58646,71152,1.2363,30.8,7.1,0,0,-77,74,173
26077,Kalamazoo County,107110,69095,72532,89640,1.2363,25.2,10.3,1,0,2286,2264,2001
55097,Portage County,29679,18324,76070,94446,1.2363,28.4,9.9,1,0,1515,1033,746
3460090,Pompton Lakes borough,4248,3024,124454,153700,1.2362,27.2,1.6,1,0,58,141,91
31143,Polk County,2114,1353,69768,87500,1.2361,32.5,3.5,1,0,56,76,63
20025,Clark County,788,455,63043,78918,1.2361,37.4,4.8,0,0,47,40,26
05071,Johnson County,10316,6900,45995,56639,1.236,27.9,5.2,1,0,353,299,221
0177304,Tuskegee city,3132,1744,38000,47750,1.236,30.4,13.9,0,0,-48,-19,230
18109,Morgan County,28279,19368,79429,100135,1.2359,29.1,2.4,1,0,543,216,148
38059,Morton County,13946,9171,79382,98366,1.2357,26.7,7.5,1,0,536,279,185
5307380,Bothell city,19448,14616,140427,174652,1.2356,22.0,2.8,1,0,71,760,234
1925860,Estherville city,2547,1568,54124,67619,1.2355,33.8,4.7,1,0,107,125,0
27119,Polk County,12360,8379,73107,90505,1.2355,28.6,3.6,1,0,227,280,203
1268135,Southwest Ranches town,2146,1333,161051,205117,1.2353,37.9,0.0,0,0,6,8,-46
5173712,South Boston town,2974,1798,44052,53830,1.2352,36.4,3.1,0,0,33,31,100
17035,Cumberland County,4177,2735,73327,90875,1.2352,32.8,1.8,1,0,63,59,49
3925396,Englewood city,5695,3607,80030,97278,1.2351,35.3,1.4,1,0,128,111,104
06113,Yolo County,76693,49888,91752,112537,1.2351,23.0,12.0,1,0,-3187,-2856,-1365
21085,Grayson County,10129,6601,50757,63185,1.2351,33.0,1.8,1,0,205,250,232
2154084,Mount Sterling city,3071,2088,55827,69793,1.235,25.5,6.5,0,0,108,101,129
16085,Valley County,4318,2242,76078,93880,1.235,47.6,0.5,1,0,164,123,89
20207,Woodson County,1254,772,50326,62143,1.235,37.5,1.0,0,0,20,10,4
45009,Bamberg County,4644,2607,44370,54756,1.2349,41.1,2.7,0,0,48,151,182
1779150,Waterloo city,4491,2784,98711,122166,1.2349,31.3,6.7,1,0,85,29,49
3959416,Painesville city,8348,6069,51516,63880,1.2348,20.3,7.0,0,0,-358,-105,353
16069,Nez Perce County,17270,10906,72599,88986,1.2348,32.5,4.4,1,0,477,564,494
1805860,Bloomington city,34514,19263,50465,62417,1.2348,17.7,26.5,1,0,-2600,-1572,220
2717000,Duluth city,37447,23084,68807,84868,1.2347,26.3,12.0,1,0,336,294,165
12101,Pasco County,236163,153429,70492,87571,1.2347,33.7,1.3,1,0,-1737,-745,62
27165,Watonwan County,4227,2689,71699,88938,1.2346,33.9,2.5,1,0,165,91,50
0636084,Huron city,1912,1674,52500,66176,1.2346,9.3,3.2,0,0,-100,-42,210
1319616,Cordele city,4194,2613,33800,42405,1.2346,28.9,8.8,0,0,-266,-74,141
27121,Pope County,4958,2972,76220,95789,1.2346,37.1,2.9,1,0,9,8,15
55041,Forest County,4006,2464,61071,75918,1.2346,36.1,2.4,1,0,135,114,49
55133,Waukesha County,168658,111231,106076,131610,1.2346,31.5,2.5,1,0,2148,1498,2007
5176000,Strasburg town,3006,2039,62464,79089,1.2345,28.9,3.3,0,0,36,103,91
1720591,Downers Grove village,20662,13816,115114,142519,1.2345,32.3,0.8,1,0,21,153,-14
22059,LaSalle Parish,5049,3435,68497,78944,1.2343,28.3,3.7,1,0,-23,-9,-8
1719161,DeKalb city,16388,10102,46481,57970,1.2343,18.0,20.3,1,0,-1900,-771,278
37077,Granville County,22474,15272,71111,87710,1.2342,30.2,1.8,1,0,778,645,643
21037,Campbell County,39232,26739,77567,95593,1.2342,26.8,5.0,1,0,832,689,570
2949196,Monett city,3499,2025,49390,60887,1.2341,31.6,10.6,1,0,0,107,217
13315,Wilcox County,2614,1623,54138,67784,1.2341,36.7,1.2,1,0,70,83,91
3663264,Rockville Centre village,9913,6650,151938,185874,1.2341,31.7,1.2,1,0,39,80,54
29059,Dallas County,6768,4253,53464,65361,1.2341,32.4,4.7,0,0,146,155,166
42067,Juniata County,9025,5819,66318,82845,1.234,32.7,2.8,1,0,365,303,263
5578375,Summit village,1940,1299,140682,167525,1.234,33.0,0.0,1,0,7,13,
48407,San Jacinto County,10881,6679,65364,79823,1.234,35.0,3.7,0,0,150,168,160
55063,La Crosse County,51497,32578,73013,90206,1.234,26.7,10.1,1,0,2319,1862,1262
51083,Halifax County,13613,8073,52013,64691,1.2339,39.1,1.6,1,0,0,135,359
12045,Gulf County,5944,3343,61179,76601,1.2339,38.1,5.7,0,0,-142,-18,23
2116372,Cold Spring city,2996,1805,75000,92540,1.2339,38.0,1.8,0,0,-5,52,36
26151,Sanilac County,17516,10782,58863,72697,1.2338,35.1,3.4,1,0,291,379,398
3461680,Ramsey borough,5455,4003,160996,193554,1.2338,26.6,0.0,0,0,-1,68,-67
5567625,Richland Center city,2411,1464,51932,63631,1.2338,34.1,5.1,0,0,101,76,69
35037,Quay County,4389,2489,41946,53920,1.2337,35.4,7.9,0,0,-87,-28,93
50019,Orleans County,12072,7371,70103,86901,1.2337,35.3,3.7,1,0,336,267,153
48161,Freestone County,7090,4376,59960,73970,1.2337,36.0,2.3,1,0,159,213,208
41027,Hood River County,8939,6076,88947,112128,1.2337,31.1,0.9,1,0,134,-36,-64
1214250,Coral Gables city,19210,12776,134216,169240,1.2336,30.7,2.8,1,0,-125,199,-102
2842280,Louisville city,2552,1517,36985,46161,1.2335,34.8,5.8,0,0,-12,66,77
2724308,Golden Valley city,9623,6343,108772,132687,1.2335,30.8,3.3,1,0,-58,-54,-60
4123800,Estacada city,1869,1350,94435,121751,1.2334,23.5,4.2,0,0,-9,21,
54033,Harrison County,26353,16976,60377,74865,1.2334,32.9,2.7,1,0,536,766,671
42093,Montour County,7862,5281,76976,93919,1.2334,30.0,2.8,1,0,206,318,345
3463360,River Edge borough,4503,3325,159028,194870,1.2334,25.7,0.5,0,0,123,158,84
4816240,Commerce city,3106,2397,44386,54598,1.2334,14.6,8.3,0,0,-81,101,38
36053,Madison County,26252,16627,75499,93173,1.2333,34.4,2.3,1,0,588,368,306
4165250,Sandy city,4499,3350,108984,134375,1.2333,22.3,3.2,0,0,-117,-95,-129
21005,Anderson County,9653,6542,74488,91823,1.2332,27.8,4.4,1,0,326,321,289
50009,Essex County,2823,1606,59294,73079,1.2332,39.1,4.0,0,0,0,50,40
20117,Marshall County,4176,2561,68419,83658,1.2332,35.4,3.3,1,0,115,110,101
4163650,Roseburg city,9857,5991,53918,67784,1.2331,33.5,5.7,0,0,-87,406,432
0646842,Menifee city,36557,24616,93454,117416,1.2331,31.6,1.1,1,0,-746,-776,-690
38039,Griggs County,992,553,61711,76720,1.2331,41.4,2.8,0,0,29,30,11
18047,Franklin County,9211,5973,78074,94823,1.233,33.4,1.8,1,0,380,351,326
13011,Banks County,6856,4731,77063,95399,1.233,28.5,2.5,1,0,159,143,159
39103,Medina County,73086,49362,94968,116553,1.233,30.4,2.1,1,0,776,665,824
39085,Lake County,101144,65145,80925,100049,1.2329,32.7,2.9,1,0,2947,2603,2262
2649640,Ludington city,3706,2035,46411,57700,1.2328,42.5,2.6,0,0,-181,43,186
46049,Faulk County,862,534,57750,72115,1.2327,34.0,4.1,0,0,24,26,8
3678465,Washingtonville village,2131,1382,95313,122468,1.2327,34.5,0.6,1,0,41,-23,-27
48063,Camp County,4817,3220,58843,71847,1.2327,31.3,1.8,0,0,35,46,41
0648256,Mission Viejo city,32946,21281,136123,170181,1.2326,34.4,1.0,1,0,-531,213,235
18015,Carroll County,8085,5170,65645,81565,1.2326,32.7,3.3,1,0,202,300,289
5540775,La Crosse city,22965,13102,55866,68299,1.2326,25.1,17.8,1,0,524,1238,559
20171,Scott County,2289,1441,68839,79133,1.2326,26.5,10.6,0,0,116,151,158
1924600,Eldridge city,2826,2051,106316,136678,1.2326,27.4,0.0,0,0,39,22,44
42081,Lycoming County,46861,30125,63917,79365,1.2325,31.3,4.4,1,0,1171,1438,1317
54015,Clay County,2972,1760,42318,53989,1.2325,38.9,1.9,0,0,45,53,95
3957008,North Royalton city,13417,8821,83670,103567,1.2324,31.2,3.1,1,0,332,338,322
46129,Walworth County,2415,1573,65026,78391,1.2324,30.0,4.8,0,0,33,44,48
3440530,Linwood city,2609,1530,156354,187733,1.2324,40.6,0.8,1,0,14,17,-28
05043,Drew County,7196,4585,42824,53202,1.2324,29.0,7.3,0,0,21,208,272
51143,Pittsylvania County,25020,15035,54085,67205,1.2321,37.8,2.1,1,0,309,489,491
0671225,Shasta Lake city,4035,2398,67401,88071,1.2321,33.8,6.8,1,0,-41,0,46
2713168,Corcoran city,2766,1788,133423,166509,1.2321,35.4,0.0,0,0,-5,10,-6
4117700,Dallas city,6768,4062,71549,88380,1.2321,35.1,4.9,0,0,53,146,148
5539650,Kimberly village,3271,2132,70451,87668,1.2321,29.7,5.1,1,0,115,125,77
1343192,Kennesaw city,13554,9605,83356,106813,1.232,22.4,6.8,1,0,-666,-236,-197
4843240,Lockhart city,5437,3533,68400,85065,1.232,27.4,7.7,1,0,65,161,78
49053,Washington County,69786,40778,80632,99533,1.232,36.9,4.7,1,0,-820,-238,-186
19073,Greene County,3922,2334,63409,79737,1.2319,36.3,4.2,1,0,164,149,107
1230000,Hialeah city,77044,52789,55594,68202,1.2319,30.3,1.2,1,0,-602,-4847,-42
19109,Kossuth County,6543,3830,67697,82740,1.2319,35.7,5.7,1,0,296,229,110
5586275,West Salem village,1976,1390,97019,119159,1.2319,29.7,0.0,0,0,109,33,85
47137,Pickett County,2167,1248,49030,60484,1.2319,38.3,4.1,0,0,44,71,45
0624638,Folsom city,29963,22386,139804,173142,1.2318,24.1,1.2,1,0,90,1329,-258
1938280,Indianola city,6152,4045,75453,93272,1.2318,30.1,4.2,1,0,147,20,33
20041,Dickinson County,8016,5178,68417,84510,1.2318,31.5,3.9,1,0,18,117,100
1219825,Edgewater city,10874,5481,60977,75582,1.2317,48.0,1.6,0,0,-44,-56,26
4965330,St. George city,36490,21194,76508,94605,1.2317,35.9,6.0,1,0,-218,-441,-213
0613756,Claremont city,11950,7543,125647,154543,1.2317,35.8,1.0,1,0,-309,-10,171
39163,Vinton County,5328,3712,55336,68280,1.2317,28.2,2.1,1,0,143,176,143
53041,Lewis County,32916,20191,74796,92144,1.2317,36.5,2.2,1,0,313,526,534
54017,Doddridge County,2554,1504,57401,71556,1.2317,40.6,0.5,0,0,60,33,23
18029,Dearborn County,20282,13457,84735,103161,1.2317,31.0,2.6,1,0,312,195,161
46015,Brule County,1955,1254,73720,90203,1.2316,34.8,1.0,0,0,47,48,39
55127,Walworth County,43087,26984,80520,101925,1.2316,31.0,6.3,1,0,1346,1146,561
1264825,Sebastian city,11586,6009,69409,83881,1.2316,48.0,0.1,1,0,-199,59,127
3979044,Upper Sandusky city,2874,1806,67071,83285,1.2315,32.4,4.8,1,0,166,219,188
1256975,Pinellas Park city,22144,14111,63432,78725,1.2315,33.9,2.3,1,0,-484,-799,-73
54063,Monroe County,4619,2589,56750,69090,1.2314,42.0,1.9,1,0,77,84,77
2688900,Wyandotte city,10737,7186,71987,87757,1.2314,29.8,3.3,1,0,229,211,180
27061,Itasca County,18541,11218,68603,84620,1.2312,37.5,2.0,1,0,207,298,184
3983342,Westerville city,15208,9726,109404,135211,1.2312,34.3,1.8,1,0,209,102,188
3903464,Avon Lake city,10896,7086,115567,141508,1.2311,33.4,1.6,1,0,172,174,182
39143,Sandusky County,24686,16330,62295,76764,1.2309,30.5,3.4,1,0,905,750,549
27057,Hubbard County,8964,5193,71995,87919,1.2309,40.1,2.0,1,0,156,31,-15
3969680,St. Marys city,3408,2249,79516,95294,1.2309,27.8,6.2,1,0,136,79,52
28039,George County,9302,6518,59758,73574,1.2309,25.3,4.6,1,0,239,298,301
56033,Sheridan County,13845,8730,71388,88762,1.2308,32.6,4.3,1,0,317,346,288
20053,Ellsworth County,2453,1477,65560,81281,1.2308,36.9,2.9,1,0,27,65,67
2056025,Pittsburg city,8287,4705,43419,53133,1.2308,20.0,23.2,1,0,-325,-30,502
0610046,Camarillo city,26250,16212,113428,140982,1.2307,36.6,1.6,1,0,-1674,-1218,-411
27113,Pennington County,6207,3954,77325,95575,1.2307,28.7,7.6,1,0,308,217,130
1646540,Lewiston city,14235,9030,72197,87564,1.2306,31.6,5.0,1,0,385,513,443
2134966,Harrodsburg city,4150,2762,48381,59527,1.2306,27.4,6.1,0,0,265,235,85
37087,Haywood County,27123,16185,61912,78061,1.2306,36.8,3.5,1,0,284,732,713
39037,Darke County,21297,13449,64486,78893,1.2305,32.9,4.0,1,0,708,720,639
47017,Carroll County,11541,7470,51787,64441,1.2305,32.3,2.9,1,0,306,454,463
4140350,La Grande city,5538,2997,58427,71305,1.2304,31.0,14.9,0,0,3,116,235
30101,Toole County,1852,1165,57731,70547,1.2304,32.2,4.9,0,0,50,70,107
0640032,La Mirada city,15304,9610,109288,134803,1.2303,36.0,1.2,1,0,-125,-101,165
19039,Clarke County,4071,2513,71641,88576,1.2303,30.3,8.0,0,0,137,61,31
17065,Hamilton County,3387,2107,65746,79842,1.2302,35.5,2.3,0,0,123,115,83
1740767,La Grange village,5816,4093,159929,197190,1.2302,28.0,1.7,1,0,99,153,36
16057,Latah County,16270,9933,65424,81177,1.2302,23.7,15.2,1,0,548,433,78
31131,Otoe County,6383,4088,82188,100564,1.2301,33.4,2.5,1,0,151,110,85
2483100,Westminster city,7949,5341,86219,109324,1.2301,30.4,2.5,1,0,145,189,95
28013,Calhoun County,5611,3411,43125,53683,1.23,32.9,6.3,1,0,188,234,168
3133705,Nebraska City city,2811,1796,67117,82934,1.23,31.2,4.9,0,0,71,77,50
19141,O'Brien County,5809,3607,68356,85670,1.2299,31.6,6.3,1,0,288,195,98
18009,Blackford County,5173,3203,51326,64562,1.2299,34.9,3.2,1,0,69,55,101
1848528,Merrillville town,15487,10004,67587,81141,1.2299,32.5,2.9,1,0,22,-178,-56
19055,Delaware County,7369,4655,74989,92231,1.2299,32.2,4.6,1,0,196,155,139
5439460,Huntington city,19753,11742,45100,55486,1.2298,27.8,12.7,1,0,-983,41,699
39101,Marion County,24683,15502,59371,73220,1.2297,32.1,5.1,1,0,926,1083,806
19125,Marion County,13316,8486,78680,97659,1.2297,30.7,5.6,1,0,441,344,271
17199,Williamson County,28983,19449,65604,80570,1.2296,30.3,2.6,1,0,714,975,630
51157,Rappahannock County,2985,1610,83380,102119,1.2295,44.9,1.2,0,0,51,28,27
20013,Brown County,3794,2280,62233,78042,1.2295,37.5,2.4,1,0,86,87,77
51181,Surry County,2830,1731,78041,94131,1.2295,35.9,2.9,0,0,53,45,43
38021,Dickey County,1962,1292,68654,86321,1.2295,29.7,4.4,0,0,29,37,26
3631643,Hamburg village,4327,2906,112292,138391,1.2293,31.2,1.6,1,0,86,65,109
19065,Fayette County,8342,5014,60165,73959,1.2293,34.1,5.8,1,0,132,186,95
2650560,Madison Heights city,13620,9320,69503,85399,1.2293,26.2,5.3,1,0,328,580,529
5066175,South Burlington city,9466,6429,106667,127098,1.2292,27.5,4.6,1,0,191,203,195
3881180,Valley City city,2984,1808,60339,74469,1.2292,33.1,6.3,1,0,181,152,50
4276032,Tamaqua borough,2824,2001,46176,57500,1.2292,25.5,3.6,0,0,-149,34,203
18107,Montgomery County,15602,10220,71479,87575,1.2292,29.2,5.3,1,0,350,310,227
28015,Carroll County,4258,2665,59327,72926,1.2292,37.0,0.4,0,0,100,126,162
1750868,Mount Carmel city,2979,1800,47009,57895,1.2291,34.9,4.7,0,0,78,21,34
12001,Alachua County,116786,72844,61949,76886,1.229,23.7,13.9,1,0,-3626,-2115,409
06061,Placer County,157954,104341,115998,142498,1.2289,32.4,1.6,1,0,-3243,-152,-1803
4842448,Levelland city,4614,3122,58000,72764,1.2288,23.8,8.5,0,0,101,119,106
42065,Jefferson County,18344,11606,58686,72436,1.2287,34.1,2.6,1,0,499,580,552
1777694,Vernon Hills village,11022,7637,121943,151169,1.2287,28.2,2.5,1,0,54,252,51
05079,Lincoln County,3592,2313,51778,66916,1.2287,32.1,3.5,0,0,136,148,124
32029,Storey County,1892,963,93409,115786,1.2286,49.1,0.0,0,0,1,3,3
0572890,Walnut Ridge city,2089,1371,45027,55312,1.2285,28.9,5.5,0,0,26,61,66
42099,Perry County,18299,12160,79444,97958,1.2285,31.7,1.8,1,0,451,317,232
4031700,Guthrie city,4055,2544,53457,67204,1.2284,32.8,4.5,0,0,-69,16,46
0100988,Albertville city,8054,5612,56099,68872,1.2284,28.3,2.0,0,0,-3,137,188
2704618,Becker city,1805,1255,86094,104812,1.2284,30.5,0.0,0,0,76,47,
4474300,Warwick city,36055,23927,88708,108492,1.2283,32.2,1.4,1,0,-130,129,151
3443620,Manville borough,4424,2943,93333,114251,1.2283,31.9,1.6,0,0,-176,-23,98
54043,Lincoln County,7673,5108,46205,56752,1.2283,31.8,1.7,0,0,136,246,232
39051,Fulton County,16986,11331,72864,89042,1.2282,30.6,2.7,1,0,689,381,248
27063,Jackson County,4387,2721,75743,93438,1.2282,33.7,4.3,1,0,155,98,87
05011,Bradley County,3752,2382,41476,51102,1.2281,33.9,2.6,0,0,16,-4,90
39093,Lorain County,127544,84034,73347,89989,1.228,31.3,2.8,1,0,3098,2646,1978
39107,Mercer County,16408,10811,76782,94556,1.228,31.4,2.7,1,0,524,427,339
5368260,Sultan city,2144,1716,94730,121154,1.2279,20.0,0.0,0,0,49,21,19
2938072,Kearney city,4316,2869,103622,126798,1.2279,31.0,2.5,1,0,97,57,78
05095,Monroe County,2790,1608,43214,53615,1.2278,39.5,2.9,0,0,79,116,178
39075,Holmes County,13395,9498,76140,94195,1.2278,26.1,3.0,1,0,585,358,335
1218575,Dunedin city,17398,9483,74477,91609,1.2278,43.7,1.8,1,0,-102,-3,-14
3673176,Tarrytown village,5353,3241,107106,137539,1.2278,34.1,5.4,1,0,-198,66,216
1224100,Fort Meade city,2196,1260,36657,45487,1.2277,40.9,1.7,0,0,-108,-72,-15
17001,Adams County,27915,17969,66220,81173,1.2277,31.7,3.9,1,0,821,1040,817
05075,Lawrence County,6613,4388,44882,55073,1.2277,29.9,3.7,1,0,45,215,256
37037,Chatham County,33004,20042,94317,115020,1.2276,36.8,2.5,1,0,333,236,179
48499,Wood County,18672,9801,60300,74165,1.2276,44.5,3.0,1,0,209,432,503
51161,Roanoke County,39725,24890,83709,102533,1.2275,34.6,2.8,1,0,1105,959,1030
50011,Franklin County,19963,14040,81313,99972,1.2275,27.4,2.2,1,0,296,286,150
20199,Wallace County,599,344,63207,77358,1.2275,35.4,7.2,0,0,30,27,16
31107,Knox County,3422,1965,64636,80494,1.2274,38.7,3.9,1,0,93,79,50
3758160,Roxboro city,3548,2276,36553,46080,1.2274,30.8,5.0,0,0,-191,-105,68
48487,Wilbarger County,4778,3098,54102,69510,1.2274,32.3,2.9,0,0,64,245,414
3121415,Hastings city,10677,6483,64048,78328,1.2273,29.8,9.5,1,0,476,399,91
4501360,Anderson city,12584,8220,46933,58806,1.2273,26.4,8.3,1,0,-228,5,455
27079,Le Sueur County,11650,7778,94968,113715,1.2272,29.3,3.9,1,0,132,81,70
17075,Iroquois County,11443,7170,66255,81976,1.2272,33.4,4.0,1,0,378,277,176
2743252,Minnetonka city,23515,15005,119517,147135,1.2272,34.4,1.8,1,0,290,516,347
1267550,South Miami city,4704,3234,94507,117162,1.2272,24.2,7.0,0,0,-223,-161,-78
4865600,San Marcos city,28013,15620,51281,63275,1.2272,16.1,28.2,1,0,-2282,-1694,408
51197,Wythe County,12533,8180,57745,70119,1.2272,31.4,3.3,0,0,177,127,201
0124568,Eufaula city,4985,3059,47392,58154,1.2271,33.3,5.3,0,0,19,111,177
05027,Columbia County,8409,5337,55334,64092,1.2271,29.9,6.6,1,0,277,271,293
0672576,Solvang city,2726,1326,109091,131203,1.2271,50.1,1.2,0,0,73,25,112
48065,Carson County,2293,1404,85231,102660,1.2271,37.3,1.5,0,0,81,89,92
42051,Fayette County,55182,34440,58236,71459,1.2271,34.1,3.5,1,0,1411,1809,779
3634847,Hilton village,2128,1299,87377,106625,1.2271,29.5,9.4,0,0,76,38,38
3941720,Lancaster city,16857,11004,59133,72926,1.227,28.6,6.1,1,0,141,556,335
0466820,Sierra Vista city,18862,11794,70291,87050,1.227,34.4,3.0,1,0,55,412,293
0666070,San Dimas city,12071,7847,105321,130144,1.227,34.1,0.9,1,0,-674,-342,262
48313,Madison County,4225,2574,74596,91293,1.2269,33.2,5.9,1,0,223,211,205
48455,Trinity County,6078,3423,52018,64968,1.2269,40.0,3.7,0,0,33,144,211
25001,Barnstable County,105777,55326,95241,117599,1.2268,46.4,1.3,1,0,-1253,-459,410
4856696,Penitas city,1808,1473,48993,59270,1.2268,18.5,0.0,0,0,92,27,0
08119,Teller County,11860,7588,85361,103492,1.2267,32.9,3.1,1,0,-176,-275,-178
47183,Weakley County,13384,8281,51880,64513,1.2267,28.5,9.6,1,0,351,562,463
08105,Rio Grande County,5133,3199,64411,81623,1.2267,32.6,5.1,0,0,145,137,104
1255775,Pembroke Pines city,64875,44130,85104,103287,1.2267,31.0,1.0,1,0,-1297,-2143,-1597
21079,Garrard County,6695,4588,63087,77062,1.2266,29.6,1.9,1,0,158,211,206
0841835,Lafayette city,12628,8939,119040,145589,1.2265,27.4,1.8,1,0,-160,274,48
1928605,Fort Madison city,4548,2663,50705,62657,1.2264,32.2,9.2,0,0,75,170,19
5531125,Greendale village,6102,3771,94769,114938,1.2264,35.7,2.5,1,0,137,110,139
06007,Butte County,83312,50192,67928,83764,1.2264,29.1,10.7,1,0,-2721,-925,-444
47015,Cannon County,5776,3894,59443,72632,1.2263,30.8,1.8,1,0,47,102,66
17019,Champaign County,85472,53022,63683,78684,1.2263,21.6,16.4,1,0,445,2723,1108
29129,Mercer County,1302,835,62679,75547,1.2262,33.2,2.7,0,0,29,33,33
29111,Lewis County,3185,2116,59934,73456,1.2262,30.6,2.9,1,0,93,100,104
54083,Randolph County,10678,6319,52757,65409,1.2261,36.2,4.6,1,0,51,326,338
48263,Kent County,308,135,72889,80682,1.226,56.2,0.0,0,0,9,14,14
2663820,Petoskey city,2648,1603,74196,91325,1.2259,32.5,6.9,1,0,89,42,36
3475620,Ventnor City city,4846,2747,68671,88639,1.2258,42.3,1.1,1,0,-49,-24,-75
0819850,Delta city,3760,2226,45250,55526,1.2258,34.6,6.2,0,0,47,58,-25
53051,Pend Oreille County,5949,3433,67436,80794,1.2258,40.1,2.2,0,0,126,128,108
29227,Worth County,847,537,47847,59348,1.2257,35.3,1.3,0,0,25,19,15
3105350,Blair city,3154,2049,81452,94918,1.2256,27.6,7.5,0,0,58,47,35
33017,Strafford County,52080,35161,88570,111556,1.2256,27.5,5.0,1,0,-126,185,485
27077,Lake of the Woods County,1817,1136,77546,93660,1.2256,34.0,3.5,1,0,67,61,53
27093,Meeker County,9347,5942,75446,92731,1.2255,32.1,4.3,1,0,213,90,81
47055,Giles County,12058,7729,62307,76094,1.2255,33.6,2.3,1,0,471,572,410
20023,Cheyenne County,1210,682,55429,68152,1.2255,41.2,2.4,1,0,50,63,57
46029,Codington County,12526,7879,72727,89105,1.2254,29.4,7.7,1,0,547,361,264
31023,Butler County,3524,2259,79268,97621,1.2254,33.5,2.4,0,0,111,77,48
31081,Hamilton County,3628,2359,83994,106176,1.2254,31.8,3.2,1,0,118,84,66
47163,Sullivan County,68907,42979,58807,72443,1.2254,34.0,3.6,1,0,1292,2030,1999
22019,Calcasieu Parish,77957,53424,67564,83146,1.2253,27.7,3.7,1,0,485,1437,1129
5541675,Lake Mills city,2581,1634,91027,110192,1.2253,30.0,6.7,0,0,58,51,50
16041,Franklin County,4932,3483,71950,90556,1.2253,26.2,3.2,1,0,161,73,42
0132416,Guntersville city,3494,2268,67929,83761,1.2253,32.9,2.2,1,0,145,127,132
26063,Huron County,14150,8169,58870,72183,1.2252,39.1,3.2,1,0,301,383,421
27013,Blue Earth County,27606,16718,74477,91166,1.2252,23.0,16.4,1,0,704,688,642
28025,Clay County,7805,5126,43125,53379,1.2251,29.5,4.8,0,0,-308,-56,284
5458684,New Martinsville city,2220,1352,60946,74808,1.225,35.9,3.2,0,0,40,47,50
18101,Martin County,3904,2533,68594,84003,1.2249,33.5,1.6,1,0,74,154,142
2744530,Mounds View city,5379,3648,90009,105163,1.2249,29.3,2.9,1,0,97,70,89
17169,Schuyler County,2734,1774,65948,79487,1.2249,32.8,2.3,0,0,99,90,63
1231350,Holly Hill city,5691,3681,55412,66227,1.2249,33.5,1.8,1,0,-233,-100,101
4876000,Waco city,53906,33484,54365,66432,1.2249,23.1,14.8,1,0,-1476,-796,817
2382105,Westbrook city,9138,6311,85038,104231,1.2248,27.9,3.1,0,0,111,25,-7
45067,Marion County,12177,7918,36301,44603,1.2247,34.0,1.0,1,0,260,422,397
3954562,New Franklin city,5665,3747,90244,111942,1.2247,32.4,1.5,1,0,46,63,61
21165,Menifee County,2478,1566,45096,55345,1.2247,32.0,4.8,0,0,42,50,73
1749009,Milan village,2550,1440,62597,77094,1.2246,31.0,12.5,0,0,55,63,57
18037,Dubois County,17574,11688,75979,92867,1.2246,28.5,5.0,1,0,749,339,301
27127,Redwood County,6293,3785,67866,82325,1.2245,34.5,5.4,1,0,138,154,103
28103,Noxubee County,3946,2869,33833,42054,1.2245,26.4,0.9,0,0,-10,-41,154
01111,Randolph County,9271,5701,52338,66224,1.2244,35.6,2.9,1,0,130,220,253
1341988,Jefferson city,4612,3602,109828,131876,1.2244,20.7,1.2,1,0,41,50,40
4879672,Windcrest city,2292,996,89844,112832,1.2243,52.6,4.0,0,0,13,17,20
27159,Wadena County,6081,3925,61467,75169,1.2243,29.5,6.0,1,0,164,226,127
20039,Decatur County,1327,730,53870,66800,1.2243,44.5,0.5,0,0,19,11,49
13293,Upson County,10595,7202,55429,66641,1.2242,30.5,1.5,1,0,176,348,474
2710972,Chaska city,11051,8193,110956,135614,1.2242,20.4,5.4,1,0,162,211,194
4738540,Jonesborough town,2619,1739,74015,89154,1.2241,33.6,0.0,0,0,67,57,72
0102116,Arab city,3344,2282,64333,80864,1.2241,27.3,4.5,1,0,111,133,133
02066,Copper River Census Area,1207,737,79250,103839,1.224,35.6,3.3,0,0,47,40,37
42131,Wyoming County,10912,6708,72460,89015,1.224,35.7,2.8,1,0,356,303,273
3957302,Norwalk city,7434,5129,60844,74105,1.224,28.7,2.3,1,0,177,263,324
0672646,Sonoma city,5285,2941,98527,118416,1.224,44.2,0.2,0,0,-40,-162,68
48017,Bailey County,2209,1464,61420,76179,1.2239,32.6,1.1,0,0,23,45,49
2751730,Plymouth city,32253,22965,136534,165980,1.2238,26.7,2.1,1,0,492,782,429
3134615,Norfolk city,10990,7157,58884,72230,1.2238,25.4,9.5,1,0,493,694,418
5347560,Mount Vernon city,13363,8650,75777,92820,1.2238,31.3,3.9,1,0,-79,-19,-28
17117,Macoupin County,17576,11165,70805,88639,1.2237,33.6,2.9,1,0,475,418,321
47145,Roane County,22790,14103,71885,87443,1.2236,36.1,2.0,1,0,543,400,286
0138416,Jasper city,5265,3245,66238,82057,1.2236,35.4,3.0,1,0,134,347,293
2572600,Waltham city,25498,17188,120216,145249,1.2236,25.4,7.2,1,0,-467,311,1195
4769560,Soddy-Daisy city,5232,3362,75113,91987,1.2235,31.6,4.2,1,0,149,185,176
25021,Norfolk County,283368,198251,130739,160488,1.2235,27.9,2.2,1,0,-2963,4642,-1836
4631060,Huron city,5584,3807,61452,74793,1.2235,25.6,6.2,0,0,188,248,238
18181,White County,10254,6626,67303,82895,1.2235,32.6,2.8,1,0,251,303,279
27101,Murray County,3609,2072,74033,90702,1.2235,38.3,4.3,1,0,75,64,54
21207,Russell County,7562,4921,44738,54792,1.2235,32.4,2.5,0,0,174,216,226
42013,Blair County,50558,32490,62382,77398,1.2233,33.3,2.4,1,0,1476,1552,1141
50027,Windsor County,25293,15299,77594,96534,1.2233,37.1,2.5,1,0,672,546,391
36021,Columbia County,26627,16243,81528,101322,1.2233,37.6,1.4,1,0,10,205,73
18105,Monroe County,59236,35893,65868,80586,1.2233,22.4,17.0,1,0,-1218,246,526
4842820,Lindale city,2491,1682,83249,101164,1.2233,29.7,2.8,0,0,77,108,102
55091,Pepin County,3046,1872,75256,92264,1.2232,35.4,3.1,1,0,74,68,63
55131,Washington County,57070,37881,96359,117698,1.2232,31.0,2.6,1,0,1225,694,1009
2619880,Davison city,2377,1450,48814,59444,1.2232,34.8,4.2,0,0,-106,-3,69
1255925,Pensacola city,25109,16110,74212,90560,1.223,30.8,5.0,1,0,20,402,445
3928476,Franklin city,4749,3530,58587,71403,1.223,20.9,4.8,0,0,92,166,108
5319035,Duvall city,2787,2177,197361,231240,1.2229,19.0,2.9,0,0,-5,20,13
5483500,Vienna city,4699,2946,60388,73958,1.2228,32.3,5.0,1,0,168,129,124
42125,Washington County,88505,56789,78958,97432,1.2228,33.3,2.5,1,0,2366,1898,1405
3659355,Port Jefferson village,3262,2078,144912,180901,1.2228,34.4,1.9,1,0,-9,96,44
17037,DeKalb County,39550,26108,70724,86890,1.2228,22.5,11.5,1,0,657,873,592
2135362,Hazard city,2024,1521,51016,63030,1.2227,24.9,0.0,0,0,-10,27,34
1366276,Rockmart city,1992,1268,56828,70317,1.2227,33.6,2.8,0,0,48,74,67
0652582,Novato city,20056,11909,115736,141745,1.2227,39.2,1.4,1,0,-746,-385,135
1962040,Pella city,3995,2420,84111,103965,1.2227,31.9,7.5,1,0,259,152,147
2953624,Oak Grove city,3132,2212,75102,91848,1.2226,23.3,6.0,0,0,87,95,60
47033,Crockett County,5508,3566,62165,76499,1.2226,30.8,4.5,1,0,290,251,230
4283136,West Hazleton borough,1692,1268,34118,41947,1.2226,21.2,3.8,0,0,98,-118,-49
4829336,Georgetown city,35400,19663,95062,117700,1.2226,40.6,3.9,1,0,-556,-137,213
48153,Floyd County,1952,1204,58462,70946,1.2225,34.0,4.4,0,0,63,59,44
4845000,Lubbock city,107086,69155,60895,74619,1.2225,20.7,14.8,1,0,-1832,1493,2231
2737556,Little Falls city,4106,2492,47863,59534,1.2224,37.4,1.9,0,0,58,135,92
0681204,Union City city,21240,15197,133715,165863,1.2224,27.4,1.0,1,0,-450,475,587
5510025,Brookfield city,16127,10267,129548,159205,1.2224,35.2,1.1,1,0,123,397,-60
3110110,Columbus city,9850,6428,64626,79582,1.2224,29.7,5.0,1,0,212,323,209
29115,Linn County,4801,3008,61635,76176,1.2224,34.6,2.8,1,0,116,102,93
72039,Ciales Municipio,5774,3334,22586,27345,1.2223,41.7,0.6,0,0,144,111,136
4141650,Lebanon city,7650,4782,63176,75528,1.2222,29.8,7.7,1,0,-279,-43,230
17145,Perry County,7875,4909,62118,77114,1.2222,31.8,5.9,1,0,197,192,149
1754820,Oak Lawn village,21618,14400,83911,106420,1.2222,31.6,1.8,1,0,219,141,40
2513660,Chicopee city,24424,16427,62615,75274,1.222,30.4,2.4,1,0,-114,463,339
5578600,Sun Prairie city,15887,11506,90942,109059,1.222,22.7,4.9,1,0,100,348,305
1722736,Effingham city,5423,3412,72377,85579,1.2219,30.6,6.5,1,0,246,173,92
72069,Humacao Municipio,20316,11744,27038,33504,1.2219,41.1,1.1,1,0,272,429,502
1901855,Ames city,25785,14024,60991,75409,1.2219,18.7,26.9,1,0,694,1307,262
3713240,Clinton city,2987,1734,44953,54908,1.2218,38.2,3.7,0,0,5,140,238
2044250,Manhattan city,22266,13470,60172,73729,1.2218,15.5,24.0,1,0,276,1124,804
72071,Isabela Municipio,14926,9410,23266,28572,1.2218,36.1,0.8,1,0,-151,34,313
2601540,Alma city,3545,2366,53307,63148,1.2218,26.0,7.2,0,0,132,147,72
2767432,Waconia city,5151,3971,111031,139243,1.2218,20.2,2.7,1,0,61,74,68
37171,Surry County,29869,19222,55656,67229,1.2217,32.3,3.4,1,0,781,873,876
42097,Northumberland County,37886,23801,60583,74434,1.2217,34.2,2.9,1,0,1241,1465,1227
54057,Mineral County,11120,7081,69375,85862,1.2216,33.6,2.7,1,0,184,190,121
17185,Wabash County,4740,2898,57086,70606,1.2216,35.2,3.7,0,0,46,19,60
54055,Mercer County,24224,14877,53210,64240,1.2215,35.2,3.4,1,0,210,417,616
2911368,Carl Junction city,3060,2180,82879,102140,1.2215,26.6,2.2,0,0,116,94,106
2718674,Elk River city,9835,7218,108741,134879,1.2215,24.6,2.0,1,0,131,49,45
47091,Johnson County,7298,4343,53129,65522,1.2215,36.8,3.7,1,0,143,174,240
41045,Malheur County,10292,6454,54519,66053,1.2214,32.5,4.8,1,0,349,535,540
2670760,St. Clair Shores city,27327,17987,73500,89736,1.2214,33.1,1.1,1,0,296,234,266
19185,Wayne County,2565,1616,61964,75345,1.2213,33.8,3.2,1,0,61,71,41
18031,Decatur County,10712,7240,69783,87279,1.2213,27.1,5.3,1,0,366,266,195
27035,Crow Wing County,29402,17858,72589,89393,1.2213,35.3,4.0,1,0,765,584,485
55083,Oconto County,16811,11039,75049,91669,1.2213,32.8,1.5,1,0,429,327,268
27085,McLeod County,15215,9930,80084,98677,1.2212,29.4,5.4,1,0,595,375,284
5305280,Bellingham city,41500,25581,66755,81924,1.2211,25.0,13.4,1,0,-2941,-1543,-425
54035,Jackson County,11515,7282,58845,72300,1.2211,33.9,2.9,0,0,212,162,151
53027,Grays Harbor County,30628,18431,64414,78652,1.221,37.4,2.4,1,0,365,513,275
42123,Warren County,16123,10039,60480,74072,1.221,35.9,1.8,1,0,661,586,422
3949644,Middleburg Heights city,7489,4758,78815,97304,1.2209,35.2,1.3,0,0,478,353,281
4739560,Kingsport city,25021,15126,52490,64982,1.2209,34.0,5.6,1,0,-112,466,607
2476650,Takoma Park city,6926,5091,108136,130713,1.2208,26.1,0.4,0,0,175,143,145
26115,Monroe County,63029,41711,77335,94945,1.2208,31.2,2.6,1,0,1276,882,881
2715454,Delano city,2605,1878,109946,137179,1.2207,25.7,2.2,1,0,7,29,24
2915670,Columbia city,52564,34685,66498,81601,1.2207,18.3,15.7,1,0,1706,2242,676
26007,Alpena County,13019,7837,53950,66086,1.2207,36.4,3.4,1,0,209,244,288
17095,Knox County,20972,12421,57030,70354,1.2207,35.7,5.1,1,0,599,713,355
4123850,Eugene city,76822,45771,66562,81484,1.2206,27.3,13.1,1,0,-4438,-1357,1067
38067,Pembina County,2973,1751,68393,84115,1.2206,38.2,2.9,1,0,99,129,74
3976582,The Village of Indian Hill city,2431,1348,234821,254585,1.2205,44.0,0.6,0,0,36,37,4
30047,Lake County,12576,7353,63360,77786,1.2205,38.7,2.9,1,0,309,417,307
1959835,Osceola city,2581,1661,68284,82801,1.2205,24.9,10.8,0,0,111,69,12
27055,Houston County,8134,5041,79825,96696,1.2204,35.1,3.0,1,0,191,130,77
17047,Edwards County,2666,1639,60519,74048,1.2203,33.4,5.1,1,0,85,60,22
55007,Bayfield County,7437,4054,71151,87115,1.2202,44.2,1.3,1,0,145,138,110
3512150,Carlsbad city,12445,8569,72306,90374,1.2202,28.2,3.0,1,0,371,411,358
3765040,Stokesdale town,2126,1578,121071,142821,1.2202,25.8,0.0,0,0,5,6,-6
48305,Lynn County,2099,1424,73679,89738,1.2201,29.0,3.1,1,0,57,76,76
31139,Pierce County,2842,1842,72357,88983,1.2201,30.5,4.7,1,0,109,150,136
05057,Hempstead County,7479,4761,46787,57443,1.2201,32.2,4.1,1,0,120,61,144
3923618,Eastlake city,8316,5002,62072,75983,1.22,36.0,3.9,1,0,147,251,181
4750580,Mount Carmel town,2046,1188,68866,84539,1.2199,39.2,2.7,1,0,21,61,59
2973942,Troy city,5138,3705,79012,97044,1.2199,23.9,4.0,0,0,-9,69,66
36117,Wayne County,38404,24893,74506,90892,1.2199,31.7,3.5,1,0,986,652,436
30053,Lincoln County,9082,5259,47143,58523,1.2198,40.9,1.2,0,0,92,171,171
2940043,Lake St. Louis city,7351,4584,125693,153980,1.2198,30.7,7.0,1,0,104,196,62
4072650,Tecumseh city,2339,1539,48573,57885,1.2198,30.1,4.1,0,0,-12,84,188
72027,Camuy Municipio,12431,7882,27411,33625,1.2198,35.8,0.8,1,0,-64,162,119
12103,Pinellas County,428473,260065,72646,88690,1.2197,37.5,1.9,1,0,-7867,-6008,-2036
48433,Stonewall County,513,298,56875,71250,1.2197,38.6,3.3,0,0,4,5,12
29083,Henry County,9217,5563,57926,70570,1.2196,37.0,2.7,1,0,171,209,202
1764746,Rochelle city,3759,2496,66307,81194,1.2196,28.0,5.6,0,0,217,214,98
0543460,Magnolia city,3732,2111,56127,65050,1.2194,31.5,11.9,0,0,168,186,200
1819270,Dyer town,6416,3970,107159,127515,1.2194,37.7,0.4,1,0,66,-2,82
4848936,Monahans city,2873,2308,70677,87040,1.2194,18.1,1.6,0,0,134,146,161
48221,Hood County,25523,15013,88160,106878,1.2193,39.1,2.0,1,0,258,244,253
0619612,Dos Palos city,2099,1460,42367,53657,1.2193,27.8,2.6,0,0,32,86,-57
38055,McLean County,4377,2681,83583,100903,1.2192,34.9,3.9,1,0,107,49,33
38057,Mercer County,3594,2313,80946,101614,1.2191,32.7,2.9,1,0,25,58,48
4981960,Washington city,11501,7097,91853,111680,1.2191,34.3,4.0,1,0,-126,45,37
36039,Greene County,18674,11286,77945,95473,1.2191,38.5,1.0,1,0,273,241,235
3646019,Massena village,4904,3308,51458,62644,1.219,30.4,2.1,0,0,192,327,199
01091,Marengo County,7898,5064,43825,53333,1.219,32.6,3.3,0,0,-91,83,234
1914025,Clear Lake city,3519,2115,79415,96565,1.219,36.4,3.5,0,0,158,111,108
4760280,Portland city,5018,3507,72647,90892,1.2189,23.2,6.9,1,0,65,101,86
0668252,San Mateo city,39895,28684,153504,187002,1.2189,25.7,2.4,1,0,107,341,553
1730029,Glenwood village,3180,2077,77391,93567,1.2189,33.0,1.7,1,0,31,-1,-8
4237955,Jefferson Hills borough,4576,2985,116064,141893,1.2188,33.3,1.5,1,0,53,46,68
1228452,Hallandale Beach city,19705,12888,52340,64779,1.2187,33.0,1.6,1,0,-882,-1628,-41
48303,Lubbock County,126225,82986,64155,78618,1.2187,21.3,13.0,1,0,-1042,2320,2653
46019,Butte County,4306,2656,75652,92019,1.2186,31.0,7.3,0,0,146,133,93
4858940,Port Neches city,5469,3858,81637,100410,1.2186,27.6,1.9,0,0,156,129,130
2746042,New Ulm city,6081,3864,64449,80411,1.2186,30.9,5.5,1,0,93,268,176
27153,Todd County,10209,6316,67662,82132,1.2186,34.9,3.2,1,0,254,280,178
3712960,Clemmons village,8784,6102,87655,106635,1.2185,27.1,3.4,1,0,48,-3,-28
0668028,San Juan Capistrano city,12252,7533,129457,155477,1.2184,37.9,0.6,1,0,-79,91,213
2737322,Lino Lakes city,7685,5517,127181,155722,1.2184,27.0,1.2,1,0,6,9,8
51011,Appomattox County,6639,4327,62853,76492,1.2183,33.4,1.4,1,0,202,270,252
3972928,Solon city,8885,5784,139089,167268,1.2182,34.3,0.6,1,0,123,171,170
13131,Grady County,10108,6730,58980,72245,1.2182,30.6,2.8,0,0,144,485,571
2939044,Kirkwood city,11992,7775,121270,147848,1.2182,34.0,1.1,1,0,122,173,130
20125,Montgomery County,12880,7825,55697,69429,1.2182,34.5,4.7,1,0,415,543,403
48123,DeWitt County,6921,4165,63730,76109,1.2181,35.1,4.7,1,0,292,420,432
39001,Adams County,10421,6542,50264,61144,1.2181,33.7,3.5,1,0,52,197,271
46073,Jerauld County,785,465,73750,91220,1.2181,38.1,2.7,0,0,15,13,10
49007,Carbon County,8123,4995,58377,71432,1.218,33.2,5.3,1,0,173,355,154
3506480,Belen city,2757,1657,42627,50926,1.2178,32.2,7.7,0,0,-127,-14,68
31077,Greeley County,958,525,63929,79036,1.2178,40.5,4.7,0,0,19,22,16
06017,El Dorado County,76185,47831,108845,133118,1.2178,36.0,1.2,1,0,-150,49,-6
27145,Stearns County,61403,40130,77066,93941,1.2178,26.3,8.3,1,0,1058,1383,1221
27041,Douglas County,17519,10643,79043,95815,1.2178,34.4,4.9,1,0,467,268,212
13201,Miller County,2573,1628,51425,63440,1.2178,34.6,2.1,0,0,124,94,63
2966044,Savannah city,2131,1371,62535,77194,1.2177,31.6,4.0,0,0,231,160,47
4728960,Germantown city,15568,9430,149920,182543,1.2177,38.9,0.5,1,0,125,145,64
2712160,Cloquet city,5326,3646,61367,74293,1.2177,26.3,5.2,1,0,84,167,61
32023,Nye County,22175,11943,60714,73778,1.2177,44.9,1.3,1,0,-296,-80,249
19063,Emmet County,4063,2518,63730,76443,1.2175,34.4,3.6,1,0,196,136,21
5564450,Port Washington city,5572,3720,81948,97830,1.2175,31.1,2.1,1,0,283,104,74
4834088,Hillsboro city,2837,1814,56083,68649,1.2175,30.8,5.3,0,0,43,101,123
3742240,Mebane city,7857,5782,83174,97373,1.2175,23.2,3.2,0,0,165,198,175
2746924,Northfield city,6380,3917,84895,106336,1.2175,33.5,5.1,1,0,217,126,120
22099,St. Martin Parish,19579,13328,55960,69363,1.2174,28.8,3.1,1,0,395,441,409
3980766,Wapakoneta city,4379,2749,65570,80641,1.2174,33.3,3.9,0,0,215,179,80
0822035,Durango city,8916,5881,78602,95376,1.2174,23.4,10.7,1,0,-446,-312,-36
4283512,West Mifflin borough,8286,5319,76563,92193,1.2173,32.9,2.9,1,0,67,46,53
0619990,Duarte city,7515,4687,105483,127569,1.2173,36.7,0.9,1,0,-62,77,179
0528780,Greenwood city,3841,2510,66844,80187,1.2172,30.1,4.6,1,0,129,151,160
2669020,Rochester city,5610,4000,111750,139957,1.2172,25.1,3.6,1,0,82,71,98
4206064,Bethel Park municipality,14829,9161,107090,130565,1.2172,37.0,1.3,1,0,276,243,265
22023,Cameron Parish,2018,1375,75278,91609,1.2171,30.3,1.5,0,0,9,-6,-7
18171,Warren County,3359,2207,82425,102494,1.2171,32.8,1.5,1,0,48,41,41
2965126,St. Peters city,24591,16434,91637,110406,1.2171,30.8,2.4,1,0,43,135,139
1724582,Evanston city,31705,20381,96434,116974,1.217,29.2,6.5,1,0,118,-136,-185
1816336,Cumberland town,2586,1920,87364,109583,1.217,25.8,0.0,0,0,124,79,76
01093,Marion County,10614,6368,50088,60949,1.2169,37.4,2.6,1,0,196,306,267
19119,Lyon County,4479,2897,76746,92891,1.2168,32.0,3.3,1,0,153,116,107
0153016,Muscle Shoals city,6934,4663,75894,92320,1.2167,28.2,4.5,0,0,425,375,388
0828745,Fruita city,5273,3439,87184,105107,1.2166,33.9,0.9,1,0,91,49,75
2939026,Kirksville city,6251,3565,50071,60938,1.2166,23.5,19.5,1,0,121,211,333
48241,Jasper County,13845,8427,56723,69909,1.2166,33.2,6.0,1,0,-35,104,276
41069,Wheeler County,703,334,55284,66786,1.2165,51.4,1.1,0,0,36,38,28
0687042,Yucaipa city,18506,13179,90794,112482,1.2164,28.0,0.8,1,0,-69,-110,-117
19165,Shelby County,4882,2965,72738,88634,1.2164,34.2,5.0,1,0,114,59,34
36057,Montgomery County,19603,13087,64943,80496,1.2163,30.4,2.8,1,0,475,794,652
0533190,Hope city,3522,2291,37500,47307,1.2162,28.9,6.1,0,0,-131,30,57
55099,Price County,6539,3771,60546,73869,1.2162,40.6,1.8,1,0,144,180,136
36107,Tioga County,20347,12943,72739,87822,1.2161,32.8,3.6,1,0,427,466,441
1871828,Speedway town,6095,4346,60147,73282,1.2159,21.4,7.3,1,0,11,401,153
54103,Wetzel County,6113,3672,56836,70836,1.2159,37.0,3.0,1,0,146,138,113
31119,Madison County,14462,9512,63128,76190,1.2157,26.2,8.0,1,0,753,864,513
0685922,Windsor town,9192,6153,133979,156538,1.2157,32.4,0.7,1,0,-45,-1,41
39027,Clinton County,16761,10905,70407,84372,1.2157,30.3,4.6,1,0,524,607,465
4866464,Sealy city,2548,1607,56514,68664,1.2156,30.1,6.9,1,0,-114,-16,-27
55023,Crawford County,6706,3886,64094,78467,1.2156,38.5,3.6,1,0,178,205,165
18167,Vigo County,42399,26465,52976,63772,1.2156,28.8,8.8,1,0,-407,824,1227
51117,Mecklenburg County,13569,7880,57045,69116,1.2156,39.8,2.1,1,0,390,562,513
5578750,Sussex village,4749,3446,119041,141193,1.2155,24.5,3.0,1,0,101,88,151
30095,Stillwater County,3810,2271,84732,107303,1.2155,37.5,2.9,1,0,80,64,55
2961706,Richmond Heights city,4371,3227,94460,117924,1.2154,21.0,5.1,0,0,59,106,98
5347735,Mukilteo city,8365,6023,132861,159652,1.2154,26.6,1.4,1,0,-68,97,16
20129,Morton County,972,636,66447,76453,1.2154,30.3,4.2,0,0,17,9,1
1982875,Waverly city,3856,2328,80284,95821,1.2153,31.4,8.3,1,0,71,88,96
42003,Allegheny County,545802,360683,78548,95795,1.2153,30.2,3.7,1,0,12474,10667,8264
5520350,Dodgeville city,2283,1475,72288,84352,1.2153,29.6,5.8,0,0,82,102,26
2674960,Southgate city,12553,8598,66118,81473,1.2153,29.6,1.9,1,0,273,390,307
3939340,Johnstown city,1968,1377,91713,113934,1.2153,23.4,6.6,0,0,118,63,71
20015,Butler County,25338,17227,81610,96743,1.2153,27.2,4.8,1,0,721,498,498
42031,Clarion County,15049,9514,62649,75795,1.2152,31.8,5.0,1,0,688,554,429
26103,Marquette County,28255,16671,65429,80125,1.2152,31.0,9.9,1,0,604,639,327
42113,Sullivan County,2551,1421,69764,83672,1.2152,42.9,1.4,1,0,43,67,63
0171190,Smiths Station city,1795,1299,64669,83017,1.2151,26.9,0.8,0,0,50,36,13
21191,Pendleton County,5442,3715,64669,80466,1.2151,29.0,2.7,0,0,92,207,120
18143,Scott County,9848,6745,56352,69641,1.215,27.0,4.5,1,0,278,379,299
19061,Dubuque County,40989,26725,77630,95231,1.215,28.9,5.9,1,0,1217,1014,790
3423910,Florham Park borough,4668,2959,158696,193005,1.215,35.9,0.7,0,0,14,-4,-63
04012,La Paz County,8959,3852,49478,60101,1.2149,53.4,3.6,0,0,361,380,384
3956294,North Canton city,8499,5034,72544,85706,1.2149,36.7,4.0,1,0,490,403,311
0240950,Kodiak city,1880,1107,90292,110166,1.2149,23.6,17.6,0,0,-19,26,50
2000125,Abilene city,3152,1922,57924,71108,1.2148,33.2,5.9,0,0,-107,-37,14
21235,Whitley County,13541,9098,44615,54296,1.2147,27.8,5.0,1,0,-21,223,499
2901972,Arnold city,8394,5807,78370,94779,1.2147,29.6,1.3,1,0,169,74,102
20143,Ottawa County,2408,1499,74018,89867,1.2147,33.0,4.8,1,0,45,55,50
3452620,North Caldwell borough,2194,1483,208245,246002,1.2147,32.4,0.0,0,0,4,8,-16
20193,Thomas County,3139,1936,71325,87197,1.2147,29.5,8.9,0,0,89,55,33
1949485,Marion city,16915,11816,86743,106962,1.2147,27.3,2.9,1,0,88,85,89
38077,Richland County,6849,4186,75432,91952,1.2147,31.2,7.7,1,0,409,262,162
46007,Bennett County,920,580,53750,67308,1.2146,34.8,2.2,0,0,22,45,66
1734722,Highland Park city,11787,7010,168094,210489,1.2145,39.8,0.7,0,0,146,196,-10
30097,Sweet Grass County,1552,937,77000,93065,1.2145,38.8,0.8,1,0,49,65,62
5546850,McFarland village,3876,2833,97500,120779,1.2145,23.9,3.0,0,0,107,52,43
36043,Herkimer County,25741,16137,68515,82497,1.2144,34.0,3.3,1,0,767,751,481
21145,McCracken County,27601,18068,64373,80461,1.2144,31.7,2.8,1,0,704,973,677
0453700,Payson town,8224,3614,67710,83861,1.2144,52.9,3.2,1,0,48,423,423
1728326,Galesburg city,12628,7346,48297,58119,1.2144,35.8,6.0,1,0,287,499,271
56045,Weston County,2848,1924,89509,104688,1.2144,30.5,1.9,1,0,107,75,75
47005,Benton County,7121,4190,51746,62962,1.2144,37.4,3.7,1,0,267,455,308
2942032,Liberty city,11568,7981,88542,106975,1.2144,26.9,4.1,1,0,330,275,193
3632710,Hastings-on-Hudson village,3164,1942,193621,231716,1.2142,38.6,0.0,0,0,96,120,53
1731121,Grayslake village,8165,5961,113972,138974,1.2141,22.6,4.3,1,0,1,69,29
27117,Pipestone County,3971,2569,69628,85170,1.2141,29.8,5.5,1,0,113,53,18
1933105,Grinnell city,3635,2120,65320,79054,1.2139,34.7,7.0,0,0,212,189,70
0176944,Trussville city,9528,6862,123275,149890,1.2139,27.2,0.8,1,0,23,87,9
0611040,Capitola city,4564,2799,102976,123771,1.2139,36.2,2.5,0,0,-74,-283,286
30077,Powell County,2432,1552,66923,80556,1.2139,33.1,3.1,0,0,174,139,88
4822864,El Campo city,4350,2791,67017,79299,1.2138,32.2,3.7,1,0,-34,49,62
5103368,Ashland town,2809,1814,61164,75481,1.2138,30.2,5.2,0,0,-11,58,39
27007,Beltrami County,18172,11438,68975,83795,1.2138,28.4,8.7,1,0,731,642,352
27033,Cottonwood County,4630,2793,72941,87606,1.2138,31.6,8.1,1,0,183,210,166
2834740,Indianola city,3493,2322,41708,50667,1.2137,29.2,4.4,1,0,108,-12,102
24023,Garrett County,12578,7739,67688,82057,1.2137,35.6,2.8,1,0,307,344,210
1313492,Carrollton city,9992,6592,54379,66286,1.2136,21.7,12.4,1,0,-154,-303,96
29053,Cooper County,6246,3924,70625,85460,1.2136,32.1,5.0,1,0,213,275,233
1901630,Altoona city,8489,5800,86114,102006,1.2136,27.9,3.8,1,0,172,164,127
39137,Putnam County,13153,8695,84928,102511,1.2136,31.6,2.3,1,0,328,191,150
0258660,Palmer city,2310,1508,72201,88071,1.2136,27.7,7.0,0,0,39,40,19
4877272,Weslaco city,14218,9928,59551,72301,1.2134,26.2,3.9,1,0,400,598,557
5554725,Mount Horeb village,2905,2095,107856,128089,1.2134,27.1,0.8,0,0,55,68,72
55005,Barron County,19955,12285,65933,81284,1.2134,35.4,3.0,1,0,679,691,465
5523575,Elm Grove village,2269,1437,158016,190224,1.2133,34.4,2.3,0,0,14,16,6
1851912,Munster town,9471,6304,110187,133355,1.2133,32.6,0.9,0,0,100,23,137
0171832,Southside city,3297,2195,76487,97511,1.2133,32.4,1.0,1,0,28,37,29
45039,Fairfield County,8930,5479,47885,57767,1.2133,36.5,2.2,1,0,-9,90,17
72143,Vega Alta Municipio,14015,8916,25538,31193,1.2133,34.3,2.0,1,0,25,-26,272
20197,Wabaunsee County,2684,1744,76908,93436,1.2132,32.9,2.2,1,0,83,34,33
51015,Augusta County,31083,19177,82049,98996,1.2132,36.3,2.0,1,0,620,529,530
13155,Irwin County,3589,2427,51384,63438,1.2132,29.6,2.7,0,0,69,134,236
18023,Clinton County,12496,8390,65019,79125,1.2131,27.6,5.3,1,0,563,644,503
30037,Golden Valley County,376,197,58333,66094,1.2131,47.1,0.5,0,0,12,8,10
19057,Des Moines County,17178,10624,62928,77154,1.2131,33.2,5.0,1,0,456,543,351
31133,Pawnee County,1090,589,62188,74519,1.2131,41.7,4.3,0,0,26,27,19
2649000,Livonia city,38348,25328,98460,119144,1.2131,33.0,0.9,1,0,244,197,247
51175,Southampton County,6868,4257,70795,85454,1.2131,36.7,1.3,1,0,186,143,84
2973816,Trenton city,2313,1364,50015,60686,1.2131,36.8,4.2,0,0,90,46,91
1279225,Zephyrhills city,8374,4815,52108,62633,1.213,41.9,0.6,0,0,-165,-27,27
4108650,Brookings city,2987,1896,74933,90813,1.213,36.5,0.0,0,0,67,142,132
3135000,North Platte city,10415,6706,58097,71065,1.213,31.9,3.7,1,0,299,521,431
39097,Madison County,15686,11059,87045,107086,1.213,27.6,1.9,1,0,405,211,178
72035,Cayey Municipio,17016,10272,30129,36562,1.2129,37.6,2.0,1,0,592,655,688
39127,Perry County,13452,8923,67460,82648,1.2129,31.2,2.5,1,0,296,446,430
5301990,Anacortes city,8109,4396,91951,112917,1.2129,43.6,2.2,1,0,88,-6,-49
1707770,Braidwood city,2584,1671,82202,106719,1.2128,31.2,4.2,0,0,25,31,18
48165,Gaines County,6929,5105,74132,89397,1.2128,18.6,7.7,1,0,215,208,199
29103,Knox County,1288,750,57788,69000,1.2128,38.7,3.1,1,0,33,19,14
3905690,Berea city,7230,4754,74926,90903,1.2126,30.5,3.7,1,0,183,131,106
3979492,Vandalia city,6510,4309,73275,89202,1.2126,30.1,3.7,0,0,287,306,244
5303736,Bainbridge Island city,9887,5951,172188,210538,1.2126,39.8,0.0,0,0,198,248,18
24013,Carroll County,64285,45203,118211,143546,1.2126,28.5,1.2,1,0,416,537,422
31015,Boyd County,744,398,67045,83712,1.2125,44.0,2.6,0,0,24,15,6
55077,Marquette County,6987,3993,65681,79718,1.2125,40.1,2.7,1,0,217,216,139
46119,Sully County,637,347,72578,88194,1.2124,38.0,7.5,0,0,51,20,8
4516000,Columbia city,53076,34372,55529,67150,1.2124,20.0,15.2,1,0,-2610,-2076,-206
27071,Koochiching County,5872,3399,66940,80712,1.2123,37.3,4.8,1,0,185,206,138
3983090,West Carrollton city,5888,4067,61619,76646,1.2123,22.8,8.2,1,0,184,387,324
17105,Livingston County,14615,9316,73790,89558,1.2123,31.4,4.8,1,0,582,489,383
1847448,Martinsville city,4907,3317,60177,72961,1.2123,28.1,4.3,0,0,162,205,73
53039,Klickitat County,9872,5760,71042,85540,1.2122,38.4,3.3,0,0,99,203,155
72089,Luquillo Municipio,6966,3846,24225,29395,1.2122,43.3,1.5,0,0,237,345,135
46123,Tripp County,2258,1327,58987,70643,1.2121,38.0,3.2,0,0,91,101,17
4804504,Athens city,4698,2889,67984,79928,1.2121,33.3,5.2,0,0,-43,95,156
55081,Monroe County,18301,12387,69467,83626,1.2121,28.6,3.7,1,0,694,730,519
26161,Washtenaw County,150550,97552,89180,107816,1.212,24.2,11.0,1,0,-772,703,1012
18165,Vermillion County,6594,4228,60200,73169,1.2119,31.6,4.3,1,0,192,236,223
48361,Orange County,32437,22119,72104,87630,1.2119,26.9,4.9,1,0,499,412,411
01011,Bullock County,3688,2313,31310,37707,1.2119,35.8,1.4,0,0,-122,-78,159
55013,Burnett County,7188,3729,62819,76306,1.2118,46.9,1.2,1,0,232,173,46
0662364,Rocklin city,25951,18779,124168,150623,1.2118,24.8,2.8,1,0,-684,205,-455
1861164,Porter town,2128,1387,74542,89901,1.2118,32.7,2.1,1,0,31,-1,4
36101,Steuben County,39219,25256,65887,81071,1.2118,31.7,3.9,1,0,692,881,688
37003,Alexander County,14126,9033,65354,78342,1.2117,34.6,1.5,1,0,401,428,393
30057,Madison County,3740,2014,75250,91349,1.2116,45.0,1.1,1,0,101,80,74
1709980,Burr Ridge village,4536,2144,156829,185791,1.2116,52.7,0.0,0,0,-45,-60,-6
2946316,Marshall city,4456,2799,54437,67467,1.2116,29.6,7.6,0,0,91,180,159
13105,Elbert County,8376,5400,58450,70677,1.2116,32.2,3.3,0,0,246,265,314
17053,Ford County,5828,3946,62439,75724,1.2116,27.7,4.6,1,0,191,198,152
13005,Bacon County,4204,2740,44694,54151,1.2115,30.2,4.6,0,0,66,104,127
48031,Blanco County,5166,3066,92425,107824,1.2115,38.3,2.4,0,0,62,84,84
3771940,Wesley Chapel village,3063,2329,132188,161800,1.2115,24.0,0.0,0,0,-9,-8,-5
31167,Stanton County,2313,1474,80687,96233,1.2114,32.1,4.2,1,0,51,41,43
31141,Platte County,13658,8883,71552,86684,1.2114,30.5,4.5,1,0,418,355,258
3931860,Green city,10897,7057,95047,113898,1.2113,33.5,1.8,1,0,167,67,157
3654100,Nyack village,3427,2451,116649,139031,1.2113,28.5,0.0,0,0,-36,83,180
51103,Lancaster County,5701,2609,69713,86880,1.2113,50.9,3.3,1,0,231,237,208
19197,Wright County,5353,3213,67190,81912,1.2112,33.0,7.0,1,0,211,180,93
27015,Brown County,11027,6919,69378,84628,1.2112,33.1,4.1,1,0,288,332,207
39009,Athens County,23014,13982,56001,67690,1.2112,26.8,12.4,1,0,-277,244,553
4278528,Uniontown city,4869,3103,35454,43412,1.2111,29.5,6.8,0,0,-301,-130,91
18073,Jasper County,12755,8275,77314,94442,1.2111,32.6,2.6,1,0,314,287,272
31041,Custer County,4502,2771,67906,80533,1.2111,32.7,5.8,1,0,286,270,172
38049,McHenry County,2244,1360,80733,95305,1.2111,34.5,4.9,1,0,34,30,34
31019,Buffalo County,19984,12902,75911,92021,1.2111,26.4,9.0,1,0,775,637,519
3525170,Española city,4132,2709,47667,57861,1.211,31.2,3.2,0,0,-33,26,123
3442510,Madison borough,5614,4219,171471,207352,1.211,23.4,1.4,0,0,170,210,10
38097,Traill County,3333,2159,87004,106459,1.211,29.7,5.5,1,0,86,68,54
0803455,Arvada city,49881,35505,117348,142159,1.211,26.2,2.6,1,0,-427,357,0
0640340,La Puente city,9624,7025,86602,104958,1.2109,26.1,0.9,1,0,-321,-239,350
4858280,Pleasanton city,3659,2501,65034,76405,1.2109,28.0,3.6,0,0,56,323,361
48277,Lamar County,20019,12882,61880,75492,1.2109,33.2,2.4,1,0,724,781,659
01125,Tuscaloosa County,90052,60720,66231,79534,1.2109,23.3,9.2,1,0,2500,3100,1676
4732520,Harriman city,2545,1708,44653,54144,1.2108,29.2,3.7,0,0,-48,73,59
4014200,Choctaw city,4266,2896,100574,121935,1.2108,30.2,1.9,1,0,82,44,79
4831328,Groves city,6131,4566,73710,89077,1.2108,23.7,1.8,0,0,-4,44,39
39047,Fayette County,11582,7755,63275,76822,1.2108,29.0,4.1,1,0,635,558,336
21205,Rowan County,9592,6019,54321,67626,1.2107,26.7,10.6,1,0,409,654,628
26037,Clinton County,31639,21315,88210,107424,1.2107,28.7,3.9,1,0,461,330,371
1863792,Rensselaer city,2127,1326,60331,73710,1.2107,29.5,8.2,1,0,111,109,69
2768296,Waseca city,3546,2391,64074,75091,1.2106,27.3,5.2,0,0,-11,108,36
2680700,Troy city,33372,23316,120045,146368,1.2106,28.2,1.9,1,0,476,696,577
4269720,Sharon city,6155,4204,45670,55229,1.2105,26.7,5.0,1,0,-128,28,177
0412840,Chino Valley town,5731,3036,61237,75666,1.2104,44.4,2.6,0,0,37,65,142
20005,Atchison County,5735,3657,61112,74392,1.2103,30.5,5.8,0,0,141,136,98
29071,Franklin County,43036,28604,73165,88417,1.2103,30.2,3.3,1,0,1673,1484,648
29031,Cape Girardeau County,32454,21277,68464,81835,1.2103,28.2,6.2,1,0,1004,1092,924
0656924,Pico Rivera city,16866,11210,88201,106520,1.2102,31.1,2.4,1,0,-318,-142,227
4262416,Pottstown borough,9550,6860,60828,73851,1.2102,24.3,3.8,1,0,-593,17,64
51069,Frederick County,35385,23885,97606,118272,1.2102,30.9,1.6,1,0,225,248,248
25023,Plymouth County,203141,136754,114201,139092,1.2102,31.6,1.1,1,0,-2132,-12,-552
3043375,Lewistown city,2880,1813,48750,58885,1.2101,33.3,3.8,0,0,-21,32,99
4833428,Hewitt city,6010,3905,83511,105201,1.2101,31.4,3.6,1,0,-72,32,-72
56017,Hot Springs County,2140,1219,61250,73632,1.2101,35.0,8.0,0,0,-21,16,36
30069,Petroleum County,221,120,60208,72857,1.2101,41.6,4.1,0,0,9,9,6
0670000,Santa Monica city,47297,33699,114885,140469,1.2101,26.2,2.5,1,0,-233,770,1894
4031600,Grove city,3248,1763,58941,70350,1.21,43.0,2.7,0,0,94,153,157
1047420,Milford city,5560,3450,59464,71401,1.21,36.5,1.4,0,0,-282,-160,136
4211336,Carnegie borough,4217,2671,67656,84833,1.21,32.2,4.4,1,0,122,205,139
3748480,Oak Ridge town,2630,2050,155385,189644,1.2099,21.5,0.5,0,0,3,32,3
13233,Polk County,15901,10724,58515,70383,1.2099,27.1,5.5,1,0,327,608,609
19015,Boone County,10936,7221,83531,102325,1.2099,30.1,3.8,1,0,324,216,158
13169,Jones County,10786,7157,75500,91775,1.2098,30.5,3.2,1,0,308,108,290
3965592,Ravenna city,5035,3270,59971,72544,1.2098,30.2,4.8,1,0,-180,68,178
13007,Baker County,1108,595,46012,56622,1.2096,45.5,0.8,0,0,15,14,20
29107,Lafayette County,12576,8560,80612,97386,1.2096,30.4,1.6,1,0,448,318,200
4022050,Durant city,7678,5022,46812,57750,1.2095,25.3,9.3,1,0,-50,78,393
4850256,Nacogdoches city,12576,6985,39281,47462,1.2095,21.7,22.8,1,0,-911,-856,344
39063,Hancock County,31615,20636,73141,88391,1.2095,29.0,5.7,1,0,1115,1342,1031
27135,Roseau County,6296,4182,74474,90466,1.2094,29.1,4.5,1,0,167,118,94
1268875,Stuart city,8060,4426,60225,73099,1.2094,42.9,2.2,0,0,-549,-667,34
12109,St. Johns County,115794,76813,109839,133760,1.2093,32.0,1.7,1,0,-905,-568,-878
5549675,Marshfield city,9075,5749,58407,70838,1.2093,31.1,5.5,1,0,458,652,321
2677700,Swartz Creek city,2558,1369,71571,87303,1.2093,43.0,3.5,0,0,4,22,19
20021,Cherokee County,7887,5041,57668,69699,1.2093,32.6,3.4,1,0,90,230,229
29069,Dunklin County,11257,7490,47849,58456,1.2093,28.6,4.9,1,0,251,409,613
4275304,Sunbury city,4357,2820,51028,62072,1.2092,32.1,3.2,1,0,108,203,154
3981718,Washington Court House city,6117,4098,55998,68279,1.2092,27.9,5.1,0,0,319,431,238
3666047,Sea Cliff village,1769,1184,193590,226647,1.2092,33.1,0.0,0,0,26,49,28
0806255,Berthoud town,4881,3626,119385,145927,1.2091,23.4,2.3,1,0,55,59,48
1804114,Bedford city,6353,3998,49553,59953,1.2091,31.7,5.4,1,0,-18,107,81
2614320,Center Line city,3713,2653,54703,65284,1.209,26.1,2.5,0,0,196,253,115
48331,Milam County,10152,6436,66141,79894,1.209,34.4,2.2,1,0,135,190,225
1629620,Garden City city,5630,3080,70124,83124,1.209,39.5,5.8,0,0,69,76,73
22085,Sabine Parish,8785,5613,50329,60646,1.209,33.1,3.0,1,0,35,95,125
39109,Miami County,44906,29489,76817,93047,1.2089,30.2,4.1,1,0,1729,1145,963
1705599,Bethalto village,4098,2484,64775,79237,1.2089,32.4,7.0,0,0,91,86,31
54105,Wirt County,2041,1168,49867,60261,1.2089,39.9,2.9,0,0,-4,-6,6
55141,Wood County,32253,20380,67989,80816,1.2088,32.3,4.5,1,0,1286,1325,797
06057,Nevada County,42865,24261,89882,109347,1.2088,42.2,1.2,1,0,-169,-292,-297
51131,Northampton County,5437,2971,61632,75197,1.2088,42.7,2.7,0,0,224,331,384
28109,Pearl River County,21880,14443,58135,70994,1.2088,32.3,1.6,1,0,318,490,525
26041,Delta County,15971,9589,57809,70821,1.2088,37.3,2.6,1,0,317,318,231
4839040,Kerrville city,10627,5540,62102,75833,1.2087,41.1,6.8,0,0,277,276,37
18005,Bartholomew County,33359,22887,79901,96499,1.2087,26.1,5.3,1,0,1078,932,931
4039850,Kingfisher city,1913,1313,64271,75759,1.2086,29.0,2.4,0,0,115,175,
21057,Cumberland County,2630,1617,40000,48345,1.2086,35.7,2.9,0,0,60,50,47
1728872,Geneva city,8374,5700,144341,174119,1.2086,29.9,2.0,1,0,90,125,27
27115,Pine County,12323,7636,71146,85761,1.2085,35.7,2.4,1,0,193,223,196
47059,Greene County,28400,17300,56194,68149,1.2085,36.5,2.6,1,0,524,693,794
3969526,St. Clairsville city,2101,1200,76480,95380,1.2085,37.8,5.0,0,0,42,70,52
37073,Gates County,4192,2605,66333,77349,1.2084,36.8,1.1,1,0,75,157,191
42063,Indiana County,32487,19630,60208,72758,1.2084,32.7,6.9,1,0,702,979,983
05141,Van Buren County,7432,4238,50354,61050,1.2084,38.7,4.3,0,0,-4,175,248
19023,Butler County,5863,3660,73715,88983,1.2084,33.6,4.0,1,0,158,94,58
05109,Pike County,4082,2578,49269,59826,1.2084,34.4,2.4,0,0,68,82,74
31061,Franklin County,1293,726,60195,72831,1.2083,39.7,4.2,0,0,32,39,35
29009,Barry County,13336,8162,58346,70290,1.2083,35.6,3.2,1,0,258,357,407
13251,Screven County,4932,3050,52792,62620,1.2083,34.7,3.4,1,0,205,265,207
1728898,Genoa city,2200,1505,82128,109133,1.2082,23.1,8.5,0,0,111,92,84
34025,Monmouth County,251712,170651,124845,150854,1.2082,31.0,1.2,1,0,-1629,2713,100
29079,Grundy County,3907,2343,51975,63815,1.2082,36.8,3.2,1,0,103,74,109
5471212,St. Albans city,4667,2658,53972,67647,1.2082,40.7,2.4,0,0,6,80,71
4962030,Price city,3283,1917,53203,62601,1.2081,33.1,8.5,0,0,-33,115,70
0530460,Harrison city,5900,3440,44056,53153,1.2081,36.4,5.3,0,0,145,318,353
56007,Carbon County,6116,4066,70511,85236,1.2081,29.7,3.8,1,0,276,231,132
01061,Geneva County,10647,6729,52771,65309,1.2081,34.4,2.4,1,0,206,244,264
5121344,Danville city,19066,11924,44423,53947,1.208,33.6,3.8,1,0,70,458,1170
51590,Danville city,19066,11924,44423,53947,1.208,33.6,3.8,1,0,70,458,1170
3741420,Marion city,2869,1899,51314,61947,1.208,28.8,5.0,0,0,17,52,207
27095,Mille Lacs County,10672,7233,72729,88682,1.2079,28.6,3.7,1,0,185,84,44
55073,Marathon County,57866,38635,77884,94395,1.2077,29.3,3.9,1,0,2381,1868,1572
0423620,Flagstaff city,28550,18558,71512,86101,1.2077,16.6,18.4,1,0,-941,-1202,-545
40127,Pushmataha County,4431,2755,47940,57365,1.2077,34.5,3.3,1,0,61,128,139
48119,Delta County,2173,1322,66575,82171,1.2077,33.9,5.3,0,0,59,122,104
2213960,Central city,11496,7711,89554,108805,1.2077,30.7,2.2,1,0,5,-5,-16
51191,Washington County,22112,13145,64552,77672,1.2077,38.2,2.3,1,0,853,849,837
54009,Brooke County,9675,5821,54316,65649,1.2076,38.1,1.8,0,0,352,184,159
2218650,Crowley city,5230,3564,28642,34667,1.2075,26.7,5.1,0,0,6,64,18
0120296,Demopolis city,3348,2177,34802,42065,1.2075,32.3,2.7,0,0,-133,-125,135
18119,Owen County,8618,5626,62464,77513,1.2075,33.4,1.3,1,0,196,220,233
26093,Livingston County,76445,51202,103039,124739,1.2075,30.9,2.2,1,0,518,252,277
1959925,Oskaloosa city,4590,2940,64004,76576,1.2075,29.0,6.9,0,0,206,260,189
0661026,Ripon city,5582,4171,133380,158929,1.2075,24.9,0.4,0,0,77,144,49
3957386,Norwood city,8899,6612,71611,86285,1.2075,17.8,7.9,0,0,371,396,168
1938100,Independence city,2753,1738,73806,89187,1.2074,31.9,4.9,1,0,89,121,105
36077,Otsego County,23189,13677,68885,84359,1.2074,34.7,6.3,1,0,993,844,616
72149,Villalba Municipio,7451,4383,26286,32190,1.2074,40.0,1.2,0,0,3,29,13
2710918,Chanhassen city,9780,7340,143651,174843,1.2074,23.7,1.2,1,0,128,174,102
0655254,Palm Springs city,24567,12876,73119,88408,1.2074,45.8,1.8,1,0,-544,-464,-154
1723724,Elmwood Park village,9285,6606,91955,108983,1.2074,27.9,1.0,1,0,267,258,204
3414260,Collingswood borough,6517,4697,90184,108733,1.2074,25.1,2.9,0,0,40,148,91
31169,Thayer County,2087,1210,66213,81684,1.2073,38.3,3.7,1,0,75,72,48
12081,Manatee County,176747,99787,78457,95332,1.2073,41.6,1.9,1,0,-2621,-2202,-1582
27019,Carver County,41175,30723,125946,152505,1.2073,22.5,2.9,1,0,367,595,414
29019,Boone County,76562,51047,72758,87688,1.2072,21.2,12.1,1,0,3017,2524,1058
21137,Lincoln County,9705,6524,52440,63575,1.2072,29.9,2.9,1,0,292,387,365
0684816,West Sacramento city,19367,14393,93188,112270,1.2072,21.0,4.7,1,0,-400,-325,-72
31017,Brown County,1275,699,54676,65833,1.2072,44.0,1.2,0,0,9,42,12
39117,Morrow County,13463,9274,75283,90878,1.2072,28.7,2.4,1,0,498,298,145
37121,Mitchell County,6587,3970,57602,68824,1.2072,37.2,2.6,1,0,103,206,255
0873825,Steamboat Springs city,6425,4418,104964,126113,1.2072,25.0,6.2,0,0,-72,-67,-42
4673060,Yankton city,6638,3826,67804,83588,1.2071,33.7,8.6,0,0,248,339,207
3404180,Beachwood borough,4003,2684,106858,131649,1.207,31.2,1.8,1,0,-75,-20,-14
53023,Garfield County,1031,615,64884,81956,1.207,38.7,1.6,0,0,45,68,51
29015,Benton County,8573,4561,52567,63741,1.207,44.8,2.0,1,0,122,208,185
5356450,Prosser city,2233,1600,76985,92136,1.207,27.8,0.6,0,0,89,64,65
1732018,Gurnee village,11779,8421,119628,145682,1.207,25.5,3.0,1,0,74,153,67
2148558,Lyndon city,5759,3939,65679,76451,1.2069,27.2,4.4,1,0,115,287,127
28067,Jones County,24957,16301,52216,63847,1.2069,30.6,4.1,1,0,581,626,568
39055,Geauga County,35807,22703,107860,130836,1.2069,34.9,1.7,1,0,295,129,323
3902568,Ashland city,8087,5146,60029,72462,1.2068,29.5,6.9,1,0,250,443,494
3937240,Independence city,3121,1829,115733,135381,1.2068,41.4,0.0,1,0,34,34,27
19135,Monroe County,3089,2039,70996,85609,1.2067,30.9,3.1,0,0,151,123,76
28053,Humphreys County,2900,1835,33731,40907,1.2067,35.9,0.8,0,0,-2,-4,180
5085150,Winooski city,4102,2809,79522,95283,1.2067,17.1,14.4,1,0,-113,63,51
4112400,Central Point city,7758,4930,86058,103120,1.2066,32.7,3.8,1,0,183,166,187
46101,Moody County,2559,1607,78427,94315,1.2066,31.0,6.2,1,0,95,87,58
4521985,Easley city,10949,7529,66299,79158,1.2065,30.0,1.3,1,0,97,219,170
16071,Oneida County,1921,1152,74954,90432,1.2065,35.5,4.6,0,0,35,15,10
51051,Dickenson County,5935,3468,47254,56506,1.2064,39.2,2.4,0,0,132,124,184
40113,Osage County,17374,10819,62847,77629,1.2064,35.1,2.7,1,0,505,528,306
13219,Oconee County,14994,10503,121217,147842,1.2064,26.8,3.2,1,0,72,217,144
36061,New York County,778281,542362,103931,126626,1.2063,26.8,3.5,1,0,20163,13567,17144
55095,Polk County,19542,12616,77219,92994,1.2063,33.1,2.3,1,0,558,441,416
39145,Scioto County,28864,18980,50609,61134,1.2063,31.0,3.3,1,0,175,341,606
08075,Logan County,8203,5034,51829,63362,1.2063,31.4,7.2,1,0,101,104,203
2304860,Biddeford city,9204,6264,72333,86857,1.2063,26.5,5.4,1,0,352,293,196
3982712,Wellston city,2030,1360,56193,67364,1.2063,32.2,0.8,0,0,43,94,135
1278000,Wilton Manors city,6654,4971,85392,105128,1.2063,24.4,0.9,1,0,-364,-187,-10
47099,Lawrence County,16991,11231,54706,67629,1.2062,30.4,3.5,1,0,355,408,410
55031,Douglas County,19160,12770,75099,90618,1.2062,30.3,3.1,1,0,414,276,267
2927334,Glendale city,2304,1511,170700,208249,1.2062,33.3,1.1,0,0,0,0,33
1717523,Crete village,3323,2101,97147,118294,1.206,36.8,0.0,1,0,1,12,12
4853388,Odessa city,46660,34299,73472,88693,1.2059,17.1,9.4,1,0,-277,575,665
20099,Labette County,8078,5062,56325,69301,1.2059,32.3,5.1,1,0,254,337,268
37187,Washington County,4744,2623,41813,52080,1.2059,42.6,2.1,0,0,-125,-58,150
37157,Rockingham County,39606,25355,57053,68553,1.2058,32.5,3.5,1,0,894,1343,1149
21181,Nicholas County,2776,1987,59531,72105,1.2058,26.8,1.7,1,0,124,146,142
1815742,Crawfordsville city,6782,4269,55033,65765,1.2058,29.2,7.8,0,0,213,256,140
1249675,North Port city,34419,19748,84049,101262,1.2057,40.4,2.2,1,0,-406,-659,-396
0449640,Nogales city,6538,4015,43214,51062,1.2055,34.0,4.6,0,0,-111,120,422
31105,Kimball County,1489,828,56712,68679,1.2054,41.3,3.1,1,0,62,43,4
31111,Lincoln County,14890,9409,65148,79353,1.2054,33.5,3.3,1,0,748,747,495
33001,Belknap County,26337,16759,92783,112216,1.2053,35.6,0.8,1,0,29,118,134
37069,Franklin County,28529,19585,74240,89581,1.2053,28.4,2.9,1,0,554,457,110
3415820,Cresskill borough,3102,2122,170376,207441,1.2053,30.7,0.9,0,0,-9,-32,28
2740166,Maple Grove city,27811,20516,132731,158069,1.2053,24.7,1.5,1,0,195,481,180
39175,Wyandot County,8999,5836,69768,84452,1.2052,32.4,2.8,1,0,415,481,421
17033,Crawford County,7492,4787,71674,85454,1.2052,32.0,4.1,1,0,218,187,119
18001,Adams County,12401,8145,65289,78787,1.2052,30.0,4.3,1,0,41,278,293
23029,Washington County,14187,8359,56024,68373,1.2051,37.5,3.6,1,0,79,192,163
45017,Calhoun County,6179,3814,58682,70398,1.2051,36.4,1.9,0,0,-13,57,98
1837782,Jasper city,6548,4278,68817,83719,1.2051,29.3,5.3,1,0,505,316,123
1825450,Franklin city,9590,6787,82380,96430,1.205,24.7,4.5,1,0,229,262,214
2955910,Pacific city,3116,1944,62860,74491,1.205,29.3,8.3,0,0,125,111,33
4862588,Robinson city,4094,2865,99289,118888,1.205,26.4,3.7,1,0,117,70,45
12065,Jefferson County,5751,3411,61212,75520,1.2049,38.0,2.7,1,0,157,186,104
41055,Sherman County,804,504,60161,72857,1.2049,35.0,2.4,0,0,26,48,40
08069,Larimer County,154232,99830,93765,113022,1.2049,25.9,9.3,1,0,-2411,-1109,200
42023,Cameron County,2216,1312,50573,60882,1.2048,37.2,3.6,0,0,42,80,55
19145,Page County,6255,3802,57953,70265,1.2048,36.1,3.1,1,0,201,248,167
06043,Mariposa County,7508,4152,68412,83300,1.2047,42.7,2.0,0,0,110,65,26
2669080,Rockford city,2542,1712,107121,127941,1.2047,27.9,4.8,1,0,24,10,25
1707744,Bradley village,6150,4164,67420,83824,1.2047,26.8,5.5,0,0,145,319,293
2753656,Redwood Falls city,2197,1208,61750,73556,1.2047,36.9,8.1,1,0,56,79,32
72129,San Lorenzo Municipio,14374,9039,22847,28125,1.2046,36.1,1.0,1,0,5,79,254
0662938,Roseville city,59123,42023,119288,141989,1.2046,27.3,1.6,1,0,-1866,-237,-1123
17079,Jasper County,3751,2530,74755,89921,1.2046,30.7,1.9,1,0,124,89,64
3008950,Bozeman city,23970,15524,85747,105415,1.2046,17.3,18.0,1,0,-403,-252,268
2665560,Portage city,20844,13911,83212,104040,1.2046,27.7,5.6,1,0,650,599,577
42109,Snyder County,14600,9332,66876,80994,1.2046,34.0,2.0,1,0,401,527,466
4839448,Kirby city,2849,1728,55532,67326,1.2046,36.9,2.5,0,0,71,91,117
5363960,Shoreline city,24420,16931,112751,140759,1.2045,29.3,1.3,1,0,-543,46,161
5363210,Sedro-Woolley city,4895,3356,80885,96791,1.2045,26.2,5.2,1,0,-28,55,42
44003,Kent County,72839,49754,94345,113333,1.2045,30.2,1.5,1,0,327,543,553
05047,Franklin County,7048,4369,55886,65205,1.2044,34.2,3.8,1,0,122,173,262
3477600,Watchung borough,2357,1393,173672,220258,1.2044,40.9,0.0,0,0,22,37,-55
0454050,Peoria city,73824,49718,95815,115425,1.2044,30.2,2.4,1,0,-829,-497,-524
13173,Lanier County,3483,2571,47186,57575,1.2044,23.3,2.9,0,0,-136,-25,45
48147,Fannin County,12767,8405,72295,86003,1.2043,32.1,2.1,1,0,213,326,311
2025325,Garden City city,9941,6992,72865,86724,1.2043,21.8,7.8,1,0,624,472,378
39083,Knox County,23491,15322,73878,88547,1.2042,31.4,3.3,1,0,772,619,479
0919480,Derby city,5896,4295,79500,98910,1.2042,26.9,0.3,0,0,-112,148,
4660020,Spearfish city,5932,3673,65688,78532,1.2042,29.7,8.4,0,0,108,378,389
08121,Washington County,2070,1296,67167,80395,1.2042,32.8,4.6,1,0,66,79,54
20037,Crawford County,15838,9627,52844,63191,1.2041,25.2,14.1,1,0,50,622,687
21179,Nelson County,19150,13046,69562,83670,1.2041,27.5,4.4,1,0,401,434,383
28009,Benton County,3074,1864,46016,55950,1.2041,35.3,4.0,1,0,52,71,58
2758036,St. Peter city,4059,2564,65122,78856,1.2041,34.3,2.5,0,0,138,152,-3
21197,Powell County,4790,3310,40309,48462,1.204,26.4,4.5,0,0,-99,-64,59
5535450,Holmen village,4695,3408,79899,98486,1.204,21.7,5.7,1,0,243,164,126
27083,Lyon County,10108,6664,75303,91121,1.204,28.1,5.9,1,0,447,355,254
2814260,Cleveland city,4283,2650,44074,52244,1.204,29.6,8.5,0,0,-153,-127,71
2717288,Eagan city,28264,19975,108690,132601,1.2039,24.9,4.4,1,0,473,506,491
51043,Clarke County,5890,3826,117111,134649,1.2038,34.3,0.8,1,0,35,42,42
2922834,Eureka city,4690,3523,108394,134171,1.2037,23.3,1.6,0,0,68,50,62
1346356,Lilburn city,5065,3386,63581,76237,1.2037,31.7,1.4,1,0,-183,-233,-118
55037,Florence County,2197,1351,61086,74490,1.2037,37.4,1.1,0,0,22,24,16
21035,Calloway County,15239,9471,52706,63899,1.2037,28.5,9.4,1,0,311,584,713
5501150,Allouez village,5928,3402,91250,106678,1.2037,41.1,1.6,1,0,276,171,174
1828386,Goshen city,12152,7772,59184,71450,1.2036,31.6,4.4,1,0,-56,317,285
1738479,Johnsburg village,2463,1552,121023,142978,1.2036,37.0,0.0,0,0,4,6,4
36111,Ulster County,74278,47134,86271,104665,1.2036,33.5,3.0,1,0,-369,30,-20
18151,Steuben County,14058,8859,74911,90154,1.2035,33.8,3.2,1,0,441,342,288
36069,Ontario County,48311,30683,82324,99613,1.2035,33.3,3.2,1,0,959,917,783
29229,Wright County,7187,4546,47909,58269,1.2035,31.3,5.5,1,0,137,221,180
2600440,Adrian city,8137,5506,50209,60670,1.2035,28.4,3.9,0,0,22,313,439
5548000,Madison city,128261,83614,78050,93670,1.2034,18.7,16.1,1,0,66,1788,2167
53043,Lincoln County,4820,2778,71512,85514,1.2033,39.6,2.8,1,0,161,116,78
19011,Benton County,10202,6743,86962,104870,1.2033,30.8,3.1,1,0,230,151,109
2165226,Richmond city,15202,9574,50870,62075,1.2032,18.4,18.6,1,0,247,1011,1234
19159,Ringgold County,1899,1126,73346,87764,1.2032,34.8,6.0,1,0,58,43,32
3641333,Larchmont village,2540,1957,167536,206429,1.2032,23.0,0.0,0,0,43,60,33
40045,Ellis County,1478,873,61016,73477,1.2031,36.4,4.5,1,0,40,59,62
02185,North Slope Borough,2281,1678,95694,114306,1.2031,23.0,3.5,1,0,121,100,99
0658296,Port Hueneme city,7660,5023,92660,107035,1.203,29.8,4.6,0,0,-740,-746,248
05003,Ashley County,7356,4534,44266,53007,1.2029,35.0,3.4,1,0,138,193,212
3765580,Summerfield town,3795,2820,160275,189296,1.2027,25.7,0.0,0,0,13,16,0
55039,Fond du Lac County,43243,28591,74275,89381,1.2027,29.9,4.0,1,0,2040,1459,939
18021,Clay County,10549,6935,70010,85127,1.2026,30.8,3.4,1,0,276,289,291
1741586,Lake Villa village,3116,2376,118750,144358,1.2026,22.3,1.5,0,0,87,45,70
3979072,Urbana city,4778,3005,68003,81471,1.2025,30.6,6.5,1,0,417,452,304
40075,Kiowa County,3438,2218,44962,54086,1.2025,33.2,2.3,1,0,18,49,80
21193,Perry County,11078,7580,42181,51429,1.2025,27.9,3.7,0,0,-263,79,213
12035,Flagler County,52582,28557,77363,93215,1.2025,44.7,1.0,1,0,-1370,-888,-355
26135,Oscoda County,3788,2026,49515,59492,1.2024,42.7,3.8,1,0,18,35,41
44001,Bristol County,20104,13349,114490,135612,1.2024,32.5,1.1,1,0,245,187,284
4249128,Middletown borough,4674,3198,55765,67666,1.2023,19.6,11.9,0,0,-50,124,153
55069,Lincoln County,12772,8194,68164,84237,1.2023,33.7,2.2,1,0,144,208,139
2601380,Allen Park city,11791,8177,81655,100093,1.2022,29.5,1.1,1,0,179,138,124
01059,Franklin County,11954,8207,53338,63764,1.2021,28.2,3.2,1,0,305,403,436
48225,Houston County,7983,4710,56531,67868,1.2021,37.6,3.4,0,0,154,303,270
0670364,Sausalito city,3976,2319,182357,206589,1.2021,41.7,0.0,0,0,-2,-24,-7
39043,Erie County,32482,20616,71993,86362,1.2021,33.4,3.1,1,0,1405,1275,758
46053,Gregory County,1609,909,62917,74901,1.202,40.3,3.2,0,0,39,44,33
4803768,Argyle city,1684,1146,181352,219243,1.202,31.9,0.0,0,0,22,27,
0811810,Cañon City city,7274,4138,64787,75818,1.2019,38.7,4.4,1,0,77,187,242
1747423,Mascoutah city,3093,2266,97375,119111,1.2019,22.0,4.7,1,0,74,34,46
4708540,Bristol city,12119,7923,58162,70432,1.2019,29.2,5.4,1,0,300,433,417
2034300,Iola city,2063,1294,54221,66633,1.2019,32.4,4.8,0,0,179,182,49
5531175,Greenfield city,17393,11425,70459,86032,1.2019,31.7,2.6,1,0,950,848,454
17077,Jackson County,22955,13570,48763,58756,1.2019,24.9,16.0,1,0,247,709,998
51109,Louisa County,15561,10294,86689,104325,1.2019,32.5,1.3,1,0,-56,55,62
13209,Montgomery County,3143,2057,51941,61705,1.2019,30.7,3.8,0,0,54,124,82
42087,Mifflin County,18510,11732,63953,78181,1.2018,33.3,3.3,1,0,585,942,954
72031,Carolina Municipio,64982,38691,36958,44625,1.2017,38.5,1.9,1,0,700,759,745
39133,Portage County,65249,42207,75766,90998,1.2017,29.0,6.3,1,0,663,739,850
20161,Riley County,27695,16767,61098,74803,1.2017,16.5,23.0,1,0,500,1585,999
01065,Hale County,5642,3511,39250,47576,1.2017,37.6,0.1,0,0,-10,42,75
4148650,Milwaukie city,9433,6754,86892,107076,1.2016,25.9,2.5,0,0,-293,70,87
13193,Macon County,4142,2617,41031,49675,1.2016,33.1,3.7,1,0,105,179,174
3760320,Selma town,3040,2127,41368,49239,1.2015,22.9,7.1,0,0,-113,25,17
12049,Hardee County,8219,5350,60489,73355,1.2015,30.8,4.1,1,0,261,346,309
26111,Midland County,34993,23131,77705,94315,1.2015,30.3,3.6,1,0,663,677,559
3971416,Seven Hills city,4852,3046,97222,115822,1.2015,36.9,0.3,1,0,3,7,8
0556540,Pocahontas city,2870,1857,44216,53344,1.2015,30.0,5.3,0,0,-159,-44,147
01019,Cherokee County,10192,6147,53863,66570,1.2015,37.8,1.9,1,0,329,313,277
36121,Wyoming County,16453,10526,69110,83122,1.2015,31.8,4.2,1,0,581,579,418
20149,Pottawatomie County,9381,6412,92325,110317,1.2014,27.4,4.2,1,0,161,146,175
2546330,Northampton city,13467,8648,80288,97632,1.2014,31.9,3.9,1,0,-222,-117,113
28149,Warren County,16772,11131,59401,71001,1.2014,31.1,2.5,1,0,304,510,565
5559925,Onalaska city,9002,5807,85867,104691,1.2013,29.8,5.6,0,0,374,289,281
42005,Armstrong County,28035,17664,65008,80087,1.2012,34.5,2.5,1,0,783,822,736
26105,Mason County,12801,7460,64748,79631,1.2012,38.7,3.0,1,0,232,304,294
2640000,Huntington Woods city,2356,1624,190150,227601,1.2012,31.1,0.0,0,0,27,33,1
3119595,Grand Island city,20765,13732,63795,76630,1.2011,25.3,8.6,1,0,981,910,633
21195,Pike County,24284,15668,44312,53251,1.2011,31.6,3.9,1,0,-465,51,670
1271000,Tampa city,166278,122714,75475,90774,1.2011,20.7,5.5,1,0,-4572,-3638,-2641
5575125,South Milwaukee city,8420,5696,73427,88709,1.2011,29.7,2.6,1,0,413,377,201
3757640,Rolesville town,3524,2657,149565,178464,1.201,24.6,0.0,0,0,7,9,7
1227400,Green Cove Springs city,3532,2491,75142,90425,1.201,28.4,1.0,0,0,120,89,98
40021,Cherokee County,18698,11256,53218,64755,1.201,30.9,8.9,1,0,476,535,757
5165392,Radford city,5540,3373,57348,66172,1.201,17.7,21.4,1,0,-125,-21,52
51750,Radford city,5540,3373,57348,66172,1.201,17.7,21.4,1,0,-125,-21,52
29063,DeKalb County,3732,2247,69826,86742,1.201,35.9,3.9,1,0,135,197,180
27147,Steele County,15138,10237,84196,101795,1.201,29.4,2.9,1,0,131,182,103
0878610,Trinidad city,3726,2286,52273,64241,1.2009,33.1,5.6,1,0,28,69,64
2706616,Bloomington city,37601,24387,93211,111898,1.2009,31.7,3.5,1,0,333,510,504
4208416,Brentwood borough,4562,3165,68904,79420,1.2009,27.6,3.0,1,0,170,287,167
01077,Lauderdale County,39258,24072,62649,76062,1.2006,32.4,6.3,1,0,1744,1789,1297
2731328,Isanti city,2600,2041,87500,108390,1.2006,18.2,3.3,0,0,105,46,0
29005,Atchison County,2287,1403,58750,71043,1.2006,34.3,4.3,1,0,30,55,83
1301696,Alpharetta city,25032,19269,147612,177058,1.2006,20.3,2.7,1,0,495,953,-154
72135,Toa Alta Municipio,24068,17133,35241,42323,1.2006,28.0,0.8,1,0,-108,-137,-129
12093,Okeechobee County,15113,9491,57984,69103,1.2004,34.4,2.8,1,0,340,453,377
27017,Carlton County,14090,9595,80573,95994,1.2004,28.4,3.5,1,0,257,128,116
4756720,Paris city,4113,2475,41012,50246,1.2004,36.1,3.7,0,0,-21,235,112
4840984,Lakeway city,7831,5225,190060,224133,1.2003,32.4,0.8,0,0,38,84,-77
3935560,Hillsboro city,2796,1643,55521,67344,1.2003,35.6,5.7,1,0,167,260,92
1254250,Palmetto city,5274,2770,62621,75000,1.2003,45.7,1.8,0,0,-194,1,-46
37161,Rutherford County,26642,16628,51410,62267,1.2002,35.9,1.7,1,0,696,667,904
36003,Allegany County,17710,11093,62869,75810,1.2002,32.7,4.6,1,0,387,450,350
4140550,Lake Oswego city,16873,10789,141549,171543,1.2001,35.5,0.6,1,0,212,453,44
0129056,Gardendale city,6592,4354,82192,100130,1.2001,28.5,5.4,1,0,216,190,165
1711202,Carlinville city,2032,1154,57708,68898,1.2001,39.7,3.5,0,0,119,152,-24
1944400,Le Mars city,4342,2929,74701,89414,1.2001,28.3,4.2,1,0,402,425,296
39013,Belmont County,27195,17253,57017,69800,1.2,33.6,2.9,1,0,343,576,653
46067,Hutchinson County,2908,1904,73977,89467,1.2,30.1,4.4,1,0,110,58,33
48483,Wheeler County,1928,1297,60167,72106,1.2,31.2,1.6,0,0,59,78,86
2747068,North Mankato city,5927,3994,80791,96355,1.1999,26.2,6.4,1,0,279,177,140
55047,Green Lake County,8285,5116,68196,84504,1.1999,34.9,3.3,1,0,326,327,234
1770564,South Barrington village,1663,996,221575,258723,1.1998,40.1,0.0,0,0,5,5,-7
45057,Lancaster County,40128,25958,78869,97270,1.1998,33.6,1.7,1,0,375,287,287
19035,Cherokee County,5045,2972,71269,85379,1.1998,37.5,3.6,1,0,83,129,86
17203,Woodford County,14685,9692,91483,111368,1.1997,30.9,3.1,1,0,163,97,111
3711800,Chapel Hill town,21189,13013,85989,103517,1.1997,22.5,16.1,1,0,-768,-38,23
2043950,McPherson city,5900,3875,77529,90855,1.1997,23.7,10.7,1,0,352,265,194
18071,Jackson County,18138,12390,70262,84976,1.1996,27.0,4.7,1,0,461,619,519
39039,Defiance County,15327,10151,73064,88127,1.1996,30.6,3.2,1,0,565,628,552
0654806,Pacifica city,13915,9143,160523,187571,1.1996,33.8,0.5,1,0,30,48,103
5662450,Powell city,2713,1601,63523,75568,1.1996,35.2,5.8,1,0,12,108,123
30067,Park County,8366,5455,70047,84432,1.1996,32.3,2.5,1,0,208,223,167
19129,Mills County,5394,3485,90753,110517,1.1995,33.9,1.5,1,0,84,57,53
26051,Gladwin County,11280,6499,55349,67327,1.1995,39.9,2.5,1,0,128,192,195
0851745,Montrose city,9050,4988,70386,82615,1.1995,41.2,3.7,1,0,-15,-11,29
55123,Vernon County,12424,7852,71893,85951,1.1995,33.4,3.4,1,0,352,391,316
5568175,Ripon city,3282,1843,54763,70201,1.1995,36.8,7.0,0,0,41,122,47
0846355,Louisville city,8115,5759,147319,179068,1.1995,27.2,1.8,1,0,170,282,50
55135,Waupaca County,22571,14848,72830,87941,1.1994,30.8,3.4,1,0,685,510,371
2749300,Owatonna city,11018,7437,80750,98754,1.1994,29.3,3.2,1,0,66,155,83
1748892,Midlothian village,5692,3906,70000,84355,1.1993,28.8,2.5,0,0,-149,-284,-12
36091,Saratoga County,101911,68377,100787,120789,1.1993,30.1,2.8,1,0,2148,1158,1075
48133,Eastland County,7236,4385,53549,66505,1.1993,34.3,5.1,0,0,88,326,273
4716540,Columbia city,18039,12392,63719,78594,1.1993,26.2,5.1,1,0,64,385,240
17157,Randolph County,11945,7477,68131,82880,1.1993,33.2,4.2,1,0,384,396,288
4862828,Rockwall city,18273,13003,115580,136587,1.1993,26.9,2.0,1,0,-206,62,-151
17069,Hardin County,1545,884,54271,64569,1.1992,41.6,1.2,0,0,29,22,45
2659440,Novi city,26801,19997,110723,133267,1.1992,23.4,2.0,1,0,282,-15,530
48289,Leon County,6741,3995,61449,74227,1.1991,35.9,4.9,1,0,170,199,243
0650258,Napa city,29984,20419,105963,127393,1.1991,30.1,1.8,1,0,-374,-883,820
39149,Shelby County,18906,12474,73978,88474,1.1991,29.0,5.1,1,0,839,754,579
48217,Hill County,13767,8449,64591,76980,1.1991,36.0,2.6,1,0,253,345,328
55117,Sheboygan County,49725,32629,73094,88006,1.1991,30.1,4.3,1,0,2394,2026,1330
4261328,Pleasant Hills borough,3445,2172,102167,128930,1.1991,33.5,3.4,1,0,68,29,53
3619213,Croton-on-Hudson village,2969,2102,191678,228548,1.1991,28.9,0.3,0,0,90,123,73
0646114,Martinez city,14723,10516,127355,155790,1.199,27.6,1.0,1,0,-219,172,372
1735047,Hillsboro city,1817,1185,50158,60363,1.199,32.3,2.5,0,0,35,20,19
17195,Whiteside County,23120,14466,67500,80634,1.199,33.8,3.6,1,0,690,673,506
2733866,La Crescent city,2301,1476,85368,94919,1.199,34.9,0.9,0,0,34,16,7
19107,Keokuk County,4068,2556,62329,75293,1.1989,33.5,3.7,1,0,122,139,103
3947754,Marion city,12445,8399,47951,56978,1.1989,26.3,6.3,1,0,-23,395,565
4244128,Lock Haven city,3415,2083,46102,55805,1.1988,22.6,16.4,0,0,-60,108,191
21131,Leslie County,4231,2824,35934,43657,1.1988,30.4,2.9,0,0,-2,-47,76
3145295,Sidney city,3113,1863,54734,66123,1.1987,30.5,9.6,0,0,-2,40,198
36011,Cayuga County,31524,20223,67904,81902,1.1987,33.1,2.8,1,0,729,886,691
0656784,Petaluma city,24239,15726,115430,139387,1.1987,34.0,1.2,1,0,-657,-323,276
2964082,St. Charles city,30362,20528,85937,103591,1.1987,27.0,5.4,1,0,833,711,547
4261648,Plymouth borough,2340,1674,39167,46742,1.1987,27.2,1.2,0,0,36,-48,29
1764421,Riverside village,3516,2350,153686,186040,1.1986,33.2,0.0,0,0,49,59,40
4571417,Tega Cay city,4940,3491,142000,173830,1.1986,29.0,0.3,1,0,108,92,95
1367284,Roswell city,35540,26162,128654,153720,1.1986,24.3,2.1,1,0,357,784,195
01023,Choctaw County,5255,3114,47813,58986,1.1986,37.1,3.7,0,0,71,86,111
48015,Austin County,12128,7809,75789,90915,1.1985,33.1,2.5,1,0,179,147,164
1907480,Boone city,5259,3539,69222,84674,1.1985,27.5,5.2,0,0,201,211,98
17173,Shelby County,8918,5328,72095,86731,1.1985,37.3,3.0,1,0,469,383,312
05129,Searcy County,3197,1783,44426,52934,1.1985,41.3,3.0,0,0,-26,35,97
26113,Missaukee County,5909,3669,66194,76881,1.1985,36.0,1.9,1,0,90,112,100
25005,Bristol County,233825,162978,85625,102704,1.1985,28.2,2.1,1,0,1202,3293,2723
17133,Monroe County,13851,9173,102880,123834,1.1985,30.8,3.0,1,0,166,87,125
2739878,Mankato city,18075,10367,66873,80518,1.1984,19.4,23.3,1,0,266,585,521
3962148,Perrysburg city,10246,7302,111643,138542,1.1984,26.0,2.7,1,0,194,180,248
19131,Mitchell County,4597,2951,71365,86350,1.1984,30.0,5.8,1,0,151,116,77
3428650,Guttenberg town,5203,4174,75683,91600,1.1984,18.4,1.3,0,0,-625,-390,119
1759234,Peru city,4480,2752,74808,89807,1.1983,32.5,6.0,0,0,121,127,111
39125,Paulding County,7624,5011,67731,82879,1.1983,32.3,2.0,1,0,173,219,192
21069,Fleming County,5859,3917,49307,58909,1.1983,30.9,2.2,0,0,172,169,142
2755186,Rogers city,4786,3707,158750,184993,1.1983,19.5,3.1,1,0,24,22,-24
47025,Claiborne County,13724,9004,49379,59043,1.1983,30.4,4.0,1,0,478,465,499
39119,Muskingum County,34357,22791,60780,72661,1.1982,29.8,3.9,1,0,1427,1455,1075
31123,Morrill County,1918,1141,58500,71353,1.1982,33.6,6.9,1,0,8,49,57
42039,Crawford County,33838,21330,60476,72407,1.1982,34.5,2.5,1,0,1042,1209,941
13237,Putnam County,10435,6346,72096,85108,1.1982,34.2,5.0,0,0,-136,-62,24
55139,Winnebago County,72667,48012,74925,89770,1.1982,27.3,6.7,1,0,3889,3388,2677
5486452,Wheeling city,12614,7200,48590,57871,1.1981,39.2,3.7,1,0,-97,198,342
18177,Wayne County,26975,17065,55692,67162,1.1981,31.4,5.3,1,0,518,936,806
2903160,Ballwin city,12079,7921,124626,149313,1.1981,32.4,2.0,1,0,89,130,117
3945556,Lyndhurst city,6713,3992,91238,111932,1.198,40.0,0.6,1,0,103,113,121
3422470,Fair Lawn borough,12229,8398,144574,175073,1.198,31.3,0.0,1,0,7,191,-65
39089,Licking County,68620,47110,84426,102348,1.198,28.3,3.0,1,0,2042,1606,1182
1913080,Cherokee city,2289,1475,61750,75353,1.1979,32.6,2.9,0,0,5,19,13
13099,Early County,4114,2610,54083,63504,1.1979,35.4,1.2,1,0,120,168,156
51063,Floyd County,6627,4211,62191,76853,1.1979,34.8,1.6,0,0,104,132,123
19171,Tama County,6720,4223,70781,83916,1.1978,31.7,5.5,1,0,154,167,124
28093,Marshall County,13187,8656,53458,64033,1.1978,31.5,2.9,1,0,74,15,123
1747397,Maryville village,3587,2132,100670,120312,1.1978,39.2,1.3,0,0,112,32,60
1202550,Auburndale city,6499,4389,77911,96798,1.1977,27.1,5.3,0,0,105,203,190
4825168,Fair Oaks Ranch city,3728,2415,174327,209392,1.1976,34.9,0.3,0,0,0,0,-10
0176920,Troy city,6397,4126,50717,60568,1.1976,19.1,16.4,0,0,-248,-110,229
1243975,Melbourne city,37041,22873,66991,79950,1.1976,33.9,4.3,1,0,-2137,-1142,656
54067,Nicholas County,9466,5713,54639,65543,1.1976,38.5,1.2,1,0,122,221,284
1248500,New Port Richey city,8247,4968,47606,57119,1.1976,38.4,1.4,1,0,-403,-211,92
2338740,Lewiston city,16099,10649,55393,67477,1.1975,29.2,4.6,1,0,-50,445,300
05113,Polk County,7898,4556,49191,59288,1.1974,37.5,4.8,0,0,251,223,218
2725118,Grand Rapids city,4682,3109,61029,73579,1.1974,32.1,1.5,0,0,-17,127,85
0817760,Craig city,3899,2590,72636,86387,1.1973,27.5,6.1,0,0,16,169,230
4949820,Midway city,2172,1437,157065,190029,1.1973,33.8,0.0,0,0,22,24,29
0825280,Evans city,7134,5234,75563,90570,1.1973,16.8,9.9,1,0,57,37,29
08081,Moffat County,5390,3685,73849,88328,1.1972,26.9,4.7,1,0,38,192,238
3677849,Walden village,2621,2054,87487,107471,1.1972,19.3,2.4,0,0,-128,-3,67
20001,Allen County,5011,3106,60689,73165,1.1972,34.1,3.9,1,0,256,214,93
26139,Ottawa County,111322,73923,90502,108615,1.1971,27.6,6.0,1,0,1542,1087,834
29209,Stone County,13530,6937,63520,77144,1.1971,46.8,1.9,1,0,119,246,253
20113,McPherson County,12162,7861,78851,93945,1.1971,28.1,7.3,1,0,465,318,267
4738320,Johnson City city,30662,20104,57254,67705,1.1971,25.0,9.5,1,0,96,1053,1392
3974944,Stow city,14393,9626,93727,110490,1.197,27.6,5.5,1,0,555,393,550
3043975,Livingston city,4276,2990,65861,80268,1.197,26.4,3.7,1,0,32,156,144
2728790,Hibbing city,7760,4681,55789,67302,1.1969,34.1,5.5,0,0,91,213,62
0651182,Newport Beach city,37965,24826,156867,188657,1.1969,32.1,2.5,1,0,-615,-403,-342
0672506,Solana Beach city,5682,3390,152167,180556,1.1969,38.2,2.2,1,0,-29,-29,-17
3605100,Beacon city,6507,5029,107859,122948,1.1968,21.5,1.2,1,0,51,-11,-8
1851876,Muncie city,26479,15763,44471,53131,1.1968,23.9,16.5,1,0,-472,-82,845
1245025,Miami Beach city,41600,30117,72856,86554,1.1968,24.6,3.0,1,0,-2799,-2157,101
3948482,Mayfield Heights city,10334,6513,66524,78780,1.1968,33.5,3.5,1,0,369,868,570
54069,Ohio County,18342,11004,57094,67796,1.1967,36.4,3.6,1,0,256,427,409
17183,Vermilion County,30084,18774,56877,68546,1.1966,32.9,4.7,1,0,400,832,936
2024000,Fort Scott city,3447,1844,52159,63022,1.1966,37.0,9.5,0,0,125,72,60
4741860,Lewisburg city,5201,3626,48341,58067,1.1966,27.9,2.4,0,0,217,142,184
2578972,Weymouth Town city,25759,17826,102714,123795,1.1965,29.6,1.2,1,0,-727,-429,-108
48267,Kimble County,2041,1018,69455,85316,1.1965,47.3,2.8,0,0,64,76,59
4539310,Lake City city,2612,1701,33600,40851,1.1965,32.5,2.3,0,0,162,29,120
4850580,Nederland city,7471,5083,77570,92724,1.1964,28.4,3.5,0,0,-9,-6,6
3455950,Paramus borough,8464,5191,144349,174129,1.1964,38.7,0.0,1,0,-176,-25,-192
29061,Daviess County,3020,1912,63984,77520,1.1964,34.7,2.0,1,0,140,109,102
18149,Starke County,8983,5777,63960,76407,1.1964,33.6,2.1,1,0,266,207,137
17015,Carroll County,6578,3683,60758,73001,1.1964,37.0,7.0,1,0,194,263,219
4454640,Pawtucket city,30598,22844,68310,82793,1.1963,22.9,2.5,1,0,-167,1326,1124
20151,Pratt County,3468,1963,66022,76553,1.1963,37.3,6.1,0,0,159,152,136
25027,Worcester County,335826,238271,95939,114460,1.1963,26.5,2.5,1,0,1568,915,1827
2525172,Franklin Town city,12370,9249,145773,171748,1.1962,24.4,0.8,1,0,89,193,-31
19071,Fremont County,2823,1784,71621,85630,1.1962,33.3,3.5,1,0,58,67,62
0647486,Millbrae city,8121,5458,163476,196307,1.1962,32.5,0.3,1,0,-21,-58,14
42059,Greene County,14324,9081,68041,81109,1.1961,32.6,4.0,1,0,366,480,409
5345865,Mill Creek city,8682,6377,124364,148278,1.1961,23.4,3.1,1,0,-90,87,67
29121,Macon County,6067,3806,62357,74826,1.1961,33.8,3.5,1,0,167,153,139
3482120,Woodbury city,4206,2707,77028,92507,1.1961,33.9,1.7,0,0,-129,-23,-25
26107,Mecosta County,16708,9868,60951,73184,1.196,32.5,8.5,1,0,343,377,316
3746340,New Bern city,14673,8766,61031,73624,1.196,36.9,3.4,0,0,110,214,247
30049,Lewis and Clark County,31215,20879,78237,94818,1.196,29.4,3.7,1,0,873,560,485
4209080,Brookhaven borough,3799,2558,91042,109615,1.1959,32.7,0.0,1,0,-58,1,24
0504600,Beebe city,3502,2649,59476,70601,1.1959,20.0,4.4,0,0,176,229,233
1616750,Coeur d'Alene city,23963,15173,72338,87159,1.1959,31.1,5.6,1,0,-276,-374,-276
4066350,Seminole city,2646,1807,39121,46698,1.1959,25.5,6.2,0,0,19,62,158
26065,Ingham County,117096,75308,65526,78520,1.1958,24.2,11.5,1,0,11,2816,2703
3909680,Brunswick city,14444,10023,90663,107913,1.1958,27.0,3.6,1,0,271,217,226
4232448,Hanover borough,7469,4960,61293,72969,1.1958,29.3,4.3,1,0,118,314,162
3437110,Kinnelon borough,3348,2354,187438,224328,1.1957,29.2,0.5,0,0,59,70,11
2759998,Shoreview city,11340,7352,108370,131114,1.1957,33.4,1.7,1,0,-30,35,38
0602868,Arroyo Grande city,7712,4278,102553,120533,1.1957,41.5,3.0,1,0,-216,-176,174
4748660,Milan city,3237,2353,43886,53000,1.1957,24.4,2.9,0,0,-47,57,164
21151,Madison County,37051,24032,63351,77424,1.1957,25.0,10.2,1,0,2029,2217,1826
45041,Florence County,52856,35521,58305,70061,1.1956,29.7,3.1,1,0,310,1385,1825
2254035,New Iberia city,11381,7561,47087,56990,1.1956,29.0,4.6,0,0,-404,181,485
3926166,Fairlawn city,3530,2289,97055,114844,1.1955,33.5,1.6,0,0,2,36,3
27059,Isanti County,16293,11332,87440,104512,1.1955,28.0,2.5,1,0,204,194,48
17113,McLean County,70220,46705,79905,95154,1.1955,22.8,10.7,1,0,2342,2232,1199
54049,Marion County,23339,14458,67370,81637,1.1955,31.0,7.1,1,0,844,923,800
0665028,San Bruno city,15224,10964,141272,169725,1.1955,26.5,1.5,1,0,-253,249,430
28007,Attala County,6627,4293,51639,61041,1.1954,33.2,2.1,1,0,111,224,222
1812412,Chesterton town,6004,4233,91060,108043,1.1954,28.0,1.5,1,0,168,163,204
26101,Manistee County,10561,5819,63516,77076,1.1954,42.5,2.4,1,0,121,198,228
18093,Lawrence County,19135,12478,66468,79749,1.1953,30.9,3.9,1,0,389,314,189
41025,Harney County,3129,1863,55208,67939,1.1953,39.3,1.2,0,0,145,78,64
4220352,Dunmore borough,6022,4027,71302,86255,1.1953,31.0,2.1,0,0,299,294,243
53071,Walla Walla County,23447,14365,74202,88763,1.1953,32.3,6.5,1,0,-36,8,253
49005,Cache County,44439,30096,81665,98111,1.1952,18.6,13.7,1,0,605,1457,1302
3979002,Upper Arlington city,14330,9981,155167,186226,1.1951,29.4,0.9,1,0,296,353,259
29223,Wayne County,4623,2678,47226,56467,1.1951,40.6,1.4,1,0,108,183,238
21171,Monroe County,4645,3122,51280,62673,1.195,28.9,3.9,1,0,230,248,210
51093,Isle of Wight County,15756,10556,95241,113390,1.195,31.2,1.8,1,0,181,157,186
72131,San Sebastián Municipio,14605,8381,19920,23807,1.195,41.6,1.0,0,0,-134,-43,324
28101,Newton County,7713,5108,50540,60266,1.1949,31.8,2.0,1,0,213,194,192
17085,Jo Daviess County,10391,5744,73993,88415,1.1949,40.3,4.4,1,0,321,240,155
4145000,McMinnville city,12795,8113,73736,88264,1.1948,33.2,3.4,1,0,54,51,64
5550825,Menasha city,8123,5753,64698,78641,1.1948,23.3,5.8,1,0,323,284,209
3936651,Hudson city,8077,5435,171427,208289,1.1948,32.3,0.4,0,0,43,60,15
2540675,Methuen city,18691,13093,113310,133767,1.1947,28.2,1.7,1,0,-233,58,
2033625,Hutchinson city,16459,10665,58687,70030,1.1947,28.9,6.3,1,0,733,879,671
18175,Washington County,11229,7513,64641,77935,1.1946,29.9,3.2,1,0,265,365,406
42075,Lebanon County,56712,36844,78425,93764,1.1946,32.2,2.9,1,0,1828,1611,1617
72087,Loíza Municipio,9064,5470,24272,28966,1.1946,38.1,1.6,1,0,69,185,265
47121,Meigs County,5235,3243,61375,73602,1.1944,34.0,4.0,1,0,263,244,208
1761899,Princeton city,3621,2054,61946,75779,1.1944,39.2,4.1,0,0,139,145,105
3948188,Mason city,13502,10070,125401,149944,1.1943,25.1,0.3,1,0,131,303,163
42133,York County,181583,123239,84829,101836,1.1942,29.4,2.7,1,0,3156,3256,2916
1270675,Tamarac city,31422,19125,61718,75052,1.1942,37.7,1.4,1,0,-328,-1251,-477
4860836,Raymondville city,2573,1818,51442,60157,1.1941,28.6,0.7,0,0,18,21,142
17083,Jersey County,7965,5331,80361,93370,1.1941,31.9,1.2,1,0,248,168,98
20141,Osborne County,1579,895,63011,75698,1.1941,37.8,5.5,1,0,47,60,64
40105,Nowata County,3686,2351,54333,66747,1.1941,31.4,4.8,1,0,87,93,106
17119,Madison County,110134,73981,75793,90584,1.1941,29.1,3.8,1,0,3369,2886,1470
1333336,Glennville city,1577,898,52844,60366,1.194,38.4,4.7,0,0,-25,-13,33
19097,Jackson County,8242,5216,74186,88968,1.194,33.5,3.2,1,0,177,165,142
4243816,Lititz borough,3968,2435,88576,109679,1.194,38.2,0.5,0,0,-59,-26,-28
72021,Bayamón Municipio,74334,44281,31354,37544,1.1939,38.7,1.7,1,0,-1050,-671,-578
18153,Sullivan County,7832,5043,56204,68481,1.1939,30.7,4.9,1,0,146,121,136
41029,Jackson County,92035,55573,73999,88031,1.1939,36.2,3.4,1,0,51,780,1146
1740793,La Grange Park village,5285,3437,120408,139219,1.1939,33.8,1.2,1,0,76,85,76
2945668,Manchester city,7279,5235,97801,117674,1.1939,25.1,3.0,1,0,171,91,109
29199,Scotland County,1550,978,68913,80994,1.1939,33.8,3.1,1,0,36,22,18
5560500,Oshkosh city,27451,17496,62188,74888,1.1938,24.8,11.4,1,0,1311,1850,1132
1730094,Godfrey village,7452,4589,94543,114250,1.1938,36.8,1.6,1,0,125,56,60
39021,Champaign County,15646,10293,75556,90134,1.1938,30.7,3.5,1,0,697,610,538
3426820,Gloucester City city,4066,2927,64938,80719,1.1938,25.9,2.1,0,0,-136,-127,84
29123,Madison County,4683,3032,54434,66976,1.1938,33.1,2.1,0,0,172,65,84
25003,Berkshire County,57585,35129,76013,90778,1.1937,36.7,2.3,1,0,1183,956,195
4855080,Paris city,9870,6384,47239,56570,1.1937,32.1,3.2,0,0,-74,243,407
33019,Sullivan County,16618,10552,80858,95448,1.1937,34.6,1.9,1,0,217,250,146
4223832,Ephrata borough,6048,4150,69735,83808,1.1937,27.6,3.8,1,0,229,279,199
26165,Wexford County,13696,8724,61085,73220,1.1936,32.2,4.1,1,0,171,180,161
3974118,Springfield city,24650,16013,47143,56441,1.1936,29.6,5.5,1,0,314,873,1125
06079,San Luis Obispo County,109503,62577,97446,116504,1.1936,35.5,7.3,1,0,-2203,-2384,1321
27005,Becker County,14410,8945,71388,85018,1.1935,35.2,2.8,1,0,286,287,185
45007,Anderson County,83904,56237,66651,79630,1.1935,29.4,3.6,1,0,1461,2560,1925
0611194,Carlsbad city,44038,30352,142748,169711,1.1935,29.5,1.6,1,0,-382,431,601
47023,Chester County,6430,4358,59341,70557,1.1934,30.1,2.1,1,0,82,107,129
3465280,Rutherford borough,6875,4944,143153,169656,1.1934,26.2,1.9,1,0,239,401,209
13143,Haralson County,11747,8282,72127,87326,1.1934,25.8,3.7,1,0,526,647,610
42107,Schuylkill County,57988,37597,68313,81467,1.1934,32.4,2.8,1,0,1365,1699,1623
17155,Putnam County,2465,1488,75590,90040,1.1933,36.3,3.3,1,0,66,88,83
13213,Murray County,15246,10731,69253,81198,1.1932,25.0,4.6,1,0,506,662,669
31093,Howard County,2504,1578,76767,92492,1.1932,33.9,3.0,1,0,66,64,52
4262792,Prospect Park borough,2502,1949,63077,80790,1.1931,22.1,0.0,0,0,-51,28,-10
26013,Baraga County,3433,1984,55327,69043,1.193,37.5,4.7,1,0,101,104,83
19151,Pocahontas County,3000,1760,61875,73971,1.193,34.2,7.1,1,0,171,140,45
3608532,Bronxville village,2233,1470,215815,248140,1.193,34.2,0.0,0,0,21,68,31
29119,McDonald County,8558,6024,52375,64035,1.1929,25.5,4.1,1,0,200,419,425
18085,Kosciusko County,31934,21543,75317,89948,1.1929,27.8,4.8,1,0,875,924,884
08085,Montrose County,18069,10381,72120,84383,1.1929,39.1,3.4,1,0,132,264,260
54091,Taylor County,6604,4268,57795,69144,1.1928,33.7,1.6,1,0,152,173,130
42017,Bucks County,249187,166722,114764,137958,1.1927,31.8,1.3,1,0,813,1755,772
01103,Morgan County,49040,33186,68845,81940,1.1927,29.3,3.0,1,0,1520,1532,1278
36073,Orleans County,16220,10588,65969,79970,1.1927,31.8,2.9,1,0,518,619,292
3369940,Somersworth city,5201,3784,74504,89183,1.1927,22.9,4.4,0,0,-110,-87,62
18115,Ohio County,2619,1708,70392,84187,1.1927,33.4,1.3,0,0,4,12,8
2283405,Zachary city,7648,5537,84480,103282,1.1927,23.9,3.7,0,0,-173,5,-86
41053,Polk County,32986,20925,85118,102565,1.1926,30.9,5.7,1,0,576,665,678
2743864,Moorhead city,18508,12518,72761,88095,1.1926,20.5,11.9,1,0,594,645,275
48135,Ector County,64563,47651,71536,84564,1.1926,17.7,8.5,1,0,122,1457,1448
32019,Lyon County,23745,15284,80812,95365,1.1926,33.9,1.7,1,0,55,35,137
05147,Woodruff County,2692,1506,48158,55652,1.1925,39.9,4.2,1,0,67,121,156
17109,McDonough County,11856,6645,52795,64823,1.1925,29.4,14.5,1,0,210,348,189
18145,Shelby County,18450,12572,72190,85879,1.1925,28.2,3.7,1,0,787,666,321
39157,Tuscarawas County,38492,24747,65044,78291,1.1925,31.2,4.5,1,0,1543,1959,1729
1701114,Alton city,10714,7448,54568,64749,1.1925,27.6,2.9,1,0,-77,331,195
4285312,Williamsport city,11320,7677,48851,58284,1.1924,21.5,10.7,1,0,212,299,444
30071,Phillips County,1765,1011,53417,64621,1.1923,38.7,4.0,0,0,59,65,35
39007,Ashtabula County,39245,25384,57728,69252,1.1923,31.8,3.5,1,0,897,1124,837
53015,Cowlitz County,43943,28831,76531,91319,1.1923,31.8,2.6,1,0,998,910,808
33015,Rockingham County,127570,86943,118331,141269,1.1923,30.4,1.4,1,0,229,1149,737
4741520,Lebanon city,17290,12203,72848,87309,1.1922,23.8,5.6,1,0,100,211,226
47041,DeKalb County,8652,5682,53153,65025,1.1922,30.4,3.9,1,0,-81,190,220
27109,Olmsted County,66918,45964,95406,115352,1.1922,25.5,5.8,1,0,910,716,653
36037,Genesee County,24873,16561,73314,87215,1.1922,30.1,3.3,1,0,865,661,445
36099,Seneca County,13606,8538,68089,80621,1.1922,33.8,3.4,1,0,479,572,397
54011,Cabell County,39318,23900,55832,66837,1.1922,30.5,8.7,1,0,211,1184,1426
46005,Beadle County,7536,5040,67681,81582,1.1922,27.4,5.8,1,0,234,336,258
2604105,Auburn Hills city,11506,8380,84375,98842,1.1922,21.8,5.4,1,0,99,400,419
0886090,Woodland Park city,3543,2339,99238,116840,1.1921,30.3,3.6,1,0,-207,-81,-114
1772546,Sterling city,6579,4008,57350,68255,1.1921,34.2,4.9,1,0,267,230,189
4848072,Midland city,53414,40579,89585,106453,1.192,17.1,7.0,1,0,-447,-33,15
4223584,Emmaus borough,5038,3473,83917,102150,1.192,27.0,4.1,1,0,15,107,100
26147,St. Clair County,67816,44456,71270,84654,1.192,31.4,3.1,1,0,823,997,626
5584250,Waukesha city,30567,21107,83837,100547,1.192,24.4,6.6,1,0,1021,812,686
39153,Summit County,231267,154510,71622,85203,1.1919,29.3,3.8,1,0,7402,8242,6047
2538715,Marlborough city,16665,12287,91968,111821,1.1919,24.4,1.9,1,0,-791,-821,556
51001,Accomack County,14446,8126,58993,70728,1.1919,40.3,3.5,1,0,228,247,311
39029,Columbiana County,41459,26229,58180,69162,1.1918,34.4,2.3,1,0,1162,1520,1145
0636672,Ione city,2409,1565,91495,105663,1.1918,33.0,2.0,0,0,-19,-18,-10
5519775,De Pere city,10018,6815,84869,103287,1.1918,28.7,3.3,1,0,510,443,418
30041,Hill County,6206,4037,52798,65281,1.1918,28.7,6.3,1,0,157,207,284
2930610,Harrisonville city,3588,2563,62473,76211,1.1918,26.4,2.2,0,0,92,220,58
37027,Caldwell County,32919,21155,56425,67159,1.1918,33.4,2.4,1,0,1023,1231,1162
1909550,Burlington city,11070,6689,59000,70402,1.1918,33.9,5.6,1,0,304,449,311
17021,Christian County,13586,8804,62611,74843,1.1918,32.5,2.7,1,0,527,453,295
2653960,Milford village,2627,1804,105713,131766,1.1918,30.5,0.8,0,0,-15,6,-16
0541720,Lowell city,3879,3049,95527,111430,1.1918,16.6,4.8,1,0,54,57,55
5365170,Snohomish city,4453,3102,87250,103827,1.1917,28.6,1.7,1,0,-79,-124,59
08063,Kit Carson County,2896,1954,70259,80794,1.1917,28.2,4.4,1,0,178,169,84
19117,Lucas County,3708,2317,61793,76988,1.1916,34.5,3.0,1,0,87,95,53
17005,Bond County,6147,3788,65959,80253,1.1916,33.7,4.7,0,0,167,104,45
4014700,Claremore city,7917,5015,58685,70135,1.1916,30.4,6.3,1,0,302,467,335
1711007,Canton city,5523,3420,53254,61408,1.1916,32.9,5.2,1,0,161,180,118
29221,Washington County,8920,6039,56043,67472,1.1916,28.3,4.0,1,0,217,179,236
0610928,Canyon Lake city,4105,2207,126926,150946,1.1915,45.5,0.7,1,0,-94,73,-112
55027,Dodge County,35910,24266,75929,90327,1.1915,29.4,3.1,1,0,1707,1359,1026
37135,Orange County,57342,37647,90089,105943,1.1913,25.7,8.6,1,0,-576,355,260
3769260,Unionville town,2509,1945,96028,114622,1.1913,22.5,0.0,0,0,26,25,24
17067,Hancock County,7613,4575,65865,78615,1.1913,36.9,3.0,1,0,207,194,170
35029,Luna County,9223,5482,36419,43683,1.1913,36.9,3.7,0,0,149,-13,73
34027,Morris County,193245,135958,137326,164323,1.1913,28.4,1.2,1,0,1101,4091,587
0644826,McFarland city,3570,2704,54608,65541,1.1913,17.2,7.0,1,0,-97,168,59
55103,Richland County,7250,4301,66420,78316,1.1912,37.6,3.1,1,0,205,241,147
3735720,Kill Devil Hills town,3384,2327,89773,104192,1.1912,29.1,2.1,0,0,-78,-23,-5
42047,Elk County,13325,8327,66380,77788,1.1912,36.0,1.5,1,0,364,331,251
4261536,Plum borough,10885,6797,98705,117122,1.1911,36.3,1.3,1,0,225,150,178
1310076,Braselton town,5863,4091,120984,146030,1.1911,27.9,2.4,0,0,-50,96,-68
3956322,North College Hill city,3799,2831,64655,80929,1.191,24.3,1.2,0,0,-92,-129,30
31049,Deuel County,837,433,70096,82264,1.191,44.0,4.3,0,0,30,28,20
38003,Barnes County,4908,3053,68038,83204,1.1909,33.3,4.5,1,0,204,134,59
13113,Fayette County,44581,29484,111978,134267,1.1909,31.2,2.7,1,0,-383,157,-248
0845955,Lone Tree city,6507,4708,123741,146228,1.1909,25.6,2.1,1,0,71,330,179
1883816,Whiteland town,1790,1290,96944,116981,1.1909,27.9,0.0,0,0,8,14,
30105,Valley County,2951,1709,71695,85991,1.1908,40.9,1.2,1,0,51,58,47
3957764,Oakwood city,3510,2685,156667,183603,1.1907,23.0,0.5,1,0,91,106,16
3986548,Wooster city,11108,6854,66898,80759,1.1907,34.3,4.0,1,0,460,536,458
2025425,Gardner city,8288,6485,96818,114005,1.1907,15.7,6.1,1,0,276,192,196
1711514,Carterville city,2454,1661,62337,78776,1.1907,29.5,2.8,0,0,73,82,62
48171,Gillespie County,11513,6245,76162,91254,1.1907,44.1,1.7,0,0,206,59,71
4253368,New Castle city,9406,6427,42219,50067,1.1907,28.2,3.5,1,0,-101,-248,325
29037,Cass County,43206,29965,87535,105081,1.1907,28.0,2.6,1,0,948,622,399
0669154,Santa Fe Springs city,5716,3822,88238,104356,1.1906,31.7,1.4,0,0,-45,-170,137
37117,Martin County,9502,5533,48578,58181,1.1906,38.7,3.1,1,0,253,334,432
3883860,Watford City city,2629,2196,102260,122197,1.1906,6.6,9.9,1,0,203,182,185
19005,Allamakee County,5950,3556,70694,84012,1.1905,34.1,6.2,1,0,158,145,103
5586700,Whitefish Bay village,5347,3918,157109,191530,1.1905,25.0,1.7,1,0,76,95,29
4873316,Tomball city,5213,3399,78562,95073,1.1905,30.9,3.9,0,0,85,314,270
36051,Livingston County,24473,15287,74001,87770,1.1905,32.3,5.2,1,0,357,233,196
22045,Iberia Parish,26816,17914,56961,67251,1.1905,28.3,4.9,1,0,355,755,867
4229720,Glenolden borough,2749,1717,72786,85668,1.1904,33.5,4.1,1,0,64,124,24
31057,Dundy County,779,469,58922,69488,1.1903,33.9,5.9,0,0,46,43,6
1867464,Salem city,2706,1761,56538,67364,1.1903,31.7,3.2,1,0,81,65,22
17101,Lawrence County,5472,3481,55324,68520,1.1902,31.3,5.1,1,0,292,300,126
3327380,Franklin city,3613,2464,71648,85030,1.1902,30.5,1.3,1,0,69,70,58
3919778,Cuyahoga Falls city,23212,15679,72705,87157,1.1902,26.5,6.0,1,0,1225,1190,909
21001,Adair County,7136,4543,53553,63051,1.1901,32.8,3.5,1,0,77,42,22
12069,Lake County,164497,96911,73161,87146,1.1901,39.3,1.7,1,0,-779,-1544,-667
19187,Webster County,15375,9614,68975,79631,1.1901,30.9,6.5,1,0,673,559,274
1682810,Twin Falls city,20828,14107,61205,73822,1.1901,26.4,5.9,1,0,314,549,458
51077,Grayson County,6337,3653,47730,56141,1.19,40.7,1.7,0,0,54,129,106
29003,Andrew County,6988,4446,75625,90187,1.19,33.4,2.9,1,0,319,195,178
4837612,Jersey Village city,3343,1928,79750,96772,1.19,31.6,10.7,0,0,120,223,218
01081,Lee County,69436,47536,65824,79478,1.1899,22.0,9.6,1,0,-419,1026,1047
1236175,Kenneth City town,1908,1024,49347,58313,1.1899,46.3,0.0,0,0,-16,-51,-1
26125,Oakland County,530460,366366,97760,116730,1.1899,28.4,2.6,1,0,10014,6319,9350
18139,Rush County,6746,4543,66473,80466,1.1898,29.8,2.8,1,0,173,287,288
5465692,Princeton city,2826,1852,43900,52043,1.1898,31.4,3.1,1,0,-22,13,113
5536250,Hudson city,6577,4540,93937,112565,1.1898,28.3,2.7,1,0,120,189,185
17007,Boone County,19460,13384,84571,101476,1.1898,29.5,1.7,1,0,348,312,320
4079450,Weatherford city,5007,2787,54704,66587,1.1897,18.6,25.7,0,0,199,395,377
0668000,San Jose city,328550,246449,146427,174336,1.1897,22.6,2.4,1,0,-99,9163,8965
38047,Logan County,777,469,62750,77206,1.1897,37.5,2.2,0,0,20,17,9
3928014,Fostoria city,5097,3145,54151,63688,1.1897,28.5,9.8,0,0,136,249,233
21043,Carter County,10794,7040,51235,61175,1.1896,31.2,3.6,1,0,38,183,259
3926446,Fairview Park city,7780,5281,78865,95270,1.1896,30.4,1.7,1,0,396,260,210
48003,Andrews County,6844,5114,72242,86235,1.1896,18.2,7.1,0,0,43,78,160
39003,Allen County,41295,26611,64038,77003,1.1895,30.4,5.2,1,0,1370,1971,1766
42049,Erie County,110587,72171,63354,75891,1.1895,30.9,3.8,1,0,1957,3031,2910
3921308,Defiance city,7412,4851,61439,74318,1.1895,31.2,3.4,0,0,217,339,372
42095,Northampton County,122624,80907,89184,107086,1.1895,31.8,2.2,1,0,681,1552,1638
13277,Tift County,15640,10633,53255,63189,1.1894,28.0,4.0,1,0,282,484,592
1886372,Zionsville town,11822,8692,172024,197984,1.1894,24.7,1.8,1,0,211,240,44
3905424,Belpre city,3130,1874,54592,65943,1.1893,34.5,5.6,1,0,-21,24,122
27027,Clay County,26442,18131,81172,96809,1.1893,22.7,8.8,1,0,827,631,334
4259384,Perkasie borough,3679,2567,93845,112683,1.1893,23.0,7.2,0,0,67,42,38
48309,McLennan County,97338,63060,66643,79875,1.1893,25.8,9.4,1,0,-272,1301,1223
2556585,Revere city,22178,15973,86969,103880,1.1892,25.5,2.4,1,0,-761,-1125,914
18075,Jay County,7807,5255,54969,67638,1.1892,29.8,2.9,1,0,125,206,220
2714158,Crystal city,9218,6493,92513,109666,1.1892,26.6,3.0,1,0,69,56,24
1727702,Franklin Park village,6007,4634,76519,92998,1.1891,21.5,1.4,1,0,142,84,38
18059,Hancock County,33474,23161,93186,113027,1.1891,27.5,3.3,1,0,684,471,523
08043,Fremont County,17976,10446,62664,75356,1.189,38.4,3.5,1,0,192,390,378
0678582,Thousand Oaks city,46546,30457,135603,159125,1.189,33.9,0.7,1,0,-864,166,79
56011,Crook County,2907,1925,79637,92591,1.189,31.5,2.3,0,0,91,106,93
1713139,Chester city,1827,1225,80625,94311,1.189,28.5,4.5,0,0,55,53,53
27045,Fillmore County,8723,5532,77512,93692,1.1889,32.4,4.2,1,0,144,119,118
51071,Giles County,6698,4390,65691,80030,1.1889,32.2,2.3,1,0,175,257,273
3413810,Closter borough,2654,2001,190469,222133,1.1889,24.6,0.0,0,0,14,33,-38
17027,Clinton County,14570,9664,86588,102874,1.1889,30.6,3.1,1,0,297,234,186
13165,Jenkins County,3216,1911,44389,52661,1.1889,39.1,1.5,0,0,73,106,72
2273640,Sulphur city,8234,5761,61760,77565,1.1889,28.3,1.8,1,0,43,60,242
48223,Hopkins County,14002,9112,70888,83008,1.1888,31.2,3.7,1,0,403,499,450
2127982,Florence city,13926,8959,71003,83927,1.1888,30.8,4.9,1,0,103,462,420
12053,Hernando County,82475,47745,66058,79542,1.1888,40.6,1.5,1,0,-417,145,341
17127,Massac County,5457,3585,65116,75621,1.1888,32.7,1.6,0,0,176,148,61
53057,Skagit County,52329,32378,89263,105667,1.1888,35.3,2.8,1,0,87,211,-27
0622790,Escalon city,2854,1717,81467,99315,1.1887,38.9,0.9,1,0,98,35,8
50021,Rutland County,25321,15717,68616,81253,1.1887,36.4,1.5,1,0,156,378,389
55025,Dane County,251529,169864,89975,107465,1.1887,22.0,10.5,1,0,3858,5542,4152
3463150,Ringwood borough,4186,3044,152414,180748,1.1887,27.3,0.0,0,0,4,18,-4
3956966,North Ridgeville city,14087,9365,96698,116731,1.1887,31.5,2.0,1,0,77,56,76
48359,Oldham County,614,460,79900,98239,1.1887,24.3,0.8,0,0,30,9,19
24001,Allegany County,27382,16667,59603,70880,1.1886,34.0,5.1,1,0,758,822,420
23007,Franklin County,12675,7823,58675,69436,1.1886,35.4,2.9,1,0,210,241,312
4172950,The Dalles city,6525,4004,62614,74384,1.1886,33.7,5.0,1,0,-10,76,19
26057,Gratiot County,14775,9715,63556,76216,1.1886,29.8,4.4,1,0,373,347,337
29013,Bates County,6158,4005,60733,72289,1.1885,31.5,3.4,1,0,196,221,196
3006550,Billings city,50994,33745,73712,87778,1.1885,28.8,5.0,1,0,716,1191,1208
46059,Hand County,1405,830,74635,88583,1.1885,34.2,6.8,0,0,83,108,55
55003,Ashland County,6832,4328,62462,72879,1.1884,33.5,3.1,1,0,252,232,138
0466470,Show Low city,5100,2587,60368,71761,1.1884,42.0,7.2,1,0,54,181,219
23011,Kennebec County,54312,35659,69077,81801,1.1884,30.8,3.5,1,0,988,1492,1035
55057,Juneau County,10955,6789,67270,80824,1.1883,34.1,3.9,1,0,403,478,331
1211050,Casselberry city,13519,9277,62447,74523,1.1883,26.6,4.8,1,0,-3,-531,-81
1270600,Tallahassee city,85311,53045,57409,67955,1.1883,18.3,19.5,1,0,-5298,-3610,2516
53065,Stevens County,19374,11532,69327,80459,1.1883,38.3,2.2,1,0,371,478,380
3757260,Rockingham city,4041,2673,37224,46526,1.1883,29.5,4.3,0,0,-82,-2,31
4821892,Eagle Pass city,9140,6541,57207,69196,1.1882,24.9,3.5,1,0,267,315,282
55061,Kewaunee County,8357,5278,82725,97880,1.1882,34.6,2.2,1,0,213,200,154
31109,Lancaster County,134126,87889,74793,88863,1.1881,24.0,10.5,1,0,5100,4797,3716
42127,Wayne County,20877,12489,62381,75255,1.1881,38.5,1.7,1,0,313,356,282
47139,Polk County,7424,4862,62522,74043,1.1881,32.1,2.5,1,0,163,111,39
1208800,Brooksville city,4254,2265,54926,64099,1.1881,42.2,4.5,0,0,-132,7,34
4254696,Northampton borough,4291,2963,90762,104573,1.188,27.6,3.3,1,0,49,50,50
2505595,Beverly city,16980,11177,106044,128546,1.188,31.0,3.2,1,0,-245,-108,472
29203,Shannon County,2882,1843,55222,66750,1.188,33.0,3.1,0,0,113,104,82
2021275,Emporia city,10385,6067,52704,65088,1.188,21.8,19.8,1,0,420,561,679
05149,Yell County,8323,5563,55934,69102,1.1879,26.7,6.4,1,0,212,368,420
35015,Eddy County,23620,16525,78426,92440,1.1879,26.1,3.9,1,0,922,679,626
4606840,Brandon city,4072,2915,110806,130755,1.1878,25.2,3.2,1,0,22,12,17
3428770,Haddonfield borough,4226,3172,200400,238903,1.1878,24.6,0.3,0,0,88,114,2
13003,Atkinson County,3222,2325,42347,50802,1.1878,25.1,2.7,0,0,66,56,81
37131,Northampton County,7857,4300,50086,59570,1.1878,43.0,2.3,1,0,87,134,204
1986250,Windsor Heights city,2229,1638,91707,114202,1.1877,26.5,0.0,0,0,-36,1,3
2430950,Fruitland city,2015,1419,64004,77072,1.1877,23.4,6.2,0,0,-138,-169,-36
2961670,Richmond city,2662,1656,59556,70312,1.1877,33.2,4.6,0,0,184,186,46
4551280,North Myrtle Beach city,9967,4714,72722,85199,1.1877,50.3,2.4,0,0,47,-2,-7
19051,Davis County,3201,2142,77194,91387,1.1877,29.7,3.3,1,0,85,22,12
0657764,Pleasant Hill city,13258,9324,145029,171307,1.1877,28.1,1.5,1,0,-194,231,204
1247625,Naples city,9836,3337,153182,180467,1.1876,65.8,0.3,0,0,43,-33,128
0457450,Prescott Valley town,20968,11042,74569,88787,1.1876,44.4,3.0,1,0,-132,13,140
4807192,Beeville city,4748,3284,50784,61838,1.1876,25.1,5.7,0,0,-409,166,208
0634904,Hughson city,2812,1844,91557,111429,1.1875,32.6,1.8,0,0,-1,19,22
0631960,Hanford city,19518,14063,76461,90968,1.1875,23.9,4.1,1,0,334,176,163
5577875,Sturgeon Bay city,5160,3154,59926,71230,1.1875,33.9,5.0,0,0,106,250,179
1254200,Palm Coast city,39807,22542,77350,91810,1.1875,42.4,1.0,1,0,-1333,-874,-353
23031,York County,91413,59141,88333,105358,1.1874,33.4,1.9,1,0,804,1047,998
19007,Appanoose County,5199,3140,54934,65922,1.1874,35.2,4.4,1,0,95,191,186
0641936,Live Oak city,2706,1895,73571,86753,1.1873,28.0,1.9,1,0,-1,-38,-22
3443890,Margate City city,2570,1398,121800,146477,1.1873,45.1,0.5,0,0,9,18,17
51075,Goochland County,10342,6487,118931,139948,1.1872,35.3,2.0,1,0,108,153,97
3714700,Cornelius town,13884,9735,113767,137740,1.1872,28.1,1.8,1,0,156,287,173
2946388,Marshfield city,2930,1796,67642,81081,1.1871,33.0,5.7,0,0,150,124,85
5569725,Rothschild village,2296,1495,88261,106516,1.1871,30.2,4.7,1,0,109,96,109
40089,McCurtain County,11143,7077,51929,62304,1.1871,33.1,3.3,1,0,250,388,322
3958828,Orrville city,3342,2206,72569,82940,1.187,27.5,6.5,1,0,226,245,209
3942364,Lebanon city,8341,6197,83685,100882,1.187,23.9,1.8,1,0,253,162,141
25009,Essex County,313147,214935,101883,121251,1.187,29.3,2.1,1,0,-6400,-4551,7446
4205256,Bellefonte borough,2992,2345,62540,73010,1.1869,18.5,3.1,0,0,88,178,92
3473140,Totowa borough,3916,2743,113563,131368,1.1869,30.0,0.0,0,0,-147,-61,-28
0544600,Maumelle city,7492,5025,103333,123095,1.1868,27.3,5.7,1,0,174,88,213
0846465,Loveland city,34367,22068,84604,99649,1.1868,31.3,4.5,1,0,-443,-36,-25
3100905,Alliance city,3510,2278,65160,75666,1.1868,29.4,5.7,0,0,72,116,63
42069,Lackawanna County,88263,57529,66223,79161,1.1868,32.2,2.6,1,0,1191,2489,2288
55045,Green County,15775,10383,82852,97136,1.1867,31.5,2.7,1,0,528,384,276
2727530,Hastings city,8985,5817,93998,111382,1.1867,31.4,3.9,1,0,274,177,83
17011,Bureau County,14028,8710,69257,82512,1.1867,35.1,2.8,1,0,390,420,289
48057,Calhoun County,8670,5671,79959,93382,1.1866,29.9,4.6,0,0,341,45,14
25017,Middlesex County,634215,454406,130847,155773,1.1866,25.5,2.8,1,0,-4189,12595,20697
22001,Acadia Parish,22099,15180,45562,54111,1.1866,27.6,3.7,1,0,182,336,420
4741760,Lenoir City city,4536,2725,67259,79202,1.1866,35.5,4.4,0,0,22,159,153
05121,Randolph County,7334,4791,50911,60256,1.1866,31.6,3.1,0,0,-37,159,264
55087,Outagamie County,78382,54436,85069,102854,1.1866,26.3,4.3,1,0,3382,2467,1858
1759000,Peoria city,49037,32012,59410,70493,1.1866,26.4,8.3,1,0,441,1727,1149
5506925,Berlin city,2477,1633,59472,70676,1.1866,28.9,5.2,0,0,170,163,81
4242168,Lebanon city,10764,7044,48456,57364,1.1865,29.6,5.0,1,0,-155,130,518
48413,Schleicher County,964,590,86694,97059,1.1865,37.6,1.2,0,0,9,3,2
20139,Osage County,6432,4086,74467,88357,1.1864,32.7,3.8,1,0,174,114,78
12121,Suwannee County,16112,9842,56658,66911,1.1864,35.9,3.0,1,0,506,748,760
5555750,Neenah city,11375,8082,75374,89664,1.1864,26.6,2.4,1,0,513,436,375
48465,Val Verde County,16810,11564,66100,78688,1.1864,26.5,4.7,1,0,468,745,747
36095,Schoharie County,12861,7661,70133,82682,1.1864,37.3,3.1,1,0,286,355,76
42121,Venango County,21397,13196,61522,73292,1.1864,35.8,2.6,1,0,601,650,516
36029,Erie County,409665,274318,72839,86400,1.1863,29.6,3.4,1,0,8640,9952,8303
31079,Hall County,24587,16325,69251,81049,1.1862,26.1,7.6,1,0,1017,1044,743
3618256,Corning city,5339,3529,61760,74316,1.1862,24.4,9.5,0,0,35,151,177
1868220,Schererville town,12464,7975,89466,107932,1.1862,35.1,0.9,1,0,314,258,336
39135,Preble County,16725,10913,69223,82954,1.1862,31.6,3.2,1,0,587,580,449
22063,Livingston Parish,53596,39279,80122,94098,1.1862,23.4,3.3,1,0,786,759,765
0845970,Longmont city,42155,27798,90671,108049,1.1862,28.4,5.6,1,0,-1210,-454,167
4149550,Monmouth city,3621,2290,69170,85362,1.1861,19.8,17.0,1,0,84,286,239
1973335,Sioux City city,32926,22819,68906,82331,1.1861,25.2,5.5,1,0,1111,1656,1239
4269000,Scranton city,30247,20009,50739,60363,1.1861,29.5,4.4,1,0,-1264,-626,918
12085,Martin County,67801,35179,82943,99270,1.1861,46.9,1.3,1,0,-645,-147,-111
37053,Currituck County,11845,8222,93511,113606,1.1859,29.2,1.4,1,0,72,77,83
3424420,Fort Lee borough,18287,11438,107274,128327,1.1859,36.3,1.2,1,0,-71,-87,28
2167944,St. Matthews city,8772,6042,82412,96471,1.1859,24.7,6.4,1,0,392,394,412
4761960,Red Bank city,6123,4347,63983,76250,1.1858,21.1,7.9,0,0,-287,135,211
17139,Moultrie County,5817,3911,71784,85938,1.1858,28.8,4.0,1,0,223,273,206
21141,Logan County,11005,7130,60382,71745,1.1858,32.3,2.9,1,0,295,375,388
29131,Miller County,9857,6355,56736,68293,1.1857,32.7,2.9,1,0,271,388,321
41019,Douglas County,47519,27619,61310,73405,1.1856,38.7,3.2,1,0,1095,1206,1179
0161008,Pleasant Grove city,3479,2276,70317,84640,1.1856,33.8,0.8,0,0,-79,-12,72
4716300,Collegedale city,4304,2889,70246,86984,1.1855,29.5,3.4,0,0,162,192,240
2730392,Hugo city,6487,4755,116228,140091,1.1855,24.8,1.9,1,0,-17,-1,6
56019,Johnson County,3932,2210,64871,76729,1.1855,37.6,6.2,0,0,83,100,29
18051,Gibson County,13438,9357,67573,81956,1.1855,27.3,3.1,1,0,341,402,340
13231,Pike County,6721,4743,86719,100837,1.1854,29.0,0.5,1,0,53,18,29
1607840,Blackfoot city,4551,2892,64032,76136,1.1854,27.9,8.6,1,0,107,214,210
29001,Adair County,9126,5427,61536,72677,1.1854,26.7,13.8,1,0,221,369,392
21155,Marion County,7724,5273,59627,70705,1.1854,28.6,3.1,1,0,211,261,288
4829168,Gatesville city,3082,1835,57217,70469,1.1853,34.9,5.5,1,0,128,216,243
37059,Davie County,17270,10608,75057,89031,1.1853,36.7,1.9,1,0,328,196,144
3764420,Stallings town,6481,4634,115974,137291,1.1853,25.6,2.9,1,0,23,67,26
51061,Fauquier County,26720,18594,130189,155072,1.1852,28.6,1.8,1,0,268,465,296
3440680,Little Ferry borough,4527,3425,85750,100271,1.1852,23.0,1.4,0,0,-92,68,-6
4775320,Tullahoma city,8472,5603,60979,72198,1.1851,29.8,4.1,1,0,275,335,344
2640960,Iron Mountain city,3582,2413,59405,70302,1.1851,27.9,4.7,1,0,119,118,97
48459,Upshur County,15583,10625,66208,76897,1.1851,29.4,2.4,1,0,186,284,252
06081,San Mateo County,264419,187201,158855,188679,1.185,27.3,1.9,1,0,1810,3349,4877
20177,Shawnee County,75458,48066,67104,81127,1.185,30.9,5.4,1,0,2464,3220,2015
34009,Cape May County,44884,25175,91128,108616,1.185,40.3,3.6,1,0,41,124,164
38099,Walsh County,4400,2759,71944,85931,1.185,32.5,4.8,1,0,135,170,98
26149,St. Joseph County,23620,15440,66425,79700,1.185,31.5,3.2,1,0,642,792,785
3682750,Woodbury village,3483,2744,121221,141327,1.185,19.3,1.9,0,0,2,-17,1
29057,Dade County,3057,1817,53750,64243,1.185,38.4,2.1,0,0,110,126,140
22111,Union Parish,8508,5460,42885,50540,1.185,33.7,2.2,1,0,46,123,136
0668196,San Marcos city,31350,23395,109377,131406,1.1849,22.4,3.0,1,0,-1391,-1023,538
21091,Hancock County,3638,2485,65464,76999,1.1849,26.6,5.1,1,0,94,126,140
2712700,Columbia Heights city,8877,6371,73691,87718,1.1849,26.2,2.0,1,0,-255,-53,73
17099,LaSalle County,45373,29398,73045,87067,1.1849,30.9,4.3,1,0,1384,1229,858
1782049,Willow Springs village,2518,1780,103583,124444,1.1848,29.0,0.3,1,0,-14,-12,-14
37195,Wilson County,33068,22026,56423,67162,1.1847,30.0,3.4,1,0,150,1120,1618
3923380,East Cleveland city,6861,3936,22116,26244,1.1847,37.2,5.4,0,0,224,-197,56
19163,Scott County,73132,49580,78277,93321,1.1846,27.1,5.1,1,0,2289,1626,1611
1922395,Dubuque city,26131,16360,65845,78182,1.1846,29.3,8.1,1,0,685,869,501
4858916,Port Lavaca city,4977,3087,70123,84183,1.1846,29.9,8.1,1,0,312,183,-1
5422564,Dunbar city,3688,2345,58379,68176,1.1846,31.4,5.0,1,0,48,151,228
48089,Colorado County,7937,4719,66377,81184,1.1845,38.1,2.5,0,0,228,190,116
06089,Shasta County,71232,44295,72636,86448,1.1845,34.6,3.2,1,0,656,869,842
21083,Graves County,14139,9255,50772,60266,1.1845,29.7,4.9,1,0,178,330,454
55033,Dunn County,17440,11347,74824,88591,1.1845,26.2,8.7,1,0,660,663,577
4880224,Woodway city,3719,2293,115108,135651,1.1845,36.1,2.2,0,0,18,39,-19
1769758,Shorewood village,6852,4367,122105,145395,1.1845,36.3,0.0,1,0,-16,4,-17
4819972,Denton city,56664,37735,76019,89926,1.1845,20.5,13.0,1,0,-788,-69,163
0101132,Alexander City city,6197,4099,47022,55562,1.1844,31.9,2.0,1,0,102,137,113
40043,Dewey County,1631,1055,62569,73654,1.1844,31.8,3.6,0,0,42,46,43
4249728,Millersville borough,2301,1324,67866,78942,1.1844,27.1,15.4,0,0,-113,-60,70
05107,Phillips County,6023,3828,40134,47532,1.1844,34.9,1.5,0,0,-78,64,312
1310132,Bremen city,2444,1931,93780,112074,1.1844,18.7,2.3,0,0,144,72,153
1829520,Greenfield city,10666,7065,76127,89954,1.1844,29.0,4.8,1,0,413,396,257
5339335,Liberty Lake city,4744,3403,118723,140309,1.1844,26.7,1.5,0,0,-31,85,-46
3624515,Endicott village,6381,3985,47290,56378,1.1843,28.1,9.4,0,0,122,421,366
51139,Page County,9911,6139,57037,68309,1.1843,36.6,1.5,1,0,359,382,409
4535890,Irmo town,4632,3320,80489,96221,1.1843,25.4,2.9,0,0,-65,-43,-66
21113,Jessamine County,19913,13615,74576,88236,1.1842,27.8,3.9,1,0,550,619,531
48129,Donley County,1180,641,58750,68391,1.1842,40.6,5.1,0,0,48,53,35
36119,Westchester County,372883,257533,118976,141551,1.1841,29.7,1.3,1,0,-3406,2861,6588
4716420,Collierville town,18161,12879,138598,165756,1.184,27.8,1.3,1,0,322,437,329
4741980,Lexington city,2973,1934,49057,57431,1.184,29.7,5.3,0,0,78,139,111
2502690,Attleboro city,17933,12973,98954,116868,1.1839,26.3,1.4,1,0,-256,19,226
4838476,Katy city,7942,6216,114912,138472,1.1839,21.2,0.6,0,0,75,58,64
1213275,Coconut Creek city,24304,16212,75014,88819,1.1839,31.3,2.0,1,0,-195,-491,-660
5551250,Merrill city,4374,2934,53148,62686,1.1839,29.2,3.7,1,0,-60,17,58
5410180,Bridgeport city,4099,2653,100022,118416,1.1839,33.6,1.6,0,0,97,53,151
19191,Winneshiek County,8139,5140,79066,92399,1.1838,33.7,3.1,1,0,359,243,166
22103,St. Tammany Parish,105082,71109,81202,97153,1.1838,30.1,2.2,1,0,752,999,1063
13235,Pulaski County,3575,2011,50406,60053,1.1838,39.6,4.1,0,0,28,66,48
39147,Seneca County,22279,14083,66025,79385,1.1838,30.9,5.9,1,0,884,1034,911
12009,Brevard County,257695,157678,78476,94198,1.1838,36.9,1.9,1,0,-2961,116,1637
51193,Westmoreland County,8149,4834,63398,76359,1.1838,40.4,0.3,0,0,64,33,69
3480390,Wharton borough,3059,1937,85767,107980,1.1838,33.8,2.9,0,0,18,141,39
3625076,Fairport village,2533,1764,107009,129732,1.1838,28.6,1.8,0,0,127,45,127
21067,Fayette County,139715,94386,69479,83192,1.1838,22.6,9.9,1,0,1650,4533,4223
09140,Naugatuck Valley Planning Region,180116,122946,86191,103782,1.1838,29.8,2.0,1,0,693,2407,1210
17137,Morgan County,13076,8235,66306,77842,1.1837,34.0,3.1,1,0,517,493,320
27107,Norman County,2700,1719,72260,86079,1.1836,32.4,3.9,1,0,108,95,61
2360825,Presque Isle city,4079,2651,55768,68476,1.1836,32.6,2.4,1,0,219,284,32
17191,Wayne County,6866,4330,55521,65388,1.1835,34.6,2.3,1,0,133,145,105
39017,Butler County,146822,100919,81590,97420,1.1835,26.4,4.9,1,0,3570,2857,2123
21017,Bourbon County,8134,5356,61354,72809,1.1835,31.5,2.6,1,0,434,492,279
2642820,Kentwood city,21245,14986,74373,88137,1.1834,25.3,4.1,1,0,436,223,288
31157,Scotts Bluff County,15078,9483,63614,75473,1.1834,31.6,5.5,1,0,701,601,255
2017800,Derby city,10447,6826,84112,101624,1.1834,27.9,6.8,1,0,402,377,371
47043,Dickson County,21757,15307,75003,88760,1.1834,27.3,2.4,1,0,779,608,282
37129,New Hanover County,104856,68307,75166,88979,1.1834,27.8,7.0,1,0,-1227,-523,856
38007,Billings County,407,235,86806,112868,1.1834,36.6,5.7,0,0,24,13,14
2753026,Ramsey city,10693,7634,116415,134693,1.1834,25.9,2.7,1,0,66,155,147
1754885,Oak Park village,23387,16686,110820,129995,1.1834,26.4,2.3,1,0,508,252,259
0652694,Oakdale city,8272,6093,83091,97966,1.1834,23.5,2.8,1,0,-132,-46,-28
1745726,Machesney Park village,8577,5833,75489,89949,1.1834,29.7,2.3,1,0,261,139,141
27039,Dodge County,8083,5772,95739,112779,1.1833,25.8,2.7,1,0,117,70,20
5541525,Lake Hallie village,3129,2424,86740,106566,1.1833,19.8,2.8,1,0,118,64,76
72005,Aguadilla Municipio,22295,13666,21540,25488,1.1833,37.0,1.7,1,0,493,140,576
1262525,St. Augustine Beach city,3133,1724,100802,120353,1.1833,42.5,2.5,0,0,44,30,36
4183400,Winston city,2614,1459,56667,67756,1.183,37.5,6.7,0,0,7,70,85
19041,Clay County,7282,4519,65428,77225,1.183,33.0,5.0,1,0,148,201,192
3941664,Lakewood city,26876,19184,68954,82379,1.183,21.3,7.3,1,0,1573,2418,1594
4819624,Deer Park city,11999,7861,100382,118704,1.183,30.7,3.8,1,0,124,91,114
0155200,Northport city,12401,8974,80913,98340,1.183,21.0,6.7,1,0,549,302,319
21009,Barren County,18017,12094,50628,60124,1.1829,28.8,4.1,1,0,518,636,723
4730980,Greeneville town,6270,3809,49889,58893,1.1829,35.8,3.5,0,0,4,66,216
40097,Mayes County,15315,10108,60305,71293,1.1829,29.8,4.2,1,0,386,465,489
3628640,Geneva city,4823,3141,79435,92500,1.1829,27.0,7.9,1,0,274,305,258
5061675,St. Albans city,3113,2367,57980,66806,1.1829,22.6,1.3,0,0,-147,-50,52
2741696,Mendota Heights city,4785,2836,132768,153197,1.1829,40.1,0.6,0,0,48,81,45
40037,Creek County,28246,18648,62338,74495,1.1828,30.1,3.9,1,0,808,1012,694
2449950,Manchester town,1963,1385,121676,145052,1.1827,29.4,0.0,0,0,16,18,21
26003,Alger County,3531,2062,61286,73861,1.1827,40.0,1.6,1,0,62,82,87
29157,Perry County,7525,5071,62981,75200,1.1827,30.4,2.2,1,0,216,204,113
31099,Kearney County,2814,1809,78631,90867,1.1827,30.8,4.9,1,0,121,110,98
38015,Burleigh County,41269,27804,86851,102592,1.1827,27.5,5.1,1,0,1336,1142,825
3974076,Springboro city,7020,4995,119659,142079,1.1827,27.1,1.7,1,0,23,43,13
4839352,Kingsville city,9721,6019,58148,68549,1.1827,16.3,21.8,1,0,-134,272,370
3430210,Harrison town,9389,7603,93013,110733,1.1826,15.7,3.4,0,0,-418,-480,355
29099,Jefferson County,88309,62557,82851,98006,1.1826,26.5,2.7,1,0,2245,1461,923
1734358,Herrin city,5559,3869,59975,70922,1.1826,26.7,3.7,1,0,124,220,117
2640860,Ionia city,3939,2758,63978,76878,1.1826,26.5,3.5,0,0,78,239,275
4261000,Pittsburgh city,138188,94266,65742,77769,1.1826,23.7,8.1,1,0,-42,1992,1821
2658980,Northville city,2620,1753,145530,171440,1.1826,32.7,0.4,1,0,52,69,7
51155,Pulaski County,14456,8842,62028,74758,1.1826,36.5,2.3,1,0,314,308,331
26017,Bay County,45103,28784,61763,73443,1.1826,33.2,3.0,1,0,999,1251,890
47179,Washington County,56759,36958,62809,74108,1.1825,28.4,6.4,1,0,1492,1952,1838
55071,Manitowoc County,35188,22937,69148,83002,1.1825,31.8,3.0,1,0,1524,1315,763
4858892,Port Isabel city,2067,1407,32222,40729,1.1825,26.8,5.2,0,0,-73,-94,104
3977504,Trotwood city,10799,6735,50113,59287,1.1825,34.7,2.9,1,0,-212,138,230
39129,Pickaway County,21899,15299,74040,87483,1.1824,27.8,2.3,1,0,846,683,270
5355995,Poulsbo city,5321,3711,116250,135876,1.1824,28.5,1.7,1,0,-123,-73,-107
3318820,Dover city,15042,10284,94829,110583,1.1824,24.2,7.4,1,0,91,63,151
27021,Cass County,12874,7362,68874,80946,1.1823,40.8,2.0,1,0,178,150,75
30023,Deer Lodge County,4473,2671,57527,66871,1.1823,37.6,2.7,1,0,231,241,141
4825224,Fairview town,4211,2273,109347,136424,1.1823,46.0,0.0,0,0,-89,-60,-105
2248225,Mandeville city,5582,3721,94405,112022,1.1823,30.2,3.2,0,0,56,108,118
40087,McClain County,16421,11390,84552,99019,1.1822,27.3,3.3,1,0,355,203,216
34015,Gloucester County,112545,79280,105115,124412,1.1822,27.9,1.7,1,0,-72,78,34
3925970,Fairfield city,18428,12873,77937,91021,1.1822,26.6,3.5,1,0,634,556,377
31103,Keya Paha County,302,163,64000,76838,1.1821,44.4,1.7,0,0,7,13,15
3461530,Rahway city,12257,8572,91461,103460,1.1821,28.4,1.6,1,0,-262,-332,-101
1974280,Spencer city,5201,3284,59667,70375,1.1819,31.1,5.7,0,0,90,112,167
28079,Leake County,7414,4531,50728,60356,1.1819,34.7,4.2,1,0,153,382,340
2941348,Lee's Summit city,40526,28896,102531,122511,1.1819,25.3,3.4,1,0,437,256,316
3903828,Barberton city,10974,6949,52267,62193,1.1819,33.6,3.1,1,0,274,580,512
36007,Broome County,82005,50575,62616,75562,1.1818,31.2,7.1,1,0,1898,2890,2140
48231,Hunt County,38466,26689,71938,85165,1.1817,26.4,4.2,1,0,551,686,345
13321,Worth County,7739,4902,58694,69332,1.1817,34.2,2.4,1,0,74,183,225
48067,Cass County,11805,7335,53813,63600,1.1817,34.2,3.7,1,0,81,199,127
48295,Lipscomb County,1025,674,72560,85833,1.1817,31.6,2.6,0,0,29,19,18
0614190,Cloverdale city,3462,2211,117177,135837,1.1817,33.8,2.3,0,0,4,32,99
3807200,Bismarck city,33130,21566,78387,92647,1.1817,28.7,6.2,1,0,1330,1198,800
2144146,Lawrenceburg city,4518,3153,66486,82219,1.1816,22.8,7.4,1,0,88,264,224
30073,Pondera County,2268,1322,52338,63833,1.1816,37.7,4.1,1,0,87,90,77
18179,Wells County,11546,7590,71957,83685,1.1816,30.5,3.8,1,0,412,414,301
22069,Natchitoches Parish,14508,8684,46292,54752,1.1816,28.3,11.9,1,0,-267,-70,375
3709360,Butner town,2683,1857,74739,88134,1.1816,28.1,2.7,0,0,76,104,104
3906278,Bexley city,4460,3238,157841,184362,1.1816,25.8,1.6,1,0,55,63,41
0125240,Fairhope city,9706,5935,94274,113595,1.1815,38.1,0.8,1,0,-124,2,-87
48209,Hays County,99849,70393,89097,106115,1.1815,19.4,10.1,1,0,-1326,-55,993
1954705,Mount Pleasant city,3317,1967,61042,71804,1.1815,31.8,8.9,0,0,53,52,56
33005,Cheshire County,30620,19443,83329,97969,1.1814,34.4,2.1,1,0,411,416,315
5340840,Lynnwood city,16070,11248,77704,94498,1.1814,26.4,3.6,1,0,-880,-412,259
0682744,Villa Park city,1924,974,202245,246614,1.1814,49.4,0.0,0,0,-10,9,-5
2527060,Greenfield city,8182,5194,55614,68613,1.1813,33.8,2.7,1,0,-373,-111,44
4056650,Owasso city,15748,11366,79036,94035,1.1813,22.1,5.8,1,0,679,478,478
20135,Ness County,1161,639,68616,84289,1.1813,34.6,10.3,0,0,53,41,22
0439370,Lake Havasu City city,28463,13922,70148,82589,1.1812,47.6,3.5,1,0,41,409,339
1214125,Cooper City city,11103,8222,132319,154292,1.1812,25.0,1.0,1,0,-140,67,-189
4813552,Cedar Park city,28863,22754,129545,151648,1.1812,17.7,3.4,1,0,229,810,329
3741960,Matthews town,11864,7863,108611,129852,1.1812,31.9,1.8,1,0,79,172,101
36075,Oswego County,47239,31968,69183,81938,1.1811,28.1,4.2,1,0,570,977,672
0647766,Milpitas city,25066,19401,178798,210296,1.1811,20.5,2.1,0,0,614,652,465
3436000,Jersey City city,125223,99440,97710,115906,1.1811,17.0,3.5,1,0,1301,463,3781
40003,Alfalfa County,1938,1186,64615,77924,1.1811,35.3,3.5,0,0,42,67,54
4739620,Kingston city,2543,1440,71675,85714,1.181,41.1,2.3,0,0,120,150,118
27143,Sibley County,5929,3913,77634,93084,1.181,32.2,1.8,1,0,157,107,93
51135,Nottoway County,5611,3511,63261,74517,1.181,32.5,4.9,1,0,195,195,155
0645484,Manteca city,27607,20251,97055,114834,1.181,25.2,1.5,1,0,-645,-642,-681
31147,Richardson County,3554,2095,60108,71031,1.181,36.0,5.1,1,0,127,98,49
17103,Lee County,13337,8572,70292,83749,1.181,32.5,3.2,1,0,548,600,428
4803216,Andrews city,4996,3808,73690,87500,1.1809,18.3,5.5,0,0,-9,70,147
48005,Angelina County,32271,21521,60960,72264,1.1809,27.7,5.6,1,0,219,752,1194
1781048,Wheaton city,19588,13139,120008,141736,1.1809,29.4,3.5,1,0,221,377,231
48367,Parker County,56437,40120,104443,124353,1.1809,25.9,3.0,1,0,186,59,118
20049,Elk County,999,571,64609,73125,1.1809,40.5,2.3,0,0,43,37,27
1601990,Ammon city,6317,4573,86121,100093,1.1809,25.5,2.1,1,0,76,188,182
36019,Clinton County,33556,21709,71224,84162,1.1808,28.3,7.0,1,0,952,1231,940
0621796,El Cerrito city,10831,7030,127876,150876,1.1808,32.4,2.7,1,0,-296,75,245
4740000,Knoxville city,86263,56797,54039,63733,1.1808,22.3,11.8,1,0,-1935,-842,1642
51165,Rockingham County,32686,20638,80693,96323,1.1808,32.9,3.9,1,0,593,590,603
2755852,Roseville city,15570,9451,86930,103708,1.1807,35.5,3.8,1,0,283,238,69
4835228,Hudson city,2190,1599,46406,55488,1.1807,22.7,4.3,0,0,-367,-137,71
19075,Grundy County,5117,3226,87205,101380,1.1807,33.4,3.5,1,0,126,81,96
48329,Midland County,67651,51055,92874,108877,1.1807,18.1,6.5,1,0,95,486,486
13295,Walker County,26355,17114,59469,70282,1.1807,32.2,2.9,1,0,196,501,510
0617750,Cypress city,16272,11615,130215,153234,1.1807,27.6,1.1,1,0,-476,142,503
4023700,El Reno city,6154,4163,56219,64373,1.1806,28.8,3.5,1,0,-56,123,173
46013,Brown County,16285,10649,70898,82307,1.1806,27.5,7.1,1,0,764,664,270
1869318,Shelbyville city,8718,6168,55602,66461,1.1806,24.3,5.0,1,0,295,743,223
2740382,Maplewood city,15210,9831,91394,112058,1.1806,32.6,2.7,1,0,157,170,98
1734670,Highland city,4931,3351,82551,93378,1.1806,28.1,3.9,0,0,152,129,82
28133,Sunflower County,8034,5528,39956,47160,1.1806,27.6,3.6,1,0,30,89,272
3451210,New Brunswick city,15676,11308,65810,77209,1.1806,14.0,13.8,1,0,-1455,-1356,221
47131,Obion County,12527,7848,54613,63636,1.1805,33.8,3.6,1,0,481,636,707
42001,Adams County,40841,26021,84092,98755,1.1805,34.4,1.9,1,0,782,617,539
72017,Barceloneta Municipio,9053,5752,24508,29062,1.1805,35.9,0.5,1,0,-35,-76,137
1852992,New Haven city,6627,4350,70970,84628,1.1805,30.2,4.2,1,0,256,284,198
5408524,Bluefield city,4027,2419,49375,58292,1.1805,32.3,7.6,0,0,2,26,114
47161,Stewart County,5323,3385,63114,74402,1.1805,33.1,3.3,0,0,190,183,156
3682117,Williston Park village,2531,1729,156382,183587,1.1804,30.5,1.2,0,0,43,61,46
29055,Crawford County,9580,6125,57629,68560,1.1804,31.8,4.3,1,0,385,444,454
2761996,Spring Lake Park city,2648,1631,90753,106823,1.1804,34.9,3.5,0,0,-28,18,42
4805168,Azle city,5197,3596,68514,81397,1.1804,27.6,3.2,0,0,5,-49,-86
0177280,Tuscumbia city,3640,2316,59143,69937,1.1804,31.3,5.1,0,0,191,217,108
1973290,Sioux Center city,2871,2057,92983,107936,1.1804,23.3,5.1,0,0,-13,5,7
0670770,Sebastopol city,3319,1967,87684,107007,1.1804,40.5,0.3,0,0,-65,-82,95
5379625,Woodland city,2739,1795,81193,90425,1.1803,29.2,5.3,0,0,41,27,17
40057,Harmon County,964,674,43333,51111,1.1803,28.3,1.8,0,0,49,47,37
46135,Yankton County,9695,5865,72821,86509,1.1803,32.8,6.7,1,0,385,379,243
38071,Ramsey County,5410,3264,61006,73800,1.1803,33.4,6.3,0,0,492,412,111
55049,Iowa County,10118,6646,82182,96476,1.1803,31.6,2.7,1,0,316,240,161
45021,Cherokee County,22063,14872,50288,59450,1.1803,29.3,3.3,1,0,320,544,799
51023,Botetourt County,13220,7968,81213,96490,1.1802,37.4,2.3,1,0,230,201,210
37035,Catawba County,66227,44035,67864,80194,1.1802,30.0,3.6,1,0,1317,2025,2051
2221240,Donaldsonville city,2536,1419,23618,28587,1.1802,32.1,12.0,0,0,138,-75,27
09110,Capitol Planning Region,391113,267057,93394,110306,1.1802,28.6,3.1,1,0,2975,4830,3907
3853380,Minot city,21202,14503,73219,85856,1.1801,21.7,9.9,1,0,1375,1093,615
18173,Warrick County,25163,17092,89844,108236,1.1801,29.0,3.1,1,0,612,427,585
3936610,Huber Heights city,17761,12268,79131,94765,1.1801,26.6,4.3,1,0,609,554,517
1821070,Elwood city,3422,2285,53280,64805,1.1801,27.6,5.6,0,0,55,199,228
2054675,Parsons city,3905,2437,52428,62322,1.1801,31.2,6.4,0,0,132,234,130
31011,Boone County,2191,1334,74947,88400,1.1801,35.1,4.1,1,0,90,86,61
04003,Cochise County,50982,29147,59742,70480,1.18,40.4,2.4,1,0,441,796,1119
4216296,Corry city,2603,1664,48618,57143,1.18,32.0,4.0,0,0,123,174,51
2525485,Gardner city,8940,6320,67518,79040,1.18,27.4,1.9,1,0,86,419,82
17161,Rock Island County,61733,38684,67159,79695,1.18,32.2,5.1,1,0,1150,2081,1696
4945860,Logan city,18444,11419,60687,71352,1.1799,11.9,26.2,1,0,222,154,913
1254000,Palm Bay city,45850,30458,72614,86055,1.1799,31.8,1.8,1,0,-998,-736,-270
2624540,Eaton Rapids city,2149,1447,63875,77400,1.1799,29.0,3.7,0,0,36,77,55
29183,St. Charles County,161311,113248,104692,124677,1.1798,27.2,2.6,1,0,1871,1180,1521
48391,Refugio County,2495,1549,60181,71190,1.1798,37.5,0.4,0,0,11,40,69
17091,Kankakee County,40996,27881,71281,85102,1.1797,28.9,3.1,1,0,917,1360,1189
36113,Warren County,30133,18750,78442,92975,1.1797,34.8,3.0,1,0,973,686,663
1708576,Brookfield village,7683,5755,110295,127566,1.1797,24.5,0.6,1,0,84,100,93
2951572,Neosho city,4699,3052,57891,67517,1.1797,28.7,6.3,1,0,245,319,263
4553080,Orangeburg city,4613,2848,38635,44209,1.1797,32.2,6.0,0,0,-400,-255,110
13291,Union County,11490,5595,66176,80766,1.1797,49.7,1.6,1,0,125,202,202
0686832,Yorba Linda city,22916,14960,157582,189218,1.1796,33.9,0.8,1,0,15,85,94
0158896,Pell City city,5157,3447,68638,83688,1.1796,30.1,3.0,1,0,106,237,152
04005,Coconino County,55118,35922,72966,86244,1.1796,24.7,10.2,1,0,-27,-274,-114
36049,Lewis County,11110,7172,68182,80775,1.1796,31.6,3.8,1,0,221,398,363
1233700,Indiantown village,1591,804,55520,67500,1.1795,48.0,1.5,0,0,84,96,40
29029,Camden County,17925,9794,66387,79492,1.1795,43.1,2.3,1,0,412,444,417
36015,Chemung County,35262,22889,63716,76452,1.1794,31.9,3.2,1,0,375,1156,716
36065,Oneida County,95220,61716,70154,83544,1.1794,31.3,3.8,1,0,2876,2880,1939
4050100,Mustang city,7975,5692,87844,102628,1.1794,26.4,2.2,1,0,250,271,290
27049,Goodhue County,19727,12866,84171,98330,1.1794,30.9,3.8,1,0,209,183,142
19017,Bremer County,9716,6222,86784,101988,1.1794,31.4,4.5,1,0,232,214,178
40151,Woods County,3584,1945,53275,63168,1.1794,27.6,18.2,0,0,85,190,97
2477825,Thurmont town,2415,1663,98125,113127,1.1794,28.4,2.7,1,0,97,64,39
2267600,St. Martinville city,2848,1589,36130,43362,1.1793,37.9,6.4,0,0,-142,62,173
36079,Putnam County,35545,24234,126257,148992,1.1793,31.1,0.7,1,0,-48,167,366
19045,Clinton County,19506,12831,66981,80362,1.1793,30.8,3.4,1,0,308,422,348
1216335,Dania Beach city,13402,9215,52748,61308,1.1792,28.2,3.1,1,0,-713,-1248,-360
19025,Calhoun County,3993,2352,64964,76807,1.1792,37.2,3.9,1,0,146,136,82
2962912,Rolla city,8005,4884,46204,54633,1.1791,23.3,15.7,1,0,-22,221,433
08073,Lincoln County,1971,1247,62861,71640,1.1791,33.1,3.7,1,0,54,65,45
12017,Citrus County,71291,33754,56546,66152,1.1791,51.5,1.2,1,0,-412,32,853
06087,Santa Cruz County,96898,61053,111093,130946,1.1791,32.5,4.5,1,0,-1623,-1534,3109
1245200,Miami Springs city,5447,3902,87099,104057,1.1791,26.6,1.7,1,0,-147,-19,27
21231,Wayne County,8074,5025,45739,53985,1.179,34.4,3.4,1,0,156,323,388
47065,Hamilton County,154181,103678,76183,89897,1.179,28.5,4.3,1,0,2977,3803,4264
25025,Suffolk County,327167,242122,95631,112905,1.179,20.4,5.6,1,0,-5528,-9699,11225
51171,Shenandoah County,17962,11392,67191,80499,1.179,34.2,2.4,1,0,465,677,642
05139,Union County,15002,9893,55259,64614,1.179,31.2,2.8,1,0,149,368,479
4250528,Monroeville municipality,12634,8332,79218,93606,1.179,31.8,2.2,1,0,228,157,181
29207,Stoddard County,11585,7425,57957,67943,1.179,31.5,4.4,1,0,448,489,516
5352495,Pacific city,2302,1795,115625,128465,1.179,21.5,0.5,0,0,25,34,71
19099,Jasper County,15010,9575,71311,83632,1.179,31.8,4.4,1,0,589,594,379
3650617,New Rochelle city,31684,21266,109167,128263,1.179,31.0,1.9,1,0,-207,-159,793
5541450,Lake Geneva city,4261,2455,75629,90417,1.179,38.5,3.9,0,0,181,189,95
0515190,Conway city,27099,18131,63004,73920,1.179,17.5,15.6,1,0,1784,1869,1435
3930198,Girard city,4376,2861,52550,60996,1.179,32.0,2.7,0,0,40,51,140
40095,Marshall County,5982,3687,57245,67903,1.1789,35.4,3.0,1,0,150,177,185
1777317,Vandalia city,2094,1239,45469,54091,1.1789,33.0,7.8,0,0,54,95,56
47127,Moore County,2739,1761,66469,78912,1.1789,33.6,2.2,0,0,125,76,12
39053,Gallia County,11614,7588,56830,67438,1.1787,31.7,3.0,1,0,224,196,216
5126496,Fairfax city,9155,6567,132348,157309,1.1787,21.8,6.5,1,0,-120,93,-110
51600,Fairfax city,9155,6567,132348,157309,1.1787,21.8,6.5,1,0,-120,93,-110
1278325,Winter Springs city,14893,10154,92574,108059,1.1787,28.7,3.1,1,0,-13,-22,-27
41039,Lane County,160445,97563,71544,84097,1.1787,31.3,7.9,1,0,-2850,422,2956
31073,Gosper County,836,474,77500,90541,1.1787,38.0,5.3,0,0,59,32,23
01047,Dallas County,15947,9783,35627,41987,1.1787,34.8,3.8,0,0,-422,86,440
23005,Cumberland County,132168,88921,95677,112865,1.1787,30.0,2.7,1,0,-172,237,241
40135,Sequoyah County,15454,10130,51093,60193,1.1786,30.9,3.5,1,0,288,516,576
26087,Lapeer County,34836,23492,77306,90357,1.1786,31.3,1.3,1,0,496,450,340
5577675,Stoughton city,5494,3536,79551,94991,1.1786,30.2,5.5,1,0,204,201,78
1761015,Pontiac city,4457,2616,61279,72264,1.1786,35.0,6.3,1,0,146,211,114
42011,Berks County,163236,111700,79777,94759,1.1785,29.1,2.5,1,0,1898,2589,3136
1733331,Harvard city,3125,2167,67617,80445,1.1785,18.5,12.1,0,0,22,6,42
06085,Santa Clara County,659353,493812,164281,195564,1.1785,22.7,2.4,1,0,12974,15281,16170
5577975,Suamico village,4726,3420,118337,135302,1.1784,24.5,3.2,1,0,45,26,83
2704834,Belle Plaine city,2656,2051,99315,115833,1.1784,21.6,1.2,1,0,-7,2,6
1673450,Shelley city,1668,1238,77563,88507,1.1784,20.6,5.2,0,0,16,40,
36045,Jefferson County,47606,31477,66301,78844,1.1784,23.8,10.1,1,0,-416,1319,1343
37163,Sampson County,21607,14142,52432,61981,1.1784,30.6,4.0,1,0,318,612,644
2632300,Gladstone city,2135,1317,54970,68254,1.1784,36.9,1.5,0,0,-13,34,40
20009,Barton County,10380,6496,58851,68895,1.1783,31.4,6.0,1,0,331,460,393
39087,Lawrence County,22650,14736,58325,68369,1.1783,31.8,3.1,1,0,752,892,706
36009,Cattaraugus County,31895,20574,59540,70166,1.1783,32.0,3.5,1,0,686,899,756
47061,Grundy County,5161,3255,47593,56835,1.1782,34.1,2.9,1,0,152,150,123
51029,Buckingham County,6274,3943,60828,72051,1.1782,35.7,1.5,1,0,59,111,90
08059,Jefferson County,241735,169360,110656,130262,1.1782,27.0,3.0,1,0,-1870,-183,424
3911304,Canal Fulton city,2367,1435,62044,73694,1.1782,34.5,4.9,0,0,58,115,106
4570270,Summerville town,21228,14815,81046,95110,1.1782,26.4,3.8,1,0,-264,127,254
19049,Dallas County,42471,31698,102379,120301,1.1782,20.1,5.2,1,0,1829,886,1088
0126992,Foley city,11293,5998,66336,79608,1.1782,41.3,5.6,0,0,220,362,80
2979820,Wildwood city,12851,8571,161060,189827,1.1782,33.2,0.1,1,0,75,91,41
5306505,Blaine city,2539,1469,84030,101370,1.1781,41.1,1.0,1,0,-12,52,36
47107,McMinn County,21218,13461,61470,71855,1.1781,32.7,3.9,1,0,692,798,801
2746798,North Branch city,4709,3242,90456,108121,1.1781,28.2,3.0,1,0,109,100,12
4155200,Oregon City city,13944,10280,97829,113779,1.1781,24.2,2.1,1,0,73,-15,12
27053,Hennepin County,539493,386087,97653,115454,1.178,23.7,4.7,1,0,8046,5727,6433
48315,Marion County,4207,2368,49672,58450,1.178,43.0,0.7,1,0,95,94,15
51085,Hanover County,42688,29162,112805,133309,1.1779,30.5,1.2,1,0,449,461,448
48477,Washington County,15481,9340,77825,89952,1.1779,34.9,4.8,1,0,627,545,401
1221350,Eustis city,10074,7029,65373,77368,1.1779,27.9,2.3,0,0,42,-34,-27
36047,Kings County,1009927,732732,80263,94925,1.1779,24.7,2.7,1,0,-13927,-6455,43147
72059,Guayanilla Municipio,6390,3744,23915,28255,1.1779,39.9,1.5,1,0,211,278,268
36097,Schuyler County,7355,4570,67663,80506,1.1778,36.2,1.7,1,0,41,78,80
2634160,Grandville city,6732,4752,78442,91384,1.1778,23.5,5.9,1,0,321,200,144
49015,Emery County,3453,2209,74291,87889,1.1778,32.0,4.1,1,0,74,60,40
08089,Otero County,7584,4787,54037,64084,1.1778,33.6,3.2,1,0,135,131,107
37023,Burke County,36306,22761,58592,69495,1.1778,33.9,3.4,1,0,1091,1491,1501
47081,Hickman County,9435,6315,68247,79535,1.1777,29.3,3.8,1,0,270,300,299
1913575,Clarinda city,2023,1205,46348,55310,1.1777,36.4,4.0,0,0,26,40,8
2754880,Rochester city,51131,35084,89389,107416,1.1777,24.4,7.0,1,0,758,816,584
19189,Winnebago County,4641,2942,67642,80000,1.1777,31.4,5.3,1,0,206,232,184
4165500,Scappoose city,3176,2323,97708,114910,1.1776,25.7,1.2,0,0,1,-61,-74
3653660,North Syracuse village,2990,1982,71026,84615,1.1776,30.0,3.7,0,0,160,176,87
0600562,Alameda city,29988,21624,137697,160861,1.1776,26.1,1.8,1,0,130,1004,1214
3956882,North Olmsted city,13550,8972,84363,98865,1.1775,32.6,1.2,1,0,242,93,82
42033,Clearfield County,32518,20977,62152,74412,1.1775,32.6,2.9,1,0,1013,1079,951
1335716,Grovetown city,5647,4583,85660,98734,1.1775,15.1,3.7,1,0,47,14,0
40147,Washington County,20957,13141,60162,70978,1.1775,33.3,4.0,1,0,352,488,554
37153,Richmond County,17026,11313,44883,52838,1.1774,30.6,3.0,1,0,437,567,621
08029,Delta County,12959,6978,57774,68019,1.1774,43.0,3.2,1,0,78,75,45
4816432,Conroe city,39852,27994,76206,89879,1.1774,20.6,9.2,1,0,586,850,1085
21127,Lawrence County,6342,4040,46772,55500,1.1774,32.0,4.3,0,0,160,178,93
5363000,Seattle city,363466,277905,123860,145953,1.1774,17.3,6.3,1,0,1757,11856,11781
2365725,Sanford city,9629,6484,72524,87339,1.1773,31.3,1.4,1,0,232,416,290
2508130,Bridgewater Town city,9100,6061,112651,134886,1.1773,30.9,2.5,1,0,-279,-104,-106
2911242,Cape Girardeau city,16364,9839,55658,65812,1.1772,30.2,9.7,0,0,440,675,601
47093,Knox County,201146,135858,74222,87422,1.1772,25.6,6.8,1,0,1313,2270,3168
47175,Van Buren County,2569,1551,54931,65219,1.1772,37.6,2.1,0,0,72,74,44
17049,Effingham County,13951,9311,80404,95429,1.1771,29.0,4.3,1,0,486,275,223
30111,Yellowstone County,69897,47186,76570,90664,1.1771,28.4,4.1,1,0,1291,1551,1525
1203675,Bartow city,7439,5002,68178,82824,1.177,28.8,4.0,1,0,-2,152,157
2064500,Shawnee city,26695,19383,109940,128437,1.177,24.0,3.4,1,0,601,305,527
48035,Bosque County,7496,4260,68914,80412,1.177,40.4,2.8,1,0,242,262,246
5526675,Fort Atkinson city,5408,3650,79302,91762,1.177,30.0,2.5,1,0,304,307,176
3752220,Pineville town,4634,3524,69354,81213,1.177,20.8,3.1,0,0,-358,-210,43
1883420,Westville town,850,573,60794,73611,1.177,30.4,2.2,0,0,10,17,4
24025,Harford County,101795,70813,112265,133026,1.1769,27.8,2.6,1,0,534,997,1010
13075,Cook County,6304,4290,53651,62799,1.1769,28.8,3.1,1,0,71,130,171
0649187,Moraga town,5549,3344,216193,247723,1.1769,35.9,3.9,0,0,6,97,-10
1705300,Benton city,2985,1703,54123,67017,1.1769,38.0,4.9,0,0,-37,110,44
4267344,St. Marys city,5692,3456,67167,79008,1.1769,37.6,1.7,1,0,152,117,77
3911332,Canal Winchester city,3903,2637,131209,150280,1.1769,32.2,0.3,0,0,17,46,16
47057,Grainger County,9660,6215,50538,59765,1.1769,33.8,1.8,1,0,142,273,249
18081,Johnson County,62554,44962,90454,106834,1.1768,24.4,3.7,1,0,1483,1210,1083
1344312,LaFayette city,2887,1917,46018,54979,1.1768,30.9,2.7,0,0,-69,-2,90
39023,Clark County,55975,35977,63132,74718,1.1768,32.3,3.4,1,0,1901,2317,1949
18045,Fountain County,6941,4492,62542,73787,1.1768,31.2,4.1,1,0,290,347,384
36089,St. Lawrence County,41666,27274,62850,74584,1.1768,30.8,3.8,1,0,1251,1515,1072
42071,Lancaster County,212748,140554,86959,103126,1.1768,30.8,3.1,1,0,3139,3956,3335
22009,Avoyelles Parish,14441,9593,39325,46396,1.1768,28.5,5.1,1,0,-162,61,301
3050200,Missoula city,34941,23036,70392,83519,1.1768,22.1,12.0,1,0,825,1241,740
2158620,Owensboro city,25451,15934,56357,67225,1.1767,31.2,6.2,1,0,266,1119,1220
36023,Cortland County,18999,12129,70418,82110,1.1767,27.2,9.0,1,0,583,726,577
2071000,Topeka city,54837,34887,56956,67757,1.1767,29.5,6.8,1,0,808,2372,1787
33009,Grafton County,37107,23001,88261,104766,1.1766,34.9,3.1,1,0,482,384,275
55019,Clark County,12839,8452,67400,80273,1.1766,28.9,5.2,1,0,493,480,284
18035,Delaware County,46256,28540,58127,67768,1.1766,27.5,10.8,1,0,463,1038,1263
05019,Clark County,8121,5050,52034,60784,1.1766,27.3,10.6,1,0,146,416,348
1734514,Hickory Hills city,5630,4197,77262,89141,1.1766,24.1,1.3,0,0,122,83,98
3729800,Harrisburg town,6176,4954,148254,172234,1.1765,18.8,1.0,1,0,42,93,-7
29187,St. Francois County,24816,16397,57477,68804,1.1765,28.3,5.7,1,0,671,865,995
13043,Candler County,4152,2731,49581,58246,1.1765,32.1,2.1,1,0,11,124,184
18067,Howard County,35593,22436,64027,75690,1.1765,32.8,4.2,1,0,1193,1530,970
20131,Nemaha County,4031,2616,77348,91420,1.1764,29.7,5.4,1,0,146,124,92
5511200,Burlington city,4626,2993,83419,99755,1.1764,28.0,7.3,1,0,298,302,264
01041,Crenshaw County,5233,3247,48560,56265,1.1764,33.1,4.9,1,0,147,202,237
3925914,Fairborn city,15911,10629,61751,72603,1.1764,23.4,9.8,1,0,853,1236,778
4854708,Palestine city,6734,4333,44981,52910,1.1764,30.2,5.5,0,0,-181,-233,162
2931276,Hazelwood city,11344,7187,55908,66698,1.1764,27.4,9.3,0,0,108,263,137
0505290,Benton city,15377,10861,72876,84174,1.1763,24.9,4.4,1,0,666,659,467
4019900,Del City city,8820,5803,46925,56014,1.1763,26.8,7.4,1,0,-402,-363,278
19181,Warren County,20679,14431,94588,112427,1.1763,27.6,2.6,1,0,179,156,137
3929162,Galion city,4518,2850,52176,60913,1.1763,32.1,4.8,0,0,142,215,222
21233,Webster County,4923,3176,59628,69973,1.1763,31.7,3.8,1,0,260,267,262
12115,Sarasota County,212204,102121,83416,98246,1.1763,50.0,1.9,1,0,-3056,-2626,-1599
0543610,Malvern city,3481,2250,46250,54550,1.1763,32.3,3.0,1,0,116,271,361
2970000,Springfield city,78824,48840,49311,57918,1.1762,24.1,14.0,1,0,-607,2138,3445
3974104,Springdale city,4496,2812,67903,76870,1.1762,32.7,4.7,1,0,-19,93,57
25013,Hampden County,184471,126337,71306,83695,1.1761,29.0,2.5,1,0,-922,1601,1444
01027,Clay County,5820,3821,55250,65210,1.1761,31.9,2.4,1,0,140,180,175
5348645,Newcastle city,5416,3783,160278,186155,1.1761,25.6,4.6,0,0,158,200,91
4744940,McKenzie city,2187,1397,37236,45208,1.1761,31.1,5.0,0,0,-22,-34,89
27163,Washington County,105577,73868,115345,135856,1.176,27.2,2.8,1,0,32,598,455
28135,Tallahatchie County,4306,2712,37466,45363,1.176,33.6,3.4,0,0,84,152,168
5573025,Sheboygan Falls city,3839,2504,71477,85906,1.1759,27.9,6.8,0,0,290,219,103
41005,Clackamas County,163845,110124,103517,121689,1.1759,30.8,1.9,1,0,495,151,521
5352215,Othello city,2484,1744,65849,75953,1.1759,19.0,10.8,0,0,49,91,75
2507000,Boston city,283374,210015,97344,114600,1.1759,19.8,6.1,1,0,-3975,-7848,9347
2656320,Muskegon city,13996,9205,44735,52667,1.1759,27.3,6.9,1,0,-1010,-508,596
27025,Chisago County,21364,14947,99400,116834,1.1759,28.4,1.6,1,0,193,133,84
39005,Ashland County,20720,13556,69860,82291,1.1758,30.4,4.1,1,0,583,824,717
16083,Twin Falls County,34754,23526,67409,80105,1.1758,27.3,5.0,1,0,511,879,716
3128000,Lincoln city,122623,80308,71867,84487,1.1758,23.2,11.3,1,0,4013,5178,3639
1765611,Roscoe village,4202,2882,93036,110605,1.1758,28.6,2.8,1,0,101,103,90
13257,Stephens County,10524,6549,54754,64480,1.1758,33.7,4.1,1,0,211,400,371
5375775,Walla Walla city,13084,8112,66748,77908,1.1758,31.5,6.5,1,0,-67,-173,61
4838632,Keller city,16462,11843,174950,209230,1.1758,27.9,0.2,0,0,48,70,-162
1245000,Miami city,194821,143436,62462,74482,1.1757,23.1,3.3,1,0,-6643,-6511,-1889
13167,Johnson County,3217,2117,51028,60072,1.1757,32.6,1.6,0,0,54,27,32
4180150,West Linn city,9844,6896,146507,171872,1.1757,29.5,0.5,1,0,29,130,-54
2670040,Royal Oak city,29110,21015,101109,119552,1.1757,22.6,5.2,1,0,707,521,660
55111,Sauk County,27987,18413,79541,94974,1.1756,29.4,4.8,1,0,1213,842,721
1780242,Western Springs village,4471,3177,230255,261809,1.1755,28.9,0.0,0,0,14,16,-4
36059,Nassau County,458166,306858,146202,172216,1.1755,32.2,0.8,1,0,345,4207,2497
18099,Marshall County,17758,11742,71808,84553,1.1755,30.7,3.2,1,0,671,762,633
4270248,Shillington borough,2188,1496,79922,96992,1.1755,30.7,0.9,0,0,23,90,96
5307940,Brier city,2374,1617,132045,157878,1.1755,31.6,0.3,1,0,-14,-10,-11
20145,Pawnee County,2391,1321,63517,73859,1.1755,41.1,3.6,0,0,56,67,28
4124250,Fairview city,4530,3066,70107,83956,1.1755,28.8,3.6,0,0,-502,-202,92
3469810,Spotswood borough,3307,2101,105060,124321,1.1755,35.8,0.7,0,0,32,8,9
20179,Sheridan County,987,598,73750,86513,1.1755,34.2,5.2,0,0,50,28,10
2665060,Plymouth city,4185,2969,112145,136324,1.1754,26.4,2.7,1,0,91,58,123
18163,Vanderburgh County,78270,51500,61648,72711,1.1754,28.1,6.1,1,0,2133,3311,2096
40117,Pawnee County,6108,3881,58738,69200,1.1754,31.8,4.7,1,0,184,185,168
1740910,Lake Bluff village,2212,1413,204000,237586,1.1753,34.6,1.5,0,0,-2,13,19
3404750,Bellmawr borough,4873,3170,76654,91863,1.1753,32.9,2.0,1,0,335,305,92
5340805,Lynden city,6018,3954,103233,120540,1.1753,30.2,4.1,1,0,-68,45,33
3774220,Williamston town,2364,1504,38738,45250,1.1752,35.1,1.3,0,0,64,-56,72
26133,Osceola County,9356,5942,58267,68554,1.1752,33.6,2.9,1,0,168,226,211
4204032,Bangor borough,1986,1323,70076,83250,1.1752,31.3,2.1,0,0,23,55,49
35047,San Miguel County,11931,6596,49431,57788,1.1752,40.0,4.7,1,0,-50,98,206
36067,Onondaga County,197760,131550,76945,90929,1.1751,29.5,4.0,1,0,5002,5124,4282
4239352,Kennett Square borough,2209,1488,80505,102170,1.1751,27.6,5.0,0,0,-49,43,33
20111,Lyon County,13481,7935,59912,70438,1.1751,24.8,16.3,1,0,572,724,770
4006700,Blanchard city,3424,2454,91473,107164,1.1751,23.6,4.7,1,0,118,77,105
1212925,Clermont city,17609,10919,82306,99232,1.175,35.9,2.1,1,0,-630,-339,-192
51101,King William County,7352,5211,86056,102553,1.175,28.6,0.6,1,0,24,49,41
1757225,Palatine village,27303,19391,97819,114526,1.175,26.1,2.9,1,0,331,303,278
33013,Merrimack County,60901,40886,97004,114105,1.1749,30.3,2.6,1,0,916,662,492
19157,Poweshiek County,7804,4816,67391,81673,1.1749,31.7,6.6,1,0,363,343,205
3635980,Hudson Falls village,3490,2042,62969,80835,1.1749,39.7,1.7,0,0,307,229,59
13191,McIntosh County,5067,2849,50273,59071,1.1749,41.5,2.3,0,0,4,61,21
21147,McCreary County,5861,3988,33750,39211,1.1749,30.4,1.6,0,0,66,80,119
18069,Huntington County,15403,10214,66301,79438,1.1748,28.2,5.4,1,0,653,645,570
18127,Porter County,68639,47234,87972,102207,1.1748,28.1,3.1,1,0,931,943,969
0622678,Encinitas city,23927,16338,162229,188901,1.1748,30.4,1.3,1,0,282,305,381
1236300,Key Biscayne village,4945,3442,181505,221658,1.1748,30.2,0.2,0,0,-230,-175,-17
0650916,Newark city,15252,11975,169064,201475,1.1748,20.4,1.0,0,0,331,349,336
3977322,Trenton city,4768,3338,80635,98636,1.1748,27.3,2.7,0,0,17,118,103
48181,Grayson County,55248,36371,72182,84826,1.1748,29.5,4.6,1,0,229,873,939
0664140,St. Helena city,2341,1240,148750,173109,1.1748,46.5,0.5,0,0,10,-10,-13
0658520,Poway city,16423,10831,148359,174121,1.1747,33.0,1.0,1,0,-20,131,136
36035,Fulton County,22866,14652,66533,78216,1.1747,31.1,4.8,1,0,995,986,628
3612144,Canandaigua city,5181,2968,64929,77646,1.1747,34.8,7.9,1,0,207,270,202
0825115,Estes Park town,2864,1534,85956,99084,1.1747,45.7,0.7,0,0,-35,-71,-4
17059,Gallatin County,2098,1268,59219,69717,1.1747,38.3,1.2,1,0,30,35,20
48203,Harrison County,26287,17604,66103,78639,1.1746,29.9,3.1,1,0,764,723,457
2555745,Quincy city,45285,32855,98882,116116,1.1746,24.3,3.2,1,0,-1493,-1624,-235
3682084,Williamsville village,2759,1558,98850,115967,1.1745,42.9,0.6,0,0,68,56,74
38085,Sioux County,1112,836,42083,50143,1.1745,19.3,5.5,0,0,53,70,45
36071,Orange County,138608,98106,97178,114562,1.1745,26.4,2.8,1,0,-594,-128,475
27171,Wright County,54010,39905,107209,125518,1.1745,23.5,2.7,1,0,484,113,177
20203,Wichita County,824,472,79063,90654,1.1745,40.3,2.4,0,0,21,15,13
55115,Shawano County,17246,10934,66479,79111,1.1745,33.5,3.0,1,0,603,504,229
3646360,Mechanicville city,2559,1669,50675,59248,1.1744,29.6,5.2,0,0,-66,20,30
19155,Pottawattamie County,37642,25205,73602,86185,1.1744,28.9,4.2,1,0,1457,1442,607
3624229,Elmira city,10532,7200,43120,51303,1.1744,27.0,4.6,1,0,-417,-458,295
1704013,Bartlett village,14140,10489,133240,156123,1.1743,24.7,1.1,1,0,-57,59,-108
4001700,Altus city,7291,5017,55295,68038,1.1743,23.8,7.4,1,0,377,557,469
0686972,Yuba City city,23634,16361,75477,88714,1.1743,26.1,4.7,1,0,-143,-75,129
4875308,Vernon city,3708,2409,51114,60869,1.1743,32.1,3.0,0,0,25,92,350
44005,Newport County,36868,21921,103514,122102,1.1743,37.3,3.3,1,0,291,-185,17
3909246,Brooklyn city,5047,3144,69346,83211,1.1743,34.2,3.5,1,0,235,308,234
0672016,Simi Valley city,44457,30915,122081,143195,1.1742,29.1,1.4,1,0,-1737,-655,26
37057,Davidson County,69846,46416,64172,76427,1.1742,31.0,2.5,1,0,1625,2073,2236
3909288,Brook Park city,8002,5189,71332,84955,1.1741,33.7,1.4,1,0,85,210,208
55021,Columbia County,24158,16133,85351,99967,1.1741,29.8,3.4,1,0,622,477,410
26155,Shiawassee County,28126,18917,67404,79585,1.1741,30.3,2.4,1,0,531,686,602
1756926,Ottawa city,7553,5397,71413,85454,1.174,24.6,4.0,1,0,216,264,177
4530850,Greenville city,35482,25262,71472,84140,1.174,21.7,7.1,1,0,64,1162,1512
0657792,Pleasanton city,27877,20496,190124,224400,1.174,25.9,0.5,0,0,239,718,280
2053775,Overland Park city,84860,58977,104834,124087,1.174,25.0,5.5,1,0,2240,1571,1872
3035600,Helena city,15774,10090,71036,82984,1.174,31.0,5.0,1,0,655,612,371
17163,St. Clair County,100846,69083,73854,86733,1.174,28.6,2.8,1,0,2739,3196,1793
37109,Lincoln County,36811,25175,80016,92062,1.1739,29.5,2.1,1,0,631,465,444
21123,Larue County,5996,4039,67067,76279,1.1739,29.3,3.4,1,0,71,119,153
72037,Ceiba Municipio,4435,2628,25454,30061,1.1739,40.7,0.0,0,0,74,113,127
2039350,Lenexa city,24776,17602,103239,121297,1.1739,22.7,6.2,1,0,916,682,772
29075,Gentry County,2426,1607,55848,66500,1.1739,29.6,4.2,1,0,63,46,59
20093,Kearny County,1427,925,89135,103790,1.1739,29.9,5.3,0,0,51,47,48
19123,Mahaska County,8743,5763,70940,83824,1.1739,28.0,6.0,1,0,501,502,348
2167512,Russellville city,3234,2014,45484,53738,1.1739,35.0,2.8,0,0,63,130,163
55085,Oneida County,17493,10195,69371,80740,1.1739,39.0,2.7,1,0,333,318,219
2218125,Covington city,4390,2959,75851,90778,1.1738,31.6,1.0,1,0,84,16,41
48259,Kendall County,17741,11934,114962,132933,1.1738,31.5,1.3,1,0,112,125,127
28155,Webster County,4073,2796,58789,69578,1.1738,29.9,1.4,1,0,122,129,135
5367167,Spokane Valley city,42775,28526,74042,86728,1.1738,27.7,5.7,1,0,524,1308,955
51031,Campbell County,22240,14716,66165,76720,1.1738,31.6,2.2,1,0,1002,1081,837
3921602,Delphos city,3128,1796,61037,71019,1.1737,34.1,8.5,0,0,224,201,115
1783271,Wood River city,4573,3135,62703,74365,1.1737,25.0,6.4,1,0,265,273,87
0115256,Clay city,3740,2478,81920,91905,1.1736,32.0,1.7,0,0,-21,-45,-64
21189,Owsley County,1567,931,22188,28075,1.1736,35.4,5.2,0,0,34,-10,32
37141,Pender County,25291,17129,80396,94634,1.1736,30.0,2.2,1,0,339,162,12
08093,Park County,8988,5835,103670,118622,1.1736,29.4,5.7,1,0,-147,-74,8
1963525,Pleasant Hill city,4343,2857,90508,110287,1.1735,31.8,2.4,0,0,38,55,58
40023,Choctaw County,5923,3755,44081,51753,1.1735,33.2,3.4,1,0,58,135,225
3676705,Valley Stream village,12340,8781,133190,154945,1.1734,27.5,1.4,1,0,-76,-12,33
2745430,New Brighton city,9169,6467,88521,101711,1.1734,26.9,2.6,1,0,103,189,99
27161,Waseca County,7477,4923,76261,89517,1.1734,28.9,5.2,1,0,181,118,82
26027,Cass County,21207,13453,70443,83083,1.1734,34.5,2.1,1,0,399,512,449
46091,Marshall County,1651,986,78156,90828,1.1734,38.6,1.7,0,0,93,79,32
02122,Kenai Peninsula Borough,24371,15820,80538,93741,1.1733,31.7,3.4,1,0,389,335,322
2754214,Richfield city,16547,11107,85132,99102,1.1732,28.3,4.6,1,0,508,427,174
42029,Chester County,204774,143253,127208,149037,1.1732,27.7,2.3,1,0,1415,3466,1087
2612060,Burton city,12432,8214,60052,70454,1.1732,31.1,2.8,1,0,-250,16,165
4262920,Punxsutawney borough,2691,1488,42183,49558,1.1732,40.4,4.3,0,0,49,74,107
51009,Amherst County,12694,8057,68724,79482,1.1731,34.3,2.2,1,0,83,170,171
31035,Clay County,2490,1600,78986,90885,1.1731,31.0,4.8,1,0,78,80,72
1347196,Loganville city,4874,3748,83605,100792,1.173,21.4,1.7,0,0,142,-90,-190
19029,Cass County,5844,3668,63013,75448,1.1729,32.6,4.6,1,0,208,175,86
49013,Duchesne County,6878,4792,78445,93844,1.1728,24.4,5.9,1,0,225,226,174
0673262,South San Francisco city,21838,15127,136578,160086,1.1728,29.4,1.4,1,0,-634,-45,549
1300408,Acworth city,8903,6273,83539,93773,1.1728,27.3,2.2,1,0,71,127,94
4017800,Coweta city,4029,2934,67519,78642,1.1728,22.6,4.6,1,0,124,125,81
39025,Clermont County,84955,57195,85510,99417,1.1727,29.3,3.3,1,0,2983,2736,1926
4857200,Pharr city,23877,17621,52814,62650,1.1727,21.9,4.3,1,0,-107,869,1205
1802674,Auburn city,5627,3883,68750,85265,1.1727,28.5,2.5,0,0,206,118,73
3516420,Clovis city,14957,10744,54820,65497,1.1727,22.0,6.2,1,0,86,360,410
4736460,Humboldt city,3440,2059,52917,60277,1.1727,32.9,7.3,1,0,227,398,290
22047,Iberville Parish,11296,7478,54000,65009,1.1726,30.1,3.7,0,0,160,142,168
53007,Chelan County,31520,20421,82381,96040,1.1726,32.0,3.2,1,0,576,739,819
29011,Barton County,4454,2796,51635,60739,1.1726,35.0,2.2,1,0,33,231,208
2627440,Farmington Hills city,35529,23060,104836,121895,1.1725,32.1,3.0,1,0,1150,781,1151
47117,Marshall County,13622,9658,71049,83378,1.1725,27.7,1.4,1,0,292,368,311
37193,Wilkes County,27107,16580,51721,60605,1.1725,35.2,3.6,1,0,870,734,778
1717458,Crest Hill city,8153,5150,73033,84757,1.1725,31.2,5.6,1,0,42,34,-56
26153,Schoolcraft County,3890,2236,56782,66992,1.1724,38.7,3.8,1,0,30,36,42
01115,St. Clair County,35107,23962,77463,91048,1.1724,28.8,2.9,1,0,579,615,597
38101,Ward County,28568,19733,78238,91568,1.1724,21.9,9.0,1,0,1575,1139,859
46125,Turner County,3568,2414,75771,89350,1.1724,28.7,3.6,1,0,84,107,37
4171950,Sweet Home city,4262,3052,56927,65104,1.1724,26.8,1.6,0,0,37,-13,-4
2452425,Middletown town,1726,1382,173333,200000,1.1723,19.9,0.0,1,0,56,65,20
2974626,Union city,4990,3694,73435,85959,1.1723,20.2,5.7,0,0,409,330,135
4276184,Taylor borough,2368,1676,71599,82075,1.1723,29.2,0.0,1,0,66,70,61
0485400,Youngtown town,2607,1873,68321,82975,1.1721,27.8,0.3,1,0,-46,169,91
4723500,Elizabethton city,6036,3879,46975,55297,1.1721,31.2,4.6,1,0,183,285,255
42089,Monroe County,61212,41530,83565,98033,1.1721,30.9,1.2,1,0,-51,7,35
4666700,Vermillion city,4312,2589,50456,59350,1.1721,16.5,23.5,0,0,141,201,186
17123,Marshall County,5094,3110,71585,83484,1.1721,34.5,4.5,1,0,123,119,69
1665260,Preston city,2098,1508,61039,72686,1.172,25.2,3.0,0,0,17,55,31
41071,Yamhill County,39247,26013,90063,104369,1.172,30.9,2.9,1,0,184,315,110
08039,Elbert County,10004,7024,132685,152954,1.172,29.2,0.6,1,0,36,38,37
2964180,Ste. Genevieve city,2023,1119,48097,55139,1.172,40.9,3.8,0,0,141,123,
1850976,Mooresville town,3924,2412,68983,79439,1.172,33.8,4.7,0,0,152,145,-10
0648914,Monterey Park city,20646,13069,81855,96586,1.1719,35.3,1.4,1,0,-916,-616,519
0143120,Lincoln city,2975,2192,57145,66860,1.1719,26.3,0.0,0,0,34,21,27
0608954,Burbank city,42995,31700,97082,113779,1.1719,24.3,2.0,1,0,-1982,-2015,1125
36031,Essex County,16342,9827,71661,84611,1.1718,37.9,2.0,1,0,410,422,285
53045,Mason County,26029,15324,83270,97774,1.1718,38.8,2.4,1,0,281,237,230
16055,Kootenai County,71172,45918,81861,96377,1.1718,31.6,3.9,1,0,248,289,352
3949098,Mentor-on-the-Lake city,3648,2424,67188,83947,1.1718,29.4,4.1,0,0,351,310,131
23027,Waldo County,17470,10671,72782,85048,1.1717,36.5,2.4,1,0,293,410,378
22115,Vernon Parish,18300,12425,57270,66778,1.1716,23.6,8.5,1,0,288,889,966
05111,Poinsett County,8792,5868,46707,55308,1.1716,30.1,3.1,0,0,135,221,297
17143,Peoria County,77755,51013,65108,77865,1.1716,28.3,6.1,1,0,2091,3026,1481
51173,Smyth County,12659,7731,49883,58437,1.1715,35.2,3.8,1,0,324,347,347
36115,Washington County,24469,15519,73495,86113,1.1715,34.4,2.1,1,0,735,686,523
40001,Adair County,7133,4817,48041,56005,1.1715,29.0,3.5,1,0,200,260,271
38017,Cass County,83945,57401,75555,88686,1.1715,19.7,11.9,1,0,6030,5284,2115
2238355,Jennings city,3830,2415,48558,56850,1.1715,35.7,1.2,0,0,-14,-2,102
48037,Bowie County,35073,22797,59803,70042,1.1714,30.8,4.2,1,0,326,1015,1525
3913190,Centerville city,11829,6868,85492,102075,1.1714,38.1,3.9,1,0,453,448,431
29007,Audrain County,9219,6133,59448,69675,1.1714,30.4,3.0,1,0,328,393,373
2721770,Forest Lake city,8286,5650,92944,110518,1.1714,27.7,4.1,1,0,153,111,55
0167056,Russellville city,3744,2634,58231,64179,1.1713,27.1,2.6,0,0,93,134,165
31125,Nance County,1342,848,65179,77956,1.1713,31.1,5.7,1,0,45,68,77
51057,Essex County,4447,2678,56520,67723,1.1713,38.0,1.7,0,0,23,44,56
3643874,Lynbrook village,7011,4743,136696,157075,1.1713,31.3,1.1,1,0,-6,145,152
28121,Rankin County,60133,41626,79357,93524,1.1713,27.8,3.0,1,0,159,524,466
4803264,Angleton city,7907,4973,86712,105485,1.1712,31.3,5.8,1,0,298,265,165
0119648,Daphne city,11470,8133,87250,103091,1.1712,27.2,1.9,1,0,474,507,521
0103028,Attalla city,2533,1679,59215,67896,1.1711,33.1,0.6,0,0,72,21,25
4958070,Park City city,3596,2302,133558,159677,1.1711,32.9,3.1,0,0,55,21,55
0660102,Redwood City city,29951,22736,157814,184866,1.171,20.7,3.3,1,0,257,227,378
3664749,Salamanca city,2464,1673,41667,49036,1.171,25.8,6.3,1,0,-8,60,75
19115,Louisa County,4237,2848,77354,90479,1.171,29.1,3.7,1,0,113,82,67
48495,Winkler County,2762,2030,86900,101873,1.171,22.4,4.1,0,0,60,41,47
18063,Hendricks County,67110,48730,101144,118602,1.1709,24.4,3.0,1,0,1162,593,848
26099,Macomb County,358668,246451,77837,91267,1.1709,29.0,2.3,1,0,6284,5877,5506
39139,Richland County,50111,31710,59509,69578,1.1709,32.2,4.5,1,0,1782,2157,1434
55109,St. Croix County,37511,27075,103046,121217,1.1709,24.8,3.0,1,0,768,536,534
31039,Cuming County,3807,2314,71104,83920,1.1709,34.5,4.7,1,0,179,236,176
4129000,Gladstone city,5097,3528,91250,107546,1.1708,29.7,1.1,1,0,-104,76,43
0654848,Pacific Grove city,6992,3765,106065,124818,1.1708,44.9,1.2,1,0,-85,-159,66
1304000,Atlanta city,236468,176752,85652,100004,1.1708,18.6,6.7,1,0,-6208,-807,-897
2553960,Pittsfield city,19510,13273,70582,82353,1.1707,29.1,2.8,1,0,212,411,8
47189,Wilson County,59139,42653,95839,112117,1.1707,24.9,3.0,1,0,116,184,178
19173,Taylor County,2488,1551,67740,77737,1.1707,33.2,4.5,1,0,121,104,54
1810342,Carmel city,38426,28499,141505,166153,1.1706,22.8,3.1,1,0,660,957,481
27067,Kandiyohi County,17603,11043,76592,90300,1.1706,31.4,5.9,1,0,734,515,380
2701900,Apple Valley city,21627,15161,97673,114995,1.1706,27.5,2.4,1,0,129,174,232
42091,Montgomery County,335505,230509,113915,134173,1.1706,29.2,2.1,1,0,774,2426,761
28127,Simpson County,9543,6228,56381,65278,1.1706,31.9,2.9,0,0,141,90,106
27173,Yellow Medicine County,4070,2597,74000,87091,1.1705,31.7,4.5,1,0,95,101,82
22073,Ouachita Parish,61489,42456,54688,64407,1.1705,26.5,4.5,1,0,-348,1290,1835
1812628,Cicero town,2519,1897,66934,79422,1.1705,23.4,1.3,0,0,-5,9,11
2156136,Nicholasville city,12131,8592,68503,78583,1.1705,24.2,5.0,1,0,68,290,344
23001,Androscoggin County,46953,32104,67873,78464,1.1705,28.5,3.1,1,0,891,1121,583
20055,Finney County,13229,9502,73009,85079,1.1705,21.4,6.8,1,0,744,579,414
3940040,Kettering city,25987,16813,74681,87355,1.1704,30.1,5.2,1,0,1419,1350,932
29117,Livingston County,5608,3538,63627,73995,1.1704,33.4,3.5,1,0,313,323,289
21185,Oldham County,23025,17050,122497,144901,1.1703,24.4,1.6,1,0,164,178,298
54107,Wood County,35836,22575,57810,67895,1.1703,33.8,3.2,1,0,786,1054,1033
0451810,Page city,2921,2237,88826,110953,1.1703,23.4,0.0,0,0,271,137,130
0534750,Jacksonville city,11107,7879,49666,58141,1.1703,21.4,7.7,0,0,-90,-54,352
04015,Mohave County,101973,52511,57684,67654,1.1703,45.9,2.6,1,0,852,1963,2536
2371990,South Portland city,12152,7732,86838,101209,1.1702,31.3,5.0,1,0,-104,-171,-174
21167,Mercer County,9181,6056,64824,77620,1.1702,29.4,4.6,1,0,294,293,136
5532790,Harrison village,4919,3808,121504,136676,1.1702,22.4,0.2,1,0,38,39,45
1928515,Fort Dodge city,10272,6349,60649,70974,1.1702,29.9,8.3,1,0,403,383,187
13207,Monroe County,10554,7071,83183,98615,1.1702,32.1,0.9,1,0,352,298,192
50007,Chittenden County,71456,47540,96759,113500,1.1702,26.4,7.0,1,0,63,425,481
06115,Yuba County,28635,20645,76373,89189,1.1701,23.3,4.6,1,0,997,496,138
26043,Dickinson County,11905,7205,65156,76915,1.1701,35.1,4.4,1,0,254,262,203
31033,Cheyenne County,4464,2642,60348,71532,1.1701,32.2,8.6,1,0,6,136,209
2965144,St. Robert city,2533,1716,62641,74147,1.1701,21.0,11.2,0,0,5,86,152
1772156,Spring Valley city,2235,1393,70598,81250,1.1701,35.5,2.1,0,0,89,94,60
40013,Bryan County,18397,12110,57225,67659,1.1701,27.9,6.3,1,0,247,490,720
72139,Trujillo Alto Municipio,27237,17455,40055,46863,1.1701,34.7,1.2,1,0,515,229,455
20079,Harvey County,13700,8500,74368,86926,1.1701,32.1,5.9,1,0,585,530,429
0968100,Shelton city,16096,10788,108185,129200,1.17,31.9,1.1,1,0,-156,-155,
2562535,Somerville city,35715,27476,132572,155457,1.17,15.0,8.1,1,0,269,1587,2480
21059,Daviess County,41639,27433,68214,79360,1.17,29.4,4.7,1,0,1353,1790,1493
37031,Carteret County,31977,18929,72322,83902,1.17,37.9,2.9,1,0,218,347,380
38053,McKenzie County,5997,4749,93404,114089,1.17,14.0,6.9,1,0,343,276,263
19193,Woodbury County,40699,28040,73658,85775,1.1699,26.2,4.9,1,0,1633,1760,1369
4865036,San Benito city,8351,5525,43639,50617,1.1699,30.1,3.7,0,0,-316,-180,205
54099,Wayne County,15762,9947,58878,69174,1.1699,34.6,2.3,1,0,309,425,495
2015200,Concordia city,2127,1400,51138,61042,1.1699,28.1,6.1,0,0,50,89,42
3040075,Kalispell city,11795,7493,63415,74466,1.1699,31.6,4.8,1,0,340,233,29
3937016,Huron city,3178,1685,78333,90145,1.1698,42.7,4.3,1,0,221,199,116
2616160,Clawson city,5680,4049,88636,102665,1.1698,26.8,1.9,1,0,222,177,160
38061,Mountrail County,3901,2679,80717,94786,1.1697,22.7,8.7,0,0,225,255,201
18141,St. Joseph County,107252,72356,66868,78309,1.1697,28.2,4.3,1,0,2167,3288,2767
29225,Webster County,13964,9460,71155,82665,1.1697,27.2,5.1,1,0,413,386,285
4841440,La Porte city,13329,9388,80753,97670,1.1697,27.0,2.5,1,0,-251,201,228
01043,Cullman County,35347,23479,62656,73342,1.1696,30.3,3.3,1,0,1165,1089,1071
3986772,Xenia city,10765,6692,56029,66357,1.1695,31.6,6.2,1,0,50,402,232
30029,Flathead County,44233,28380,73925,86401,1.1695,33.5,2.3,1,0,1134,744,389
51027,Buchanan County,7530,4477,42886,50683,1.1694,38.9,1.6,1,0,-8,39,67
0812815,Centennial city,42233,29358,131928,154914,1.1694,28.6,1.9,1,0,-46,498,-8
09150,Northeastern Connecticut Planning Region,39412,27005,90589,107786,1.1694,29.7,1.8,1,0,793,699,407
20091,Johnson County,249531,176954,109208,128214,1.1694,24.8,4.3,1,0,4934,3688,4463
4136150,Independence city,3151,2089,85375,103241,1.1694,20.3,13.4,0,0,41,146,150
05009,Boone County,15363,9631,55143,65487,1.1693,32.7,4.6,1,0,530,706,711
3767420,Thomasville city,11252,7795,60935,71689,1.1693,27.5,3.2,1,0,288,465,880
40093,Major County,3182,2061,71266,82210,1.1693,30.1,5.1,0,0,47,40,32
37179,Union County,84237,63391,102900,122118,1.1693,23.0,1.7,1,0,592,410,410
3658574,Plattsburgh city,9250,5544,57630,66586,1.1692,22.8,17.2,1,0,93,389,376
34035,Somerset County,130802,95077,140374,164187,1.1692,26.3,1.0,1,0,1189,3296,1536
13077,Coweta County,56275,40724,95548,112061,1.1692,25.6,2.1,1,0,410,348,252
08047,Gilpin County,3122,2082,95361,112546,1.1692,30.9,2.4,0,0,91,60,31
20069,Gray County,2136,1390,79122,93504,1.1692,28.7,6.3,1,0,111,97,91
1216800,DeFuniak Springs city,2371,1469,54512,65450,1.1692,27.4,10.6,0,0,-26,5,5
13025,Brantley County,6599,4281,58239,68264,1.1692,33.4,1.7,1,0,142,126,110
4048000,Miami city,4946,3234,46410,53981,1.1691,26.7,7.9,1,0,-51,86,299
1779033,Washington city,6053,4320,95179,113502,1.1691,27.8,0.8,1,0,107,67,86
2710846,Champlin city,8604,6359,116102,134630,1.169,24.4,1.7,1,0,15,58,52
21011,Bath County,4698,3267,56541,64505,1.169,28.6,1.9,0,0,143,142,131
29077,Greene County,130951,84073,61479,72457,1.169,25.9,9.9,1,0,4861,6447,4876
0600674,Albany city,7631,5522,144107,170809,1.169,25.8,1.8,1,0,195,387,383
30063,Missoula County,52679,34741,75598,88335,1.169,25.2,8.9,1,0,1670,1364,897
19037,Chickasaw County,4997,3104,75675,88643,1.169,32.8,5.1,1,0,186,158,114
2453875,Mount Airy town,3300,2627,151324,176357,1.1689,19.6,0.8,1,0,37,43,23
2039075,Leawood city,13272,8452,185625,218976,1.1689,36.2,0.1,0,0,138,175,-64
3909358,Brookville city,2440,1445,63598,72622,1.1689,40.8,0.0,0,0,80,97,9
27075,Lake County,4942,2861,75541,88290,1.1689,38.8,3.3,1,0,115,121,104
3981858,Waterville city,2418,1644,104114,125216,1.1689,30.4,1.6,1,0,64,31,68
4182800,Wilsonville city,10671,7127,96236,113635,1.1689,28.2,5.0,1,0,-324,-68,138
1216675,DeBary city,9499,6224,88569,106486,1.1689,34.2,0.3,1,0,-56,-48,-73
48299,Llano County,10765,5107,67530,80942,1.1689,48.6,3.9,0,0,105,219,222
47119,Maury County,42306,29291,76130,88871,1.1688,27.1,3.7,1,0,565,663,712
21061,Edmonson County,5099,3258,54937,63314,1.1688,32.9,3.2,0,0,156,201,143
20077,Harper County,2206,1346,53488,62526,1.1688,34.3,4.7,1,0,65,63,41
1921180,DeWitt city,2177,1625,92587,105524,1.1688,25.4,0.0,0,0,39,37,40
17051,Fayette County,7814,4918,60944,71269,1.1688,33.0,4.1,1,0,210,200,128
2731076,Inver Grove Heights city,15158,10964,101316,117587,1.1688,25.4,2.2,1,0,262,164,155
4051150,Newcastle city,4868,3500,93398,107895,1.1688,25.9,2.2,1,0,39,23,35
4810768,Brownsville city,59839,41768,52130,60732,1.1688,25.9,4.3,1,0,184,1928,2723
53033,King County,941054,713500,124746,145797,1.1688,20.3,3.9,1,0,-1850,20495,20513
2766460,Vadnais Heights city,5610,3877,98685,113223,1.1688,29.1,1.8,1,0,55,53,52
28023,Clarke County,5945,3566,46108,53880,1.1687,37.9,2.1,1,0,86,141,142
0845255,Littleton city,20449,13976,98839,115334,1.1687,28.7,3.0,1,0,-475,-176,211
30089,Sanders County,5451,2801,57476,69044,1.1687,47.0,1.6,0,0,15,13,68
3914184,Chillicothe city,9783,6159,54086,63071,1.1687,30.8,6.2,1,0,324,640,301
3520270,Deming city,5601,3336,34165,40065,1.1687,36.0,4.5,0,0,231,-3,52
5563525,Plover village,5656,4043,88042,102299,1.1685,23.5,5.0,1,0,384,264,236
45003,Aiken County,69916,45272,70609,82910,1.1685,32.4,2.8,1,0,1254,1959,1665
27087,Mahnomen County,1885,1185,59441,69252,1.1685,32.1,5.0,1,0,68,74,39
5323620,Ferndale city,5844,4338,87579,101022,1.1685,24.4,1.4,1,0,156,198,63
29073,Gasconade County,6061,3854,64232,75445,1.1685,34.5,1.9,1,0,137,146,152
45061,Lee County,6351,3988,44760,52330,1.1685,34.2,3.0,1,0,-66,112,264
4879000,Wichita Falls city,38169,26100,60177,70363,1.1685,24.5,7.1,1,0,367,1210,1369
48173,Glasscock County,460,322,101250,118750,1.1684,26.1,3.9,0,0,24,14,12
5114968,Charlottesville city,19815,13561,74824,87493,1.1684,20.2,11.3,1,0,-661,-367,176
51540,Charlottesville city,19815,13561,74824,87493,1.1684,20.2,11.3,1,0,-661,-367,176
31063,Frontier County,1074,610,70132,81790,1.1684,38.3,4.9,0,0,37,45,37
48441,Taylor County,54934,36269,67139,79252,1.1684,24.7,9.3,1,0,856,1711,1407
3639853,Kiryas Joel village,7505,5090,50032,58447,1.1684,5.3,26.9,0,0,-396,-540,44
3976022,Sylvania city,7512,5027,100189,116976,1.1684,31.3,1.8,1,0,119,79,108
26019,Benzie County,7708,4400,74834,87418,1.1684,40.8,2.1,1,0,150,114,82
54085,Ritchie County,3389,2169,50582,59637,1.1683,34.9,1.1,0,0,72,74,58
18033,DeKalb County,17096,11849,74331,87166,1.1683,27.9,2.8,1,0,293,204,153
1384176,Woodstock city,14730,11336,103496,120229,1.1683,21.2,1.8,1,0,81,67,65
1706587,Bloomingdale village,9065,5884,102928,120720,1.1683,34.0,1.1,1,0,59,109,112
26159,Van Buren County,30622,20063,68114,79795,1.1682,32.1,2.4,1,0,321,398,334
0851800,Monument town,4274,3103,128816,151792,1.1682,21.5,5.9,0,0,38,48,-1
5333805,Issaquah city,16664,12896,154669,179333,1.1681,21.2,1.4,1,0,487,855,299
41023,Grant County,3444,1792,59450,69139,1.1681,45.5,2.5,0,0,82,98,124
4078500,Warr Acres city,4026,2475,53273,64692,1.1681,29.9,8.7,0,0,-11,23,214
26015,Barry County,24480,16507,77500,91348,1.168,31.0,1.5,1,0,235,218,214
20057,Ford County,11796,8554,70781,84175,1.168,23.3,4.2,1,0,601,667,616
5584275,Waukesha village,3188,2157,130978,152725,1.168,31.9,0.4,1,0,8,26,
06109,Tuolumne County,22690,12691,77404,90629,1.1679,43.2,0.8,1,0,-125,9,204
3943554,Lima city,14273,9546,46240,53959,1.1679,26.0,7.1,1,0,-139,78,1188
48273,Kleberg County,11853,7254,61292,73188,1.1679,20.7,18.1,0,0,129,373,368
09130,Lower Connecticut River Valley Planning Region,74068,49009,104428,122520,1.1679,32.0,1.8,1,0,898,616,637
02275,Wrangell City and Borough,976,590,63750,73615,1.1679,37.3,2.3,0,0,57,46,23
1860246,Plainfield town,12809,8639,87272,102973,1.1679,27.6,4.9,1,0,69,400,361
37005,Alleghany County,5177,2852,47172,54888,1.1679,42.2,2.7,0,0,173,125,95
1355020,Newnan city,17180,12344,82292,94482,1.1679,23.5,4.7,1,0,-169,11,87
3663418,Rome city,13870,9067,59925,69962,1.1679,29.8,4.8,1,0,514,610,239
1237525,Lake Alfred city,2577,1761,67202,84825,1.1679,30.3,1.4,0,0,13,-27,-42
1738414,Jerseyville city,2952,2043,73529,86242,1.1679,29.0,1.8,0,0,207,181,64
0612048,Cathedral City city,18979,12400,73572,86024,1.1678,33.6,1.0,1,0,-178,-343,-214
2757220,St. Louis Park city,24515,17753,101648,118478,1.1677,22.3,5.3,1,0,873,318,324
0465000,Scottsdale city,118637,74245,110886,129641,1.1677,34.1,3.4,1,0,-1159,230,-1114
2017850,De Soto city,2370,1967,104000,121172,1.1677,15.4,1.6,0,0,19,24,22
19033,Cerro Gordo County,19538,12196,68189,80159,1.1677,32.4,5.1,1,0,780,821,464
1750491,Morris city,6484,4582,76711,87991,1.1676,26.2,3.1,1,0,309,367,209
40005,Atoka County,4975,3040,54785,65051,1.1676,33.9,4.9,1,0,150,158,164
37033,Caswell County,8830,5279,59755,69652,1.1676,38.4,1.8,0,0,392,417,370
36001,Albany County,134703,89000,85333,100271,1.1675,27.5,6.4,1,0,2478,3222,2039
1756640,Orland Park village,23256,14537,98910,115320,1.1675,37.3,0.2,1,0,21,-13,-11
3646415,Medina village,2580,1588,59231,69545,1.1675,32.6,5.9,0,0,79,180,184
53063,Spokane County,218395,148235,78582,91791,1.1675,27.4,4.8,1,0,2712,3304,3066
39155,Trumbull County,86550,54095,56435,66835,1.1674,34.1,3.4,1,0,1823,2934,2481
18117,Orange County,7970,5066,65873,77083,1.1674,32.7,3.7,1,0,185,170,104
13275,Thomas County,18684,12467,60736,71128,1.1674,30.1,3.2,1,0,30,337,554
3431920,Hillsdale borough,3478,2548,186688,213333,1.1674,26.7,0.0,0,0,25,30,2
2513205,Chelsea city,13716,10882,72179,84387,1.1674,18.4,2.2,1,0,-421,-731,777
05055,Greene County,17994,12513,57839,68663,1.1674,26.3,4.1,1,0,506,893,911
04007,Gila County,23645,12128,61986,72706,1.1673,45.4,3.3,1,0,414,736,960
29217,Vernon County,7754,4783,52230,61861,1.1673,34.0,4.4,1,0,276,420,319
37049,Craven County,42871,26499,65873,75879,1.1673,32.2,6.0,1,0,295,733,756
35043,Sandoval County,56895,36676,86636,100167,1.1673,33.6,1.9,1,0,380,458,455
4802212,Alton city,5349,4118,52715,62453,1.1673,16.2,6.8,0,0,21,492,540
27129,Renville County,6056,3787,70625,82764,1.1673,32.7,4.8,1,0,75,84,57
24015,Cecil County,40595,28488,92007,108987,1.1673,27.4,2.4,1,0,174,512,400
36025,Delaware County,19203,11183,63337,74930,1.1672,39.6,2.2,1,0,398,585,537
12073,Leon County,122597,77144,66287,77639,1.1671,22.7,14.4,1,0,-4218,361,2992
31155,Saunders County,8899,6019,94066,111470,1.1671,30.1,2.3,1,0,187,112,86
39081,Jefferson County,27143,17040,59055,68645,1.1671,34.4,2.8,1,0,715,989,750
06025,Imperial County,49644,35464,57681,67355,1.1671,26.3,2.2,1,0,167,715,999
3701760,Archer Lodge town,1925,1270,91188,102867,1.1671,31.6,2.4,0,0,-4,11,24
47063,Hamblen County,26146,17542,55454,65107,1.1671,30.0,2.9,1,0,437,906,1018
4205888,Berwick borough,4643,3289,49800,58012,1.1671,26.8,2.3,0,0,168,164,198
20059,Franklin County,10409,6986,77207,90026,1.167,28.3,4.6,1,0,490,417,352
42077,Lehigh County,144386,100450,80079,93919,1.167,27.8,2.6,1,0,-786,-12,1206
0824785,Englewood city,16805,12587,86800,101300,1.167,21.3,3.8,1,0,54,93,47
1774574,Taylorville city,4532,2981,57552,65789,1.167,31.6,2.6,1,0,183,248,100
55055,Jefferson County,34873,23160,83750,98431,1.167,29.8,3.8,1,0,1664,1363,928
3977112,Toronto city,2561,1564,55972,62529,1.167,36.1,2.8,0,0,12,79,95
2758738,Savage city,12021,9359,125513,147054,1.1669,20.1,2.0,1,0,51,120,69
5505900,Beaver Dam city,7571,5162,66673,78713,1.1669,26.4,5.5,1,0,542,655,350
1765338,Rolling Meadows city,9336,6761,98514,113666,1.1669,25.2,2.4,1,0,102,124,138
48013,Atascosa County,16786,12024,70770,80677,1.1669,26.8,1.5,1,0,431,785,823
0568810,Texarkana city,11333,7618,45835,53398,1.1669,27.9,4.9,1,0,-488,-142,340
1233950,Inverness city,4059,1795,43523,51815,1.1668,53.6,2.2,0,0,-203,10,51
27139,Scott County,54971,42105,119314,140290,1.1668,21.3,2.1,1,0,141,323,228
53019,Ferry County,3169,1726,55614,64884,1.1668,43.7,1.8,1,0,34,69,87
48381,Randall County,56807,39678,83864,97006,1.1668,25.4,4.8,1,0,1612,1284,1292
0669084,Santa Clara city,50088,39684,178958,209523,1.1668,16.6,4.1,0,0,2646,2908,2468
39059,Guernsey County,16318,10688,58478,67949,1.1668,30.9,3.6,1,0,156,321,532
3936582,Hubbard city,3520,2285,62593,71518,1.1667,33.6,1.5,1,0,91,120,83
49041,Sevier County,7503,4980,74884,87394,1.1667,28.7,4.9,1,0,269,232,138
2400125,Aberdeen city,7300,5098,74826,87379,1.1667,25.9,4.2,1,0,-68,11,101
18103,Miami County,13318,8641,61139,71293,1.1667,30.8,4.3,1,0,396,490,487
1700685,Algonquin village,10968,7993,134525,156553,1.1667,25.6,1.5,1,0,52,124,7
3819620,Dickinson city,10486,7542,82696,95650,1.1667,21.7,6.3,1,0,642,618,404
26145,Saginaw County,77958,49858,60622,70787,1.1667,32.2,3.9,1,0,596,1517,2076
3465160,Runnemede borough,3330,2281,91302,106631,1.1667,28.8,2.7,0,0,10,21,25
06055,Napa County,49763,32362,111471,131584,1.1666,33.4,1.6,1,0,-673,-758,1265
55029,Door County,14986,8170,74795,87172,1.1666,42.2,3.3,1,0,434,397,295
3733120,Huntersville town,25055,19696,120516,141984,1.1665,20.0,1.4,1,0,268,499,253
06001,Alameda County,598246,443179,129367,151183,1.1665,23.6,2.3,1,0,-10638,6885,17610
0646170,Marysville city,4901,3527,56430,65050,1.1665,22.4,5.7,0,0,-261,-162,118
1774119,Swansea village,5777,3959,91587,105230,1.1664,28.7,2.8,1,0,177,142,114
17087,Johnson County,4101,2455,62528,74199,1.1664,38.1,2.0,1,0,64,117,119
5340245,Longview city,15810,10283,61747,73013,1.1664,32.6,2.3,1,0,-190,179,430
08077,Mesa County,65830,41427,73658,85780,1.1664,32.9,4.1,1,0,712,742,986
37151,Randolph County,57721,39138,61022,71093,1.1664,29.8,2.4,1,0,1185,1475,1423
36103,Suffolk County,512565,347454,130686,152584,1.1663,31.2,1.0,1,0,-6636,753,2585
4065300,Sand Springs city,7742,5111,75645,88283,1.1663,30.4,3.5,1,0,353,219,149
39165,Warren County,92052,66531,110132,128628,1.1663,25.9,1.8,1,0,1010,794,1017
18019,Clark County,51242,36145,74214,86421,1.1663,26.0,3.5,1,0,1797,1896,1508
28003,Alcorn County,14456,9622,51260,59596,1.1663,29.6,3.8,1,0,452,528,536
53031,Jefferson County,16340,7645,74048,86298,1.1663,52.7,0.5,1,0,80,147,109
2752594,Prior Lake city,9976,7195,134255,158275,1.1662,25.6,2.3,1,0,-57,9,-63
4722720,East Ridge city,9587,6627,62247,72544,1.1662,27.6,3.2,1,0,311,421,402
28151,Washington County,17113,11112,42165,48926,1.1661,31.5,3.6,1,0,-493,-311,639
5061225,Rutland city,7414,4618,57675,68653,1.1661,35.1,2.6,1,0,-157,10,150
2635580,Grosse Pointe Woods city,6418,4211,126395,148789,1.1661,34.2,0.2,1,0,66,62,24
39167,Washington County,24779,15573,63603,74837,1.1661,33.4,3.8,1,0,443,656,716
5305210,Bellevue city,61977,47742,165576,195139,1.1661,20.4,2.5,1,0,3261,3817,2028
72123,Salinas Municipio,10761,6702,21901,26195,1.1661,35.6,2.1,1,0,19,-56,-17
4982930,West Haven city,6989,5268,101012,118026,1.166,14.1,10.5,1,0,426,149,151
28061,Jasper County,6647,4181,48660,56293,1.166,34.2,2.9,0,0,120,154,183
30013,Cascade County,35615,22653,67690,78170,1.1659,30.6,5.8,1,0,1063,1324,1041
20191,Sumner County,8970,5764,63951,76337,1.1659,31.4,4.4,1,0,154,206,126
18089,Lake County,195130,132590,71493,83393,1.1659,29.7,2.4,1,0,2362,4102,3885
21053,Clinton County,3854,2604,44844,52319,1.1659,30.5,1.9,1,0,101,103,60
2853520,Ocean Springs city,8202,5428,79712,92939,1.1658,31.8,2.0,1,0,134,173,168
26127,Oceana County,10419,6489,62417,73560,1.1658,35.3,2.4,1,0,191,181,182
48061,Cameron County,138433,94993,52601,61403,1.1658,27.5,3.8,1,0,574,3845,5307
32013,Humboldt County,6911,4833,81073,93671,1.1658,25.3,4.8,1,0,354,294,201
0831660,Grand Junction city,29935,18320,70080,82800,1.1658,32.5,6.3,1,0,553,526,479
05143,Washington County,97184,67891,70639,82685,1.1658,20.1,10.0,1,0,3247,4465,3026
5376405,Washougal city,6200,4349,106368,124886,1.1658,27.8,2.1,1,0,74,37,47
46107,Potter County,1066,589,72045,85244,1.1657,41.1,3.7,0,0,30,38,30
4231200,Greensburg city,6776,4279,64914,76498,1.1657,29.8,7.1,1,0,278,379,165
2404000,Baltimore city,255668,183072,62177,72406,1.1657,24.6,3.8,1,0,-9111,-4312,3097
24510,Baltimore city,255668,183072,62177,72406,1.1657,24.6,3.8,1,0,-9111,-4312,3097
0603064,Atascadero city,11579,7551,91429,109010,1.1657,29.5,5.3,1,0,-92,-156,154
2710144,Carver city,2079,1615,147697,170461,1.1657,21.4,1.0,0,0,9,11,8
2421325,Cumberland city,8405,5183,48162,56043,1.1657,34.5,3.9,1,0,85,144,116
17023,Clark County,6555,4241,72927,84489,1.1657,30.6,4.7,1,0,170,254,228
29219,Warren County,13845,9581,81209,95008,1.1657,28.8,2.0,1,0,380,305,178
21029,Bullitt County,31747,22367,80558,95521,1.1657,27.8,1.7,1,0,490,458,462
1705092,Belvidere city,9589,6689,64528,75441,1.1657,28.2,2.1,0,0,269,362,328
26157,Tuscola County,21498,13696,63811,74493,1.1657,34.0,2.3,1,0,333,466,457
16079,Shoshone County,5763,3565,55527,65574,1.1657,35.0,3.2,1,0,47,219,119
48053,Burnet County,20969,13046,78732,92622,1.1656,34.7,3.1,1,0,278,79,138
0680588,Truckee town,6860,5311,130462,150092,1.1656,22.3,0.3,0,0,43,72,36
1774223,Sycamore city,7401,5251,84120,100071,1.1655,21.7,7.3,1,0,200,166,127
39091,Logan County,19560,13112,71551,83618,1.1655,29.8,3.2,1,0,619,631,437
2050475,Newton city,7595,4983,68885,80017,1.1655,27.8,6.6,1,0,274,361,235
17179,Tazewell County,54051,36073,77982,90581,1.1655,30.2,3.1,1,0,1453,1075,740
16017,Bonner County,20283,11991,66979,78432,1.1655,39.7,1.2,1,0,323,290,220
5584675,Wauwatosa city,22239,15584,101138,117591,1.1655,26.6,3.3,1,0,475,301,392
51036,Charles City County,2911,1761,75417,87713,1.1655,38.7,0.8,1,0,25,20,27
32001,Churchill County,9516,6045,79163,92070,1.1655,33.6,2.9,1,0,315,396,346
1755249,O'Fallon city,12816,8943,105982,122771,1.1655,28.0,2.2,1,0,175,130,154
4725440,Fairview city,3528,2659,91131,101542,1.1654,21.3,3.3,0,0,10,-4,3
4810252,Bridge City city,3458,2575,88958,101976,1.1654,20.8,4.8,0,0,9,42,8
2938306,Kennett city,4244,2784,52500,59944,1.1654,29.7,4.7,0,0,86,156,247
1781919,Willowbrook village,3965,2376,99239,112978,1.1654,37.5,2.5,0,0,94,79,73
01031,Coffee County,20984,14333,68353,80234,1.1654,27.7,4.0,1,0,525,792,724
48317,Martin County,1973,1583,93734,104167,1.1654,19.8,0.0,1,0,48,39,40
2545560,Newton city,32194,21681,190304,222214,1.1654,31.4,1.2,0,0,640,1017,666
1360340,Perry city,9051,6675,76909,90640,1.1653,21.9,4.3,1,0,136,161,189
29161,Phelps County,17329,11136,58396,68244,1.1653,27.1,8.6,1,0,391,498,603
40061,Haskell County,4584,2824,49806,58027,1.1653,35.0,3.4,1,0,119,104,121
51067,Franklin County,22999,13818,68849,80636,1.1653,38.0,2.0,1,0,850,692,472
27073,Lac qui Parle County,2924,1713,74432,86757,1.1653,37.2,4.2,1,0,90,107,81
1735835,Homer Glen village,8097,5336,136678,157930,1.1653,33.7,0.4,1,0,17,24,8
06013,Contra Costa County,414417,292671,127229,148491,1.1652,27.8,1.6,1,0,-9228,-138,6595
2509000,Brockton city,36042,26429,80115,94085,1.1652,24.6,2.0,1,0,-995,-535,98
4862504,Roanoke city,4323,3603,97295,112773,1.1652,13.6,3.1,0,0,369,182,52
34003,Bergen County,355127,248802,124884,145518,1.1652,28.8,1.2,1,0,-1234,4602,1629
1949215,Maquoketa city,2669,1706,60240,70408,1.1652,31.5,4.6,0,0,48,70,33
1900505,Adel city,2372,1856,95250,107801,1.1651,19.7,2.0,0,0,-30,-20,-5
1254450,Palm Springs village,8999,6774,61739,74860,1.1651,21.4,3.3,1,0,-492,-579,221
27037,Dakota County,174362,123997,106318,123671,1.1651,25.5,3.4,1,0,1905,1416,1687
72015,Arroyo Municipio,6739,4134,21186,25271,1.165,36.3,2.3,0,0,-173,-113,-87
39141,Ross County,29808,19782,61303,71499,1.165,29.4,4.3,1,0,1221,1276,980
0809280,Broomfield city,31760,23272,123874,144354,1.1649,22.2,4.5,1,0,-205,672,179
08014,Broomfield County,31760,23272,123874,144354,1.1649,22.2,4.5,1,0,-205,672,179
2469925,Salisbury city,13168,8072,58576,67689,1.1649,23.2,15.5,1,0,-314,-676,645
50003,Bennington County,14987,9218,73325,85222,1.1649,37.2,1.3,1,0,128,122,118
23009,Hancock County,25572,15063,72744,85245,1.1649,38.0,3.1,1,0,456,425,268
17029,Coles County,20824,12789,56478,66169,1.1649,27.0,11.5,1,0,941,1243,687
4264832,Ridley Park borough,3029,2125,93594,110217,1.1648,27.9,1.9,1,0,95,100,69
1747007,Markham city,3655,2418,57302,68584,1.1648,33.1,0.7,0,0,65,-59,-9
19167,Sioux County,12690,8287,86098,102763,1.1648,27.9,6.8,1,0,324,251,215
37137,Pamlico County,5456,2912,59717,69494,1.1648,45.1,1.5,0,0,73,96,75
1714000,Chicago city,1160205,858168,77902,91082,1.1647,21.4,4.6,1,0,7920,15934,11390
0649362,Morro Bay city,5110,2681,95843,109728,1.1647,45.1,2.4,0,0,225,122,30
2523000,Fall River city,41991,30518,56673,66175,1.1647,23.8,3.5,1,0,-1207,-544,842
4826544,Forest Hill city,4499,3222,68457,79333,1.1647,27.8,0.6,1,0,-13,-84,-100
19149,Plymouth County,10313,6816,83251,97040,1.1646,30.4,3.5,1,0,685,505,420
40115,Ottawa County,11921,7634,49947,58160,1.1646,30.9,5.1,1,0,163,390,548
19161,Sac County,4302,2654,73838,85944,1.1646,34.4,3.9,1,0,171,166,122
1812124,Charlestown city,2995,2268,77288,90155,1.1646,20.8,3.5,0,0,54,57,60
2756896,St. Cloud city,27807,18250,61374,71065,1.1646,20.2,14.1,1,0,1036,1107,774
37159,Rowan County,58899,39399,65725,76605,1.1645,29.2,3.9,1,0,1248,1678,1666
72013,Arecibo Municipio,33403,19847,23635,27743,1.1645,39.0,1.6,1,0,412,689,808
4801576,Alamo city,6032,3931,57096,66138,1.1645,29.7,5.1,0,0,21,121,189
28041,Greene County,4109,2744,54276,62474,1.1645,27.6,5.6,0,0,96,175,140
22029,Concordia Parish,6778,4051,39943,46535,1.1644,35.1,5.1,1,0,101,37,56
5314485,Connell city,1122,808,77721,87727,1.1644,27.5,0.4,0,0,41,34,28
34019,Hunterdon County,50860,34748,141715,165877,1.1644,31.0,0.6,1,0,384,667,403
4764440,Rockwood city,2441,1512,47791,55765,1.1644,33.5,4.6,0,0,63,104,-7
31003,Antelope County,2636,1549,66105,77294,1.1644,36.8,4.5,1,0,93,100,69
1769524,Shiloh village,5792,4199,99573,115957,1.1643,25.9,1.6,1,0,272,151,170
4868636,Socorro city,11396,8433,54744,65581,1.1643,23.1,2.9,1,0,-44,92,132
1765806,Roselle village,8616,6189,111318,128869,1.1643,26.5,1.6,1,0,68,104,86
1228175,Gulfport city,6060,3259,71203,80238,1.1643,45.2,1.0,1,0,-186,-141,-35
1254275,Palmetto Bay village,8150,5998,142447,165915,1.1643,25.5,0.9,1,0,25,47,6
05083,Logan County,8521,5543,58555,68245,1.1642,32.3,2.6,1,0,322,348,304
4236368,Huntingdon borough,2564,1667,67125,75602,1.1642,33.9,1.1,0,0,117,149,150
30017,Custer County,5038,3366,70605,80853,1.1642,28.8,4.4,1,0,134,116,75
39061,Hamilton County,354739,243977,72470,84409,1.1642,25.7,5.6,1,0,6455,8602,6109
26137,Otsego County,11231,7168,68183,79513,1.1642,32.2,3.9,1,0,79,125,106
2671740,Sault Ste. Marie city,5860,3703,55328,64472,1.1642,27.1,9.7,1,0,232,397,188
17039,De Witt County,6595,4238,71678,84481,1.1641,31.8,3.9,1,0,242,216,126
39057,Greene County,68166,45061,87309,103457,1.1641,28.0,5.9,1,0,2381,1816,1842
2767036,Victoria city,4049,3092,195639,222197,1.1641,22.2,1.4,0,0,51,61,20
3350260,Nashua city,37134,26301,96326,112417,1.1641,27.1,2.1,1,0,57,339,812
06005,Amador County,16091,9127,88044,101191,1.1641,42.0,1.2,1,0,41,61,102
24043,Washington County,59818,41122,77747,91231,1.1641,28.1,3.1,1,0,1891,1674,1453
72151,Yabucoa Municipio,12167,6921,22944,26825,1.1641,41.1,2.0,1,0,108,224,317
18183,Whitley County,14029,9389,78083,89895,1.164,29.2,3.9,1,0,518,433,362
23025,Somerset County,23209,14800,58179,67505,1.164,32.7,3.5,1,0,274,476,377
19067,Floyd County,6503,3937,68557,79943,1.164,35.3,4.1,1,0,200,174,66
36093,Schenectady County,66902,45402,79623,93673,1.164,28.2,4.0,1,0,1152,1308,596
29177,Ray County,9116,5812,74573,86844,1.164,32.6,3.7,1,0,346,281,111
12015,Charlotte County,90542,41325,69952,81163,1.164,53.6,0.8,1,0,-642,-327,-112
13297,Walton County,35755,24942,84945,99111,1.164,27.9,2.4,1,0,519,191,1
3482300,Woodcliff Lake borough,2162,1553,213981,247894,1.164,28.2,0.0,0,0,-7,3,-19
31087,Hitchcock County,1111,635,51567,61933,1.1639,39.2,3.7,1,0,17,48,13
48167,Galveston County,140660,99602,86105,102177,1.1639,25.5,3.7,1,0,868,2653,2514
3626264,Floral Park village,5647,3680,150084,174801,1.1639,34.8,0.0,0,0,33,84,52
19031,Cedar County,7622,5083,80602,94241,1.1639,29.7,3.6,1,0,203,132,123
30109,Wibaux County,461,317,67462,84773,1.1638,27.5,3.7,0,0,18,28,25
39151,Stark County,155955,102185,67934,79177,1.1638,31.2,3.3,1,0,6198,6881,5401
30081,Ravalli County,18661,10551,71283,82931,1.1638,42.0,1.4,1,0,281,455,424
53047,Okanogan County,17540,10714,63207,73245,1.1638,35.6,3.3,1,0,520,709,545
2569170,Taunton city,24063,17822,79283,90535,1.1638,24.1,1.8,1,0,-658,-344,254
4940360,Kaysville city,9118,6833,133026,156459,1.1638,22.9,2.1,1,0,98,169,65
19083,Hardin County,7038,4302,65069,75504,1.1638,34.7,4.2,1,0,281,303,213
2904906,Berkeley city,2912,2136,44265,50950,1.1638,24.1,2.5,0,0,-371,-172,112
56023,Lincoln County,8324,5554,89330,104341,1.1637,30.1,3.2,1,0,292,237,160
1840392,Kokomo city,26241,16433,55360,64313,1.1637,32.1,5.3,1,0,318,1081,773
2713114,Coon Rapids city,24858,17587,88251,103275,1.1637,26.9,2.4,1,0,-23,282,216
22033,East Baton Rouge Parish,177295,116570,63071,73938,1.1637,25.7,8.5,1,0,-1200,1604,1877
2723948,Glencoe city,2436,1700,71356,81431,1.1636,27.1,3.2,0,0,115,154,69
46041,Dewey County,1692,1251,54104,63302,1.1636,22.9,3.1,1,0,88,93,36
48409,San Patricio County,25334,17521,69704,80221,1.1636,27.8,3.0,1,0,237,284,268
72067,Hormigueros Municipio,6210,3411,26828,31658,1.1636,44.2,0.9,0,0,-34,40,45
2679760,Three Rivers city,3293,2287,49503,57797,1.1636,27.6,2.9,1,0,97,152,175
18155,Switzerland County,3875,2597,65343,78696,1.1636,30.9,2.0,1,0,143,140,132
4000200,Ada city,6784,4413,53507,62484,1.1635,24.8,10.1,1,0,153,418,472
2630420,Fraser city,6592,4198,64354,75876,1.1634,32.3,4.1,0,0,58,12,79
36055,Monroe County,318428,214907,76382,89066,1.1634,28.5,4.0,1,0,6718,6977,5884
1704039,Bartonville village,2600,1763,72821,84443,1.1634,29.2,3.0,0,0,52,-9,-12
5349485,North Bend city,2924,2276,175109,201049,1.1633,19.0,3.2,0,0,51,54,-39
2743720,Montevideo city,2274,1345,68596,75866,1.1633,33.5,7.4,0,0,110,115,61
45083,Spartanburg County,131672,91238,66234,77035,1.1633,27.0,3.7,1,0,1527,3169,2564
26131,Ontonagon County,3149,1577,54398,63448,1.1633,47.0,2.9,1,0,54,57,38
19091,Humboldt County,4219,2727,71946,81614,1.1633,30.0,5.3,1,0,140,175,147
2913690,Chillicothe city,3390,2221,54493,63722,1.1633,30.6,3.9,1,0,178,255,202
0614974,Commerce city,3307,2075,77064,90441,1.1633,35.8,1.5,0,0,-26,51,104
0174592,Talladega city,5360,3611,44198,50812,1.1633,30.3,2.4,0,0,-15,209,211
3882660,Wahpeton city,3459,2017,62750,71166,1.1633,29.2,12.5,0,0,381,354,128
0830780,Glenwood Springs city,3896,2865,91481,105103,1.1632,23.1,3.4,0,0,-203,-218,-138
2559105,Salem city,20267,14252,85153,100541,1.1632,26.7,3.0,1,0,-837,-781,741
29109,Lawrence County,14602,9490,61215,71170,1.1632,30.3,4.7,1,0,554,600,477
01021,Chilton County,17875,11974,65603,75692,1.1631,27.8,5.2,1,0,310,494,529
37071,Gaston County,93576,65515,67478,78033,1.1631,26.5,3.5,1,0,732,2274,1200
4741340,Lawrenceburg city,5105,3228,42343,50386,1.1631,30.9,5.9,0,0,-106,155,222
4652980,Rapid City city,32368,20253,70870,82642,1.1631,31.7,5.7,1,0,813,1091,806
3912868,Celina city,4530,3044,62849,74755,1.1631,28.7,4.2,0,0,155,205,137
0616000,Concord city,46236,33269,108709,125575,1.163,25.7,2.4,1,0,-2301,-1350,928
4213880,Clarks Summit borough,2317,1375,92083,99682,1.163,39.1,1.6,0,0,136,151,136
27003,Anoka County,137432,99262,101869,118177,1.163,25.4,2.4,1,0,1225,849,958
13287,Turner County,3295,2005,36799,43545,1.1629,34.1,5.0,0,0,159,276,72
21117,Kenton County,67367,48294,80548,95029,1.1629,24.9,3.4,1,0,2195,1575,1123
3775060,Winterville town,4524,2978,83193,98891,1.1629,23.4,10.8,1,0,-51,78,-5
48125,Dickens County,727,409,49335,56912,1.1629,40.9,2.9,0,0,-1,10,11
3222500,Elko city,7608,5626,79036,90846,1.1628,17.5,8.6,1,0,334,345,265
3642554,Lindenhurst village,8452,6138,130128,151715,1.1628,26.8,0.6,1,0,14,87,90
3771680,Weddington town,4417,3451,190766,224018,1.1627,21.9,0.0,0,0,3,5,-11
24045,Wicomico County,40470,25930,76210,88595,1.1627,27.9,8.1,1,0,-347,479,1314
39169,Wayne County,44365,29099,73574,85900,1.1627,31.0,3.4,1,0,1828,1586,1406
2530840,Holyoke city,15618,10490,53605,64449,1.1627,29.4,3.4,0,0,-330,139,189
2928090,Grain Valley city,6119,4517,89649,107093,1.1627,20.6,5.6,1,0,212,194,162
0616462,Corte Madera town,4036,2741,232763,260153,1.1627,31.3,0.8,0,0,32,153,-75
5531525,Greenville village,4727,3547,117977,135923,1.1627,25.0,0.0,1,0,9,12,
3735600,Kernersville town,12630,8569,71918,83894,1.1626,26.7,5.4,1,0,552,679,550
48445,Terry County,4297,2856,44100,51117,1.1626,26.8,6.8,0,0,5,-27,75
72077,Juncos Municipio,14455,9960,29863,34721,1.1626,30.2,0.9,1,0,413,513,570
2060825,Roeland Park city,3363,2536,88774,102174,1.1626,21.5,3.1,0,0,97,67,23
4740350,Lakeland city,5313,3846,116250,136616,1.1626,27.0,0.6,1,0,-41,42,-70
4725760,Farragut town,9154,5894,142093,163043,1.1626,34.0,1.6,1,0,94,135,-44
1217100,Delray Beach city,29933,17163,82041,96207,1.1625,39.9,2.7,1,0,-743,-494,-137
18055,Greene County,13107,8441,62094,72151,1.1625,31.2,4.4,1,0,310,360,376
3436810,Keyport borough,3273,2065,82321,100051,1.1624,32.2,4.7,1,0,-70,26,59
4827348,Fredericksburg city,5125,2643,64534,77196,1.1624,46.8,1.6,0,0,-209,95,31
01007,Bibb County,7704,5249,52541,60799,1.1624,29.4,2.5,1,0,3,97,46
13211,Morgan County,8120,5268,78111,92738,1.1624,32.3,2.9,0,0,300,211,163
17115,Macon County,43468,27489,62666,72826,1.1623,33.0,3.8,1,0,1322,1674,1055
4819792,Del Rio city,12407,8584,66158,76025,1.1623,27.9,2.9,1,0,332,502,515
48403,Sabine County,4649,2470,66585,76688,1.1623,42.7,4.1,1,0,60,60,81
51115,Mathews County,3987,1967,75880,89518,1.1623,49.1,1.5,0,0,39,7,6
2747680,Oakdale city,11566,8021,93772,110136,1.1623,27.9,2.7,1,0,70,128,108
39015,Brown County,17138,11490,71270,81120,1.1623,31.1,1.8,1,0,457,461,413
0659920,Redding city,36847,23235,70466,82221,1.1623,32.7,4.3,1,0,264,524,488
4936070,Holladay city,11872,7985,117043,136745,1.1623,31.0,1.7,1,0,122,148,108
05005,Baxter County,19348,10155,48452,56504,1.1623,43.6,3.9,1,0,108,205,388
42055,Franklin County,63510,41652,77003,89878,1.1623,30.7,3.7,1,0,2036,2046,1922
4828068,Galveston city,25198,15591,55631,64482,1.1622,31.0,7.1,1,0,-1348,-1449,456
4845324,Mabank town,1864,1347,54889,65990,1.1622,21.5,6.3,0,0,49,139,
3972102,Shelby city,3633,2478,58351,67034,1.1622,28.9,2.9,0,0,315,356,134
46097,Miner County,932,589,76140,91338,1.1622,35.7,1.1,0,0,37,42,33
2108902,Bowling Green city,30633,19632,48873,56787,1.1622,19.1,16.9,1,0,-981,-91,1423
21023,Bracken County,3364,2235,66319,78392,1.1622,30.3,3.3,0,0,59,61,46
36033,Franklin County,19514,12818,65151,76616,1.1622,30.5,3.8,1,0,741,814,661
3654716,Olean city,6274,4339,51261,59437,1.1621,27.1,3.8,1,0,37,128,205
2700730,Albertville city,2983,2319,132734,155280,1.1621,16.0,6.2,0,0,-5,4,-5
1741105,Lake Forest city,6900,3768,235081,256073,1.1621,45.0,0.3,0,0,66,87,37
55053,Jackson County,8274,5258,68110,79011,1.162,33.1,3.3,1,0,274,322,219
01003,Baldwin County,98574,63851,78775,90869,1.162,33.3,1.9,1,0,1403,1512,1559
04019,Pima County,437827,264012,70315,81771,1.162,33.4,6.3,1,0,1690,6308,8545
0649278,Morgan Hill city,14865,11090,163920,199520,1.162,24.5,0.9,1,0,168,237,258
2808300,Brandon city,9269,6374,92783,105912,1.162,29.0,2.2,1,0,70,168,55
2581035,Woburn city,16432,11849,111185,131285,1.1619,24.9,3.0,1,0,-666,-329,624
36027,Dutchess County,116275,78719,99478,115620,1.1619,30.5,1.8,1,0,192,-69,147
55009,Brown County,110933,77048,79649,93339,1.1619,26.1,4.5,1,0,5751,4693,3589
4845120,Lumberton city,5619,3660,107623,127712,1.1619,32.7,2.2,1,0,-6,54,14
55125,Vilas County,11147,6110,68431,79050,1.1618,43.2,2.0,1,0,279,301,199
21227,Warren County,55643,37641,65794,76406,1.1618,21.5,10.8,1,0,1583,2359,2382
21019,Boyd County,19309,12315,61118,71077,1.1618,32.7,3.5,1,0,560,632,606
2708452,Buffalo city,6329,4557,88820,102970,1.1618,24.3,3.7,1,0,125,161,69
09190,Western Connecticut Planning Region,235379,164872,128188,149570,1.1617,28.4,1.6,1,0,-2105,2422,1686
0630000,Glendale city,72573,51734,88393,102878,1.1617,27.0,1.7,1,0,-4684,-5350,2331
31055,Douglas County,238430,171629,80391,94004,1.1617,22.6,5.4,1,0,5380,4674,4069
32510,Carson City,23692,14912,72355,82912,1.1617,33.7,3.4,1,0,9,210,495
4200820,Aliquippa city,4513,2821,50188,58347,1.1616,33.1,4.4,1,0,40,97,73
01079,Lawrence County,13627,8808,66071,76765,1.1616,31.1,4.3,1,0,357,338,241
05033,Crawford County,23357,15578,64132,75106,1.1615,29.8,3.5,1,0,811,1053,1064
48249,Jim Wells County,13279,9098,51896,60047,1.1615,28.3,3.2,0,0,-220,-26,167
50023,Washington County,25855,17295,83449,98008,1.1615,31.5,1.6,1,0,404,376,319
4130550,Grants Pass city,16552,10321,59646,69346,1.1615,33.2,4.4,1,0,-207,22,98
34017,Hudson County,299682,234050,91795,108151,1.1614,18.7,3.2,1,0,1432,2527,8207
18041,Fayette County,9422,5983,59321,69009,1.1614,33.2,3.3,1,0,366,396,269
1861236,Portland city,2580,1876,51513,61250,1.1614,23.6,3.6,0,0,68,115,99
1742184,LaSalle city,4183,2698,57732,66456,1.1614,29.4,6.1,1,0,103,249,70
2669035,Rochester Hills city,29486,20245,120694,140270,1.1614,29.6,1.7,1,0,358,404,453
36063,Niagara County,91884,60821,69633,81025,1.1614,31.0,2.8,1,0,2490,2700,1572
46109,Roberts County,3625,2232,65130,77023,1.1613,36.7,1.7,1,0,184,173,93
19121,Madison County,6696,4478,90855,102584,1.1612,29.6,3.5,1,0,182,168,85
1652120,Meridian city,48038,34752,100795,117654,1.1612,23.5,4.1,1,0,232,-4,71
48343,Morris County,4895,2990,58645,67473,1.1612,36.0,3.0,0,0,42,89,241
4809640,Bowie city,2365,1556,57488,66016,1.1612,27.9,6.3,0,0,43,11,-21
53025,Grant County,35398,23881,73267,84799,1.1611,26.7,5.8,1,0,1075,1559,1480
4018850,Cushing city,3124,2048,44136,51364,1.1611,29.4,5.0,0,0,144,198,112
3444520,Matawan borough,3895,2971,123354,136776,1.161,22.7,1.0,1,0,163,207,203
13185,Lowndes County,46106,30341,58541,68305,1.161,22.6,11.6,1,0,-411,907,1935
3426340,Glassboro borough,7651,5074,87278,99715,1.161,26.0,7.7,1,0,-93,32,-69
20123,Mitchell County,2680,1675,64246,73904,1.161,28.0,9.5,0,0,143,129,83
23019,Penobscot County,65221,43321,66356,77058,1.161,29.7,3.8,1,0,1374,1833,1235
1768081,Schiller Park village,4353,3280,69696,85768,1.161,22.9,1.7,0,0,162,53,35
0168736,Scottsboro city,6482,3943,53929,62746,1.161,36.9,2.3,0,0,121,228,266
48079,Cochran County,922,620,45313,52500,1.1609,29.1,3.7,0,0,54,57,29
06045,Mendocino County,34842,20284,68092,79661,1.1609,40.1,1.7,1,0,-106,340,389
12127,Volusia County,241881,145058,70044,81849,1.1609,37.4,2.6,1,0,-4304,-1384,1754
0668224,San Marino city,3910,2396,214167,241848,1.1609,38.1,0.6,0,0,-108,-12,-56
48059,Callahan County,5239,3204,72436,84986,1.1609,37.1,1.7,0,0,81,68,55
2556000,Randolph Town city,12747,8799,109573,125038,1.1609,29.0,2.0,1,0,-510,-169,-34
4759560,Pleasant View city,1910,1402,109213,128077,1.1608,25.9,0.7,0,0,-5,-4,-5
54077,Preston County,12809,7928,61880,72014,1.1608,34.8,3.3,1,0,203,309,184
5322045,Enumclaw city,5135,3494,121250,139181,1.1608,31.2,0.8,1,0,54,93,103
2670940,St. Johns city,3263,2121,68728,77040,1.1608,32.9,2.1,0,0,131,138,68
0602896,Artesia city,4513,3259,101004,117392,1.1607,26.2,1.6,0,0,-207,-153,239
2642160,Kalamazoo city,29523,18257,52272,60755,1.1607,17.7,20.5,1,0,-798,-224,593
53001,Adams County,6288,4411,66136,76931,1.1607,24.1,5.7,1,0,184,280,285
40101,Muskogee County,25739,16823,53619,62025,1.1606,30.2,4.5,1,0,645,1137,1157
5581325,Two Rivers city,5036,3087,57222,66515,1.1606,34.1,4.6,1,0,253,319,139
3961028,Parma Heights city,9240,6133,61009,70794,1.1606,30.5,3.1,1,0,130,442,234
17043,DuPage County,350758,246134,112096,130186,1.1606,27.5,2.3,1,0,3086,3223,2518
0630378,Goleta city,12348,8399,122370,142054,1.1606,25.6,6.3,1,0,-211,-23,286
2432500,Glenarden city,2255,1451,106414,121938,1.1606,35.2,0.5,1,0,65,24,23
19089,Howard County,3773,2468,67446,79945,1.1606,29.6,5.0,1,0,119,170,130
12063,Jackson County,17276,10440,49149,57096,1.1605,36.4,3.2,1,0,280,393,309
08123,Weld County,124287,92042,97097,112382,1.1605,22.2,3.7,1,0,242,264,231
08057,Jackson County,658,389,47667,53750,1.1605,40.9,0.0,0,0,7,-1,4
0669088,Santa Clarita city,75808,57313,123062,143162,1.1605,23.0,1.4,1,0,-3003,-895,1061
4061150,Purcell city,2548,1548,63457,74297,1.1605,34.3,5.0,1,0,164,143,29
35025,Lea County,24670,18148,68015,77771,1.1605,21.0,5.5,1,0,210,477,504
3774440,Wilmington city,56612,36138,66738,77838,1.1605,26.2,10.0,1,0,-2513,-1061,654
48387,Red River County,4978,2990,48491,55747,1.1605,37.3,2.6,1,0,-80,11,22
41033,Josephine County,36715,21126,60098,69718,1.1604,39.8,2.7,1,0,-143,143,226
27131,Rice County,23493,15727,83181,96210,1.1604,29.8,3.3,1,0,457,296,252
34021,Mercer County,144114,101300,100645,116904,1.1603,27.5,2.2,1,0,1063,801,1747
3925256,Elyria city,22899,15283,54945,63692,1.1603,28.6,4.6,1,0,361,685,631
4035400,Holdenville city,1373,825,46250,52443,1.1603,36.6,3.4,0,0,48,76,74
21015,Boone County,50963,36778,99414,115377,1.1603,25.2,2.6,1,0,1273,875,1016
55093,Pierce County,15867,10841,92109,108513,1.1603,26.9,4.8,1,0,410,293,175
3718320,Dunn city,3753,2308,46830,54798,1.1603,36.2,2.3,1,0,102,147,131
21095,Harlan County,10731,6936,41693,48080,1.1603,30.7,4.7,0,0,97,154,250
25011,Franklin County,31570,19407,74907,86928,1.1602,35.9,2.6,1,0,323,402,212
2954074,O'Fallon city,35471,26420,110443,131379,1.1602,23.6,2.0,1,0,404,435,396
3651000,New York city,3334088,2380246,80483,93847,1.1602,26.0,2.6,1,0,-45771,-25297,118879
1766703,St. Charles city,13161,9230,114300,130781,1.1601,26.8,3.1,1,0,-208,-97,-187
4841116,La Marque city,7396,5122,71102,82936,1.1601,25.4,5.3,0,0,-246,-115,127
3751940,Pinehurst village,8480,3986,109802,125358,1.1601,52.4,0.6,0,0,-52,24,-67
39045,Fairfield County,60357,42344,90966,105895,1.1601,26.6,3.2,1,0,1265,1097,885
2241155,Lake Charles city,32077,20623,59235,68849,1.1601,28.6,7.1,1,0,-448,256,433
0883835,Westminster city,48106,34641,100272,116338,1.16,23.7,4.3,1,0,-100,-434,128
0500970,Alma city,1896,1395,68562,79324,1.16,24.3,2.1,0,0,133,327,302
1959475,Orange City city,2215,1277,82122,99002,1.16,29.0,13.3,0,0,97,64,46
48131,Duval County,3053,2049,49038,56304,1.16,32.9,0.0,0,0,97,142,107
0631393,Grover Beach city,4945,3379,86458,101061,1.16,28.3,3.4,1,0,-422,-262,216
1942015,Knoxville city,3173,1795,61599,74255,1.16,34.1,9.3,0,0,134,151,78
56029,Park County,13330,7957,73035,84934,1.16,38.4,1.9,1,0,356,425,311
0832155,Greeley city,39551,27434,69881,80930,1.1599,24.3,6.3,1,0,-1601,-888,195
20147,Phillips County,2273,1308,62123,72473,1.1599,34.7,7.7,0,0,95,82,47
27051,Grant County,2490,1507,73917,86062,1.1598,36.5,2.9,1,0,51,35,19
06083,Santa Barbara County,149608,95975,98161,114017,1.1598,29.4,6.4,1,0,-3528,-3892,3305
13301,Warren County,2097,1305,44289,51581,1.1598,37.6,0.2,0,0,6,14,31
3424990,Franklin Lakes borough,3801,2370,235795,266404,1.1598,37.6,0.0,0,0,63,79,-27
1271900,Titusville city,19567,11785,66192,77611,1.1598,36.4,3.3,1,0,-302,83,343
4219784,Doylestown borough,4211,2662,99322,114444,1.1598,35.5,1.3,1,0,-181,-29,68
3479610,West New York town,20453,16024,71729,83389,1.1598,19.2,2.4,1,0,-1257,-855,511
21111,Jefferson County,331554,227615,69866,81162,1.1597,27.0,4.3,1,0,6043,10533,9270
18057,Hamilton County,137252,103870,121530,140843,1.1597,21.6,2.7,1,0,1519,2225,1744
2859160,Pontotoc city,2086,1299,46167,54893,1.1597,32.2,5.6,0,0,45,54,122
38063,Nelson County,1338,791,67193,81178,1.1597,37.5,3.4,0,0,59,45,20
0657526,Placentia city,17182,12194,115929,133821,1.1596,26.9,2.1,1,0,-765,-394,525
0477000,Tucson city,228020,145903,57073,66529,1.1596,26.2,9.8,1,0,-3312,-189,6119
3658728,Pleasantville village,2714,1795,136406,162633,1.1596,30.9,3.0,0,0,-117,-33,-56
4219752,Downingtown borough,3526,2626,96228,105387,1.1596,21.6,3.9,0,0,163,176,99
21049,Clark County,15055,9915,64348,76658,1.1594,29.7,4.5,1,0,354,587,373
16021,Boundary County,5046,2945,67237,78289,1.1594,39.7,2.0,1,0,176,226,175
1966135,Red Oak city,2441,1554,50109,58175,1.1594,29.6,6.7,0,0,48,33,44
37169,Stokes County,19546,12422,62969,73389,1.1594,34.0,2.4,1,0,504,521,375
42117,Tioga County,16687,10292,64899,74865,1.1593,35.5,2.8,1,0,293,413,383
3451930,Newton town,3448,2383,76221,91162,1.1593,30.0,0.8,0,0,-157,-47,73
1854180,Noblesville city,27115,20385,104047,121113,1.1593,21.2,3.6,1,0,605,431,530
22025,Catahoula Parish,3201,2024,50275,58588,1.1593,31.6,5.2,0,0,-94,-19,32
26055,Grand Traverse County,40287,26063,81647,95619,1.1593,32.8,2.5,1,0,297,532,477
29093,Iron County,3861,2525,48850,57077,1.1592,31.6,3.0,0,0,49,67,92
24005,Baltimore County,332801,227239,91768,107246,1.1592,29.1,2.6,1,0,-3199,1223,3276
13049,Charlton County,4215,3004,61276,70556,1.1592,27.9,0.8,0,0,82,105,118
1614680,Chubbuck city,5682,4089,82977,92102,1.1592,25.0,3.0,0,0,199,152,148
0609892,Calistoga city,2006,1106,85446,102959,1.1592,42.1,2.7,0,0,-2,121,127
49027,Millard County,4357,2883,73639,85200,1.1591,31.5,2.3,1,0,156,134,62
47185,White County,11226,7347,52188,63547,1.1591,32.6,1.9,1,0,400,490,271
39099,Mahoning County,98065,61992,56942,66535,1.1591,33.4,3.4,1,0,2286,2777,2254
2529405,Haverhill city,26545,19740,88326,102375,1.1591,23.4,2.2,1,0,-1177,-597,556
13221,Oglethorpe County,5411,3606,75034,87019,1.1591,32.4,1.0,1,0,133,117,83
01083,Limestone County,40953,29457,83629,95689,1.1591,26.3,1.8,1,0,944,606,407
3655530,Ossining village,9219,6903,103573,118974,1.1591,23.9,1.2,1,0,-445,-570,189
3884780,West Fargo city,15841,11106,90665,106658,1.1591,20.8,9.1,1,0,796,446,279
48427,Starr County,19157,13493,37639,43819,1.1591,25.7,3.9,1,0,-177,56,426
45065,McCormick County,4199,1816,55798,65357,1.1591,56.2,0.5,0,0,16,-6,11
39077,Huron County,23490,15701,67878,79005,1.1591,29.9,3.2,1,0,650,867,821
13195,Madison County,11242,7667,61963,73779,1.1591,30.8,1.0,0,0,209,228,228
72025,Caguas Municipio,51048,31866,31379,36349,1.1591,36.0,1.6,1,0,128,27,15
05045,Faulkner County,49309,33764,67289,77400,1.1591,21.4,10.2,1,0,1889,2325,1803
4880560,Yoakum city,2321,1387,46810,56103,1.159,26.3,14.0,0,0,-29,68,212
06101,Sutter County,33292,23199,79704,92272,1.1589,26.5,3.8,1,0,-90,-78,141
2675700,Springfield city,2246,1760,44808,51878,1.1589,18.1,3.6,0,0,104,48,163
2923086,Excelsior Springs city,3814,2824,72609,82783,1.1589,22.4,3.6,1,0,125,117,63
2978442,Wentzville city,16294,12224,112394,129256,1.1589,23.4,1.6,1,0,105,19,95
3965732,Reading city,5158,3656,61866,74348,1.1589,27.3,1.9,1,0,364,368,66
39113,Montgomery County,231319,153333,66139,77409,1.1589,29.3,4.4,1,0,5902,10054,6824
46099,Minnehaha County,84814,60382,76880,89245,1.1589,22.1,6.7,1,0,4605,3418,1224
39041,Delaware County,82287,60454,133540,155463,1.1588,24.2,2.3,1,0,1039,1551,943
20067,Grant County,2379,1756,66476,82460,1.1588,25.6,0.5,0,0,238,131,95
0471510,Surprise city,56506,35470,96711,111968,1.1587,35.0,2.2,1,0,-744,-693,-687
04025,Yavapai County,111157,55707,69613,81331,1.1587,47.5,2.4,1,0,35,680,1183
2881520,Yazoo City city,4000,2690,28157,32867,1.1587,27.1,5.7,1,0,-43,-262,76
0633308,Hercules city,9355,6362,129397,149128,1.1586,30.7,1.3,1,0,-129,-130,-16
4845072,Lufkin city,12912,8613,57048,65757,1.1585,25.4,7.9,1,0,-99,175,606
4541335,Lexington town,9778,6996,87126,104195,1.1585,26.6,1.9,1,0,36,319,158
28019,Choctaw County,3464,1942,50919,59521,1.1585,38.0,5.9,0,0,88,110,116
0141968,Leeds city,4561,3069,69737,81641,1.1584,29.2,3.5,0,0,164,192,119
39071,Highland County,16938,10939,65785,75395,1.1584,31.7,3.7,1,0,882,802,526
1714117,Chillicothe city,2892,1887,66132,79463,1.1584,32.4,2.3,0,0,61,108,66
0612524,Ceres city,13943,10275,79025,91824,1.1584,24.0,2.3,1,0,-300,-351,-272
19085,Harrison County,6089,4138,79535,92404,1.1584,28.4,3.6,1,0,228,204,103
2100802,Alexandria city,3732,2522,102239,122923,1.1584,29.5,2.9,1,0,50,8,34
0619192,Diamond Bar city,18005,11797,108281,125592,1.1583,33.0,1.5,1,0,-772,-658,147
3408920,Burlington city,3756,2661,84813,95218,1.1582,25.3,3.8,1,0,-173,-74,13
29189,St. Louis County,413849,276108,82936,96791,1.1582,29.8,3.5,1,0,9599,8485,5975
47129,Morgan County,7188,4487,65954,76254,1.1582,34.7,2.9,1,0,195,159,130
0653322,Oceanside city,61947,42651,97737,114023,1.1582,28.0,3.2,1,0,-2962,-3139,1879
4138000,Junction City city,2922,1919,85595,103009,1.1582,24.7,9.6,0,0,198,245,268
1720162,Dixon city,5758,3780,59406,68366,1.1582,31.3,3.1,1,0,147,223,252
3419840,Eatontown borough,5719,3711,90463,97999,1.1582,33.8,1.3,1,0,-21,34,52
1378324,Union City city,11088,8355,49549,56981,1.1581,19.7,5.0,0,0,-692,-934,3
5633740,Green River city,4737,3367,84747,99329,1.1581,25.2,3.8,1,0,178,123,110
51007,Amelia County,5417,3232,76717,88511,1.1581,35.6,4.7,1,0,171,221,49
1251650,Opa-locka city,5548,4032,37532,43465,1.1581,25.4,1.9,0,0,260,-194,-11
18095,Madison County,53429,35066,63037,73528,1.158,30.5,3.9,1,0,1629,2046,1970
3436690,Kenilworth borough,2842,2081,118611,138958,1.158,26.8,0.0,0,0,-27,27,20
5568275,River Falls city,5754,3884,83627,94040,1.158,22.3,10.1,1,0,227,195,141
1772520,Steger village,4054,2535,66575,74793,1.1579,31.0,6.5,1,0,-24,-17,57
3679444,Westbury village,5282,3578,145185,170935,1.1579,30.5,1.7,1,0,105,157,132
21089,Greenup County,14739,9092,60751,70772,1.1578,35.8,2.5,1,0,476,468,381
2360545,Portland city,32965,23789,79540,91981,1.1578,23.1,4.8,1,0,-781,-291,155
20173,Sedgwick County,206768,140742,69365,80395,1.1578,26.1,5.9,1,0,7755,9410,6620
26117,Montcalm County,24511,16112,67344,78189,1.1578,30.1,4.1,1,0,403,531,545
1311784,Buford city,5356,3965,69471,79672,1.1578,23.1,2.9,0,0,-17,85,-54
31047,Dawson County,9145,6176,69880,82563,1.1578,27.4,5.1,1,0,674,646,422
47031,Coffee County,23097,15549,61505,70803,1.1578,29.3,3.3,1,0,1082,1057,1002
5312630,Clarkston city,2801,1926,54152,64733,1.1577,28.3,2.9,0,0,38,25,130
37155,Robeson County,43134,29323,41978,49116,1.1577,27.9,4.1,1,0,-412,153,1536
30031,Gallatin County,51215,35345,93528,110081,1.1577,20.1,10.9,1,0,-211,-93,485
36017,Chenango County,19890,12337,62948,73856,1.1577,34.0,4.0,1,0,574,681,553
1804204,Beech Grove city,6798,4764,49973,57832,1.1576,25.7,4.2,0,0,-619,-141,116
4169600,Springfield city,25210,17603,68761,77495,1.1576,24.3,5.9,1,0,127,816,1118
3985512,Willoughby Hills city,5084,3232,67214,75059,1.1576,26.4,10.0,0,0,294,326,266
4750280,Morristown city,12282,8069,47917,54579,1.1576,30.0,4.3,1,0,-161,105,736
31121,Merrick County,3205,2061,68354,80518,1.1576,31.7,4.0,1,0,158,78,-1
36085,Richmond County,170777,120485,98333,113785,1.1576,28.3,1.1,1,0,-2665,-1935,3905
1743939,Lisle village,10050,7152,107479,132127,1.1575,22.8,6.0,1,0,338,279,248
10001,Kent County,71424,47673,74477,86275,1.1575,29.9,3.3,1,0,-562,150,844
04021,Pinal County,161917,100646,80266,93806,1.1575,36.0,1.8,1,0,881,203,201
51087,Henrico County,137365,97443,88783,103177,1.1575,26.5,2.5,1,0,-978,1297,1415
42041,Cumberland County,106427,71347,87494,102835,1.1575,30.0,3.0,1,0,2210,2025,1672
2537490,Lynn city,36414,26663,75043,86872,1.1575,23.6,3.2,1,0,-1349,-1756,1126
17177,Stephenson County,19358,11644,64043,75204,1.1575,34.2,5.7,1,0,807,918,662
19113,Linn County,95600,66039,77649,90300,1.1574,25.8,5.1,1,0,3064,2376,1636
0609598,Calabasas city,8848,6044,165288,188914,1.1574,26.0,5.7,0,0,-195,-95,-179
05021,Clay County,6021,3739,51481,59839,1.1574,34.6,3.3,1,0,127,127,177
48375,Potter County,42581,28994,53249,62687,1.1574,25.0,6.9,1,0,-160,1239,1506
40123,Pontotoc County,15134,10069,63017,73532,1.1574,27.4,6.1,1,0,629,766,745
21175,Morgan County,4882,3223,47913,56165,1.1574,31.6,2.4,1,0,123,121,144
1861092,Portage city,14938,10632,76276,89148,1.1573,26.0,2.8,1,0,157,296,370
2743306,Minnetrista city,2947,2250,163051,189474,1.1572,23.7,0.0,0,0,5,0,9
46003,Aurora County,1064,691,72885,82668,1.1572,30.3,4.8,1,0,78,80,51
0639892,Lakewood city,26230,19247,119177,136606,1.1572,25.3,1.3,1,0,-820,-271,759
2919270,Des Peres city,3195,2094,224327,253156,1.1572,34.5,0.0,0,0,26,28,2
13267,Tattnall County,7630,5139,50747,58406,1.1571,27.5,5.2,1,0,235,227,255
40137,Stephens County,17567,11085,61620,71611,1.1571,32.8,4.1,1,0,370,532,586
37165,Scotland County,12580,8005,45730,52924,1.157,32.4,3.9,1,0,50,302,489
0437620,Kingman city,15206,9148,61792,72418,1.157,35.8,4.0,1,0,599,762,676
34023,Middlesex County,307782,221866,111549,129652,1.157,26.0,1.9,1,0,-1591,3002,7107
3921434,Delaware city,16728,12075,99786,115297,1.1569,23.7,4.2,1,0,493,341,377
0639248,Laguna Niguel city,25670,16606,140452,162091,1.1569,33.4,1.9,1,0,-506,79,274
5337270,Lake Forest Park city,5256,3659,159904,183659,1.1569,28.7,1.6,1,0,69,81,47
1823278,Fishers city,37305,29270,130203,149363,1.1568,19.4,2.1,1,0,479,791,449
53003,Asotin County,9490,5511,72283,84331,1.1568,38.5,3.4,1,0,178,269,226
19027,Carroll County,8801,5656,72930,82568,1.1568,30.8,4.9,1,0,347,272,105
19019,Buchanan County,8252,5457,78236,89890,1.1568,30.6,3.3,1,0,225,196,162
2707300,Brainerd city,6348,3914,56111,64733,1.1567,27.4,10.9,1,0,320,334,266
0168352,Satsuma city,2512,1667,101042,116967,1.1567,33.0,0.6,0,0,65,28,73
1248625,New Smyrna Beach city,16041,8993,83865,98224,1.1567,42.2,1.7,0,0,-374,166,197
31127,Nemaha County,2847,1851,60924,71088,1.1567,31.6,3.4,1,0,114,145,160
45019,Charleston County,178975,124213,88494,102276,1.1567,26.6,4.0,1,0,-1595,144,-239
0415500,Coolidge city,5359,3777,67023,80426,1.1567,26.4,3.1,0,0,72,28,71
4967000,Salt Lake City city,92652,65359,75090,86846,1.1566,19.2,10.2,1,0,557,738,1120
01055,Etowah County,39411,25342,54563,63435,1.1566,32.9,2.8,1,0,670,1171,1147
26129,Ogemaw County,9370,5468,54666,62666,1.1566,38.9,2.7,1,0,136,143,140
2682960,Walker city,10595,7213,76360,89446,1.1566,25.9,6.0,1,0,644,649,447
4708280,Brentwood city,14855,10663,182088,213290,1.1566,27.9,0.3,0,0,25,44,-11
0657288,Pinole city,6588,4280,127717,146498,1.1566,34.5,0.5,1,0,-149,-19,24
1371492,Smyrna city,24809,19530,100061,115760,1.1565,15.2,6.0,1,0,-267,55,107
4241440,Lansdowne borough,4856,3348,73232,81710,1.1565,29.4,1.7,0,0,108,223,31
3137000,Omaha city,201698,143192,73201,84974,1.1565,23.0,6.0,1,0,4257,5170,3713
0133856,Headland city,1907,1321,79063,94922,1.1565,28.1,2.7,0,0,138,61,119
3949434,Miamisburg city,7656,5197,82900,96220,1.1565,30.4,1.7,1,0,333,216,198
5558800,Oak Creek city,15728,11688,96555,111589,1.1564,21.9,3.8,1,0,1098,795,895
4161200,Redmond city,13907,9599,84164,94958,1.1564,26.3,4.6,1,0,-294,-87,100
39171,Williams County,15476,10163,61048,71239,1.1564,30.6,3.7,1,0,613,594,412
2754808,Robbinsdale city,6307,4446,88252,105825,1.1564,27.1,2.4,1,0,-255,-157,7
19105,Jones County,8198,5197,73531,84858,1.1563,31.8,4.9,1,0,246,154,62
45023,Chester County,13159,8456,52458,62138,1.1563,32.9,2.9,1,0,156,384,401
45075,Orangeburg County,33077,20660,45675,52682,1.1563,35.1,2.4,1,0,28,391,955
1875428,Terre Haute city,23220,14095,43126,49635,1.1563,27.3,12.0,1,0,-1446,-818,756
0661068,Riverbank city,7693,5865,87966,103591,1.1563,22.5,1.3,0,0,-27,-21,-20
5183680,Waynesboro city,9841,6723,59994,69365,1.1562,27.0,4.7,0,0,230,343,346
51820,Waynesboro city,9841,6723,59994,69365,1.1562,27.0,4.7,0,0,230,343,346
47009,Blount County,55522,36356,77365,90372,1.1562,32.2,2.3,1,0,1863,1587,1120
1722164,East Peoria city,9975,6725,71833,83458,1.1561,29.7,2.9,1,0,167,198,104
2170284,Shively city,6786,4036,50221,58102,1.156,38.5,2.0,1,0,-114,93,128
48337,Montague County,8538,5440,64545,74200,1.156,33.5,2.7,1,0,142,93,80
3453040,North Haledon borough,3043,1990,125313,145238,1.1559,34.2,0.4,0,0,-17,-10,-13
3901420,Alliance city,8163,5533,56106,64763,1.1559,28.3,3.9,1,0,268,539,552
4600100,Aberdeen city,12469,8266,64405,74268,1.1559,25.2,8.5,1,0,720,693,220
12057,Hillsborough County,583192,425735,79540,92083,1.1559,22.9,4.1,1,0,-14233,-10266,-4510
2715022,Dayton city,3277,2609,148947,169737,1.1557,19.1,1.3,1,0,26,30,23
2702026,Arden Hills city,2856,1834,134118,160412,1.1557,34.9,0.8,1,0,24,45,22
1300576,Adel city,2139,1490,43618,50769,1.1557,25.3,5.0,0,0,-210,28,5
4419180,Cranston city,32595,23037,90206,104224,1.1557,27.2,2.2,1,0,311,536,421
1312400,Cairo city,3530,2352,40920,47531,1.1557,30.6,2.8,0,0,-4,-122,179
4570405,Sumter city,16081,10250,55592,64651,1.1557,28.4,7.8,1,0,-77,15,401
1215968,Cutler Bay town,14469,10681,89244,103294,1.1557,25.7,0.5,1,0,-440,-580,-329
12086,Miami-Dade County,975411,703826,71753,83131,1.1557,25.7,2.1,1,0,-39736,-40142,-9931
3918350,Conneaut city,4673,3179,61741,71391,1.1556,28.9,3.1,1,0,150,119,75
3929932,Germantown city,2300,1572,90125,106554,1.1556,30.6,1.1,0,0,69,33,39
4848648,Mineola city,2078,951,53000,59765,1.1556,51.4,2.8,0,0,22,33,
45031,Darlington County,25561,16589,48581,56568,1.1556,32.5,2.6,1,0,-290,374,740
2501185,Amesbury city,7586,5597,103554,120429,1.1556,25.2,1.0,1,0,-152,-104,
5564100,Portage city,4132,2800,64722,76537,1.1556,25.2,7.0,1,0,264,281,119
3563460,Rio Rancho city,40323,27651,89596,102704,1.1555,29.2,2.2,1,0,184,309,331
40103,Noble County,4147,2429,66365,79834,1.1555,37.2,4.2,1,0,135,148,97
1376756,Toccoa city,3592,2226,48438,56628,1.1555,30.3,7.7,0,0,-38,59,147
2669420,Romulus city,9452,6387,69151,80122,1.1555,29.3,3.1,1,0,222,255,147
4023200,Edmond city,37491,25738,103183,120170,1.1555,25.9,5.4,1,0,396,316,322
5583975,Watertown city,9182,5863,70107,79528,1.1555,32.0,4.2,1,0,499,644,253
0625338,Foster City city,12998,9644,199143,230629,1.1554,24.1,1.7,0,0,-439,241,-252
1719642,Des Plaines city,22537,15103,97875,113545,1.1554,32.0,1.0,1,0,265,169,124
1982335,Washington city,3163,1937,55373,66714,1.1554,33.6,5.2,0,0,25,142,64
41065,Wasco County,10563,6412,64175,74062,1.1553,35.7,3.6,1,0,144,220,116
26011,Arenac County,6552,3732,58811,67660,1.1553,40.2,2.9,1,0,131,143,95
2684940,Wayne city,7193,5062,59038,67694,1.1553,27.4,2.2,1,0,44,103,170
51049,Cumberland County,4010,2588,55325,64913,1.1553,34.4,1.1,0,0,188,187,138
1978060,Tiffin city,2406,1700,100952,117843,1.1552,15.2,14.2,0,0,41,42,44
27089,Marshall County,3781,2465,72543,83578,1.1552,32.3,2.5,1,0,76,68,39
4202184,Altoona city,18777,12951,51250,59624,1.1552,28.2,2.9,1,0,367,584,341
1310944,Brookhaven city,24271,19261,117663,134779,1.1552,15.2,5.4,1,0,-94,439,-88
1726935,Forest Park village,7085,4977,77221,89793,1.1551,27.3,2.4,1,0,214,125,55
31059,Fillmore County,2357,1493,76295,88714,1.1551,35.0,1.6,1,0,95,96,66
2208150,Bogalusa city,4234,2513,30749,35830,1.155,31.2,9.5,0,0,-111,-122,79
4278168,Tyrone borough,2328,1566,57226,68222,1.155,31.1,1.6,0,0,67,88,101
12083,Marion County,164881,89974,61010,70561,1.155,43.3,2.1,1,0,-1011,-528,1457
37125,Moore County,44013,27644,86080,97835,1.155,35.1,2.1,1,0,488,372,307
17063,Grundy County,20595,14818,92235,107153,1.1549,25.0,3.1,1,0,683,567,407
22005,Ascension Parish,47656,35570,91549,107129,1.1549,22.0,3.3,1,0,706,644,730
5631855,Gillette city,12689,9333,81316,96849,1.1548,20.2,6.2,1,0,443,262,184
1975630,Storm Lake city,3975,2805,62765,70591,1.1548,19.7,9.7,0,0,423,390,125
19059,Dickinson County,8845,5129,75432,87429,1.1548,36.3,5.7,1,0,319,259,122
1757394,Palos Hills city,7644,5031,83533,93939,1.1548,31.4,2.8,1,0,-83,-1,101
29085,Hickory County,3601,1843,39390,45363,1.1547,47.9,0.9,0,0,-6,-24,35
45049,Hampton County,7225,4789,44711,51430,1.1547,32.7,1.0,1,0,9,5,183
0616322,Corning city,2623,1982,56627,65172,1.1547,22.3,2.1,1,0,-32,-45,4
2117848,Covington city,18265,13432,61166,70882,1.1547,22.1,4.4,1,0,308,551,428
2928324,Grandview city,11566,8253,53447,61318,1.1547,22.8,5.8,0,0,-410,365,183
1248750,Niceville city,6155,4297,102409,116819,1.1547,26.9,3.3,1,0,-108,-89,-103
3644831,Mamaroneck village,7276,5569,120000,141031,1.1547,22.8,0.6,0,0,41,90,90
29091,Howell County,15965,10075,50993,59520,1.1546,32.5,4.4,1,0,201,517,696
31053,Dodge County,15168,9708,74329,86247,1.1546,30.2,5.8,1,0,734,857,712
4202832,Archbald borough,3107,2259,71936,84424,1.1545,26.2,1.1,0,0,141,123,88
3643082,Lockport city,9197,6424,62410,73036,1.1545,25.5,4.6,1,0,503,513,221
0608058,Brawley city,7881,6039,59311,68302,1.1545,21.5,1.9,1,0,49,184,298
3710620,Carrboro town,9474,6906,85743,94812,1.1545,12.7,14.5,1,0,-146,26,74
44007,Providence County,259210,184641,78787,90908,1.1544,25.8,3.0,1,0,1423,2692,3483
4513330,Charleston city,68027,47491,92414,107456,1.1544,24.2,6.0,1,0,-1155,-411,-290
18129,Posey County,10533,6920,78129,93340,1.1544,30.6,3.7,1,0,297,157,161
18013,Brown County,6781,3961,78528,90407,1.1544,39.7,1.9,1,0,80,36,21
4953230,Murray city,20490,13882,90746,104953,1.1544,27.6,4.6,1,0,432,548,203
0609066,Burlingame city,12266,9260,174000,195684,1.1544,22.6,1.9,1,0,394,343,468
13083,Dade County,6083,3808,64568,75823,1.1543,35.6,1.8,0,0,116,119,78
1269700,Sunrise city,35979,24882,77652,89668,1.1543,29.8,1.0,1,0,-967,-1675,-946
48349,Navarro County,19044,12842,63111,74589,1.1543,29.5,3.0,1,0,138,527,640
4950700,Moab city,2452,1607,61667,70664,1.1543,28.8,5.7,0,0,-14,39,67
2771428,Woodbury city,29312,21800,125310,144801,1.1543,22.1,3.6,1,0,172,419,247
5356695,Puyallup city,16570,11683,97826,113477,1.1542,24.9,4.6,1,0,81,122,229
5349415,Normandy Park city,2541,1674,162476,193593,1.1542,34.1,0.0,1,0,26,45,13
4861892,Richmond city,4756,3467,50337,58548,1.1542,24.3,2.8,0,0,-446,-296,-403
4649600,Pierre city,5864,4021,77672,89259,1.1542,28.4,3.1,1,0,217,263,167
40065,Jackson County,9775,6472,62799,72545,1.1541,26.8,7.0,1,0,741,732,574
4746380,Maryville city,12207,8173,81963,97091,1.1541,29.4,3.7,1,0,579,394,310
1312456,Calhoun city,6633,4761,58750,68685,1.1541,25.7,2.5,0,0,-81,50,234
46081,Lawrence County,12054,7185,73384,83426,1.154,35.0,5.4,1,0,503,709,589
40039,Custer County,11044,6894,59738,68934,1.154,21.9,15.7,1,0,543,628,612
53061,Snohomish County,316212,236141,111246,129165,1.154,22.9,2.4,1,0,-4422,-1430,3374
22121,West Baton Rouge Parish,10974,8033,87299,99303,1.154,25.3,1.5,1,0,467,430,451
01073,Jefferson County,269883,184130,66388,77292,1.154,27.0,4.8,1,0,-3521,2703,5396
31185,York County,5712,3611,77757,88126,1.154,32.2,4.6,1,0,262,206,139
3468460,Somerville borough,5980,4430,103760,121611,1.154,21.9,4.1,0,0,258,66,218
2713456,Cottage Grove city,14395,10614,120791,140737,1.154,24.6,1.7,1,0,41,89,76
5302585,Arlington city,7695,5565,88231,103957,1.154,23.9,3.8,1,0,-106,-106,57
2772022,Wyoming city,2899,2038,107565,122145,1.1539,27.0,2.7,1,0,17,31,34
22093,St. James Parish,7543,5155,65531,77964,1.1539,29.4,2.3,1,0,33,54,24
4006400,Bixby city,10904,8030,104404,120412,1.1539,22.6,3.8,1,0,196,122,172
3921266,Deer Park city,2708,1830,83371,95076,1.1539,29.4,3.0,1,0,15,41,33
09170,South Central Connecticut Planning Region,230673,157422,88197,102996,1.1539,28.8,2.9,1,0,-2730,870,912
42083,McKean County,16369,10602,62905,73239,1.1538,31.9,3.3,1,0,652,588,478
3401960,Asbury Park city,7499,5754,75544,87159,1.1538,20.3,3.0,0,0,-391,-359,51
4750780,Mount Juliet city,15960,12107,107068,123284,1.1538,20.5,3.7,1,0,-250,54,-118
0169240,Semmes city,2286,1516,66417,78956,1.1538,33.7,0.0,0,0,48,95,67
1255125,Parkland city,11137,8501,198669,227706,1.1537,23.7,0.0,0,0,-139,-25,-275
2945326,Macon city,2431,1566,61642,72335,1.1537,31.2,4.4,0,0,89,81,67
3972424,Sidney city,8904,5602,60668,69860,1.1537,29.7,7.4,1,0,315,476,425
3617332,Colonie village,3193,2041,103983,121354,1.1537,35.4,0.7,1,0,55,66,67
17061,Greene County,4452,2819,62192,73938,1.1536,35.0,1.7,0,0,120,115,83
4848768,Mission city,28874,20052,60767,70131,1.1536,28.1,2.5,1,0,638,892,948
28159,Winston County,7141,4246,53031,61433,1.1536,36.7,3.9,1,0,237,273,272
55113,Sawyer County,8810,5088,60801,70232,1.1536,39.6,2.7,0,0,162,246,271
19127,Marshall County,15496,10295,73315,84650,1.1536,28.5,5.1,1,0,733,643,419
33011,Hillsborough County,168740,120980,103545,119730,1.1536,26.4,1.9,1,0,1824,1510,2322
13311,White County,10729,6715,70666,81565,1.1535,35.2,2.2,1,0,298,308,218
4980420,Vineyard town,4723,3496,103380,121059,1.1535,2.8,23.2,0,0,-32,124,105
4132050,Happy Valley city,9002,6792,122151,141873,1.1534,23.4,1.2,1,0,-71,94,-25
4262432,Pottsville city,6001,3941,54332,60576,1.1534,30.4,3.9,0,0,59,144,182
4863284,Rosenberg city,15140,10991,65668,77995,1.1534,18.3,9.1,0,0,-702,129,714
0976500,Torrington city,15396,10612,70856,83064,1.1534,28.7,2.4,1,0,348,386,
4836008,Ingleside city,3891,2905,69464,82432,1.1533,22.0,3.3,0,0,23,-7,-4
37149,Polk County,8976,4881,67758,77293,1.1532,44.6,1.0,1,0,71,119,120
3608103,Briarcliff Manor village,2733,1700,229732,252814,1.1531,37.8,0.0,0,0,14,40,7
35051,Sierra County,5440,2383,41600,49388,1.153,55.0,1.2,0,0,53,94,186
35009,Curry County,18595,13382,57309,67080,1.153,21.9,6.2,1,0,173,471,555
4157150,Pendleton city,6257,3976,66563,77361,1.153,30.3,6.2,0,0,42,246,292
46085,Lyman County,1188,721,67143,79073,1.1529,37.2,2.1,0,0,58,49,28
05007,Benton County,111919,82962,93506,107834,1.1529,21.9,4.0,1,0,4115,3550,3643
0641124,Lemon Grove city,9051,6560,88009,100398,1.1528,25.5,2.0,1,0,-150,-199,272
28153,Wayne County,7681,4665,37619,43733,1.1528,35.2,4.0,0,0,-3,5,69
0685292,Whittier city,28099,20178,97201,112339,1.1528,26.2,2.0,1,0,-639,-561,713
21239,Woodford County,10814,7049,83788,96506,1.1528,32.8,2.0,1,0,378,307,296
01097,Mobile County,161665,109907,58880,67966,1.1528,27.9,4.1,1,0,-1098,1230,4056
37143,Perquimans County,5614,3066,67917,80000,1.1528,44.1,1.3,1,0,122,223,185
28073,Lamar County,25381,18626,70909,81229,1.1527,22.7,3.9,1,0,463,636,625
4827420,Freeport city,3877,2829,61134,72592,1.1527,22.0,5.1,1,0,-84,18,86
26079,Kalkaska County,7789,5045,68578,78644,1.1527,33.1,2.2,1,0,76,101,100
1868832,Seymour city,8382,5973,64426,75116,1.1526,23.5,5.2,1,0,160,479,449
2743000,Minneapolis city,192734,143031,80846,93852,1.1526,17.2,8.5,1,0,1727,2981,3335
0647710,Mill Valley city,5688,3481,206212,244806,1.1526,38.5,0.3,0,0,-30,216,-9
3340180,Laconia city,7226,4687,73218,83976,1.1525,34.2,1.0,1,0,-43,-55,63
5584475,Wausau city,17625,11395,64389,73368,1.1525,30.2,5.2,1,0,777,942,563
49049,Utah County,203018,148085,100671,116110,1.1524,15.9,11.1,1,0,2432,1449,1374
4232800,Harrisburg city,22137,15916,48099,55202,1.1524,21.9,6.2,1,0,-1099,-488,608
5586025,Weston village,7058,4615,78207,89139,1.1524,26.5,8.1,0,0,386,378,300
1916860,Council Bluffs city,26023,17449,64578,75499,1.1524,27.9,5.1,1,0,705,1263,490
17107,Logan County,11266,6982,66358,76607,1.1524,31.7,6.4,1,0,650,472,130
2653780,Midland city,18535,11923,73325,85448,1.1524,30.4,5.3,1,0,395,568,436
3453610,Norwood borough,1966,1301,178311,199915,1.1523,33.3,0.5,0,0,8,-2,34
08055,Huerfano County,3100,1548,52526,62095,1.1523,49.7,0.4,0,0,38,73,13
3468430,Somers Point city,4644,2870,71062,81590,1.1522,33.4,4.8,0,0,-92,-34,71
4579630,York city,3418,2549,56176,64796,1.1522,23.3,2.1,1,0,85,141,-13
1715833,Columbia city,4448,3300,107606,123061,1.1522,25.0,0.8,1,0,51,45,49
26091,Lenawee County,38871,25351,70518,80856,1.1522,32.1,2.7,1,0,915,996,884
0518490,De Queen city,2161,1532,52522,59091,1.1522,21.8,7.3,0,0,-20,24,207
5166928,Richlands town,2297,1310,37154,42193,1.1522,38.0,5.0,0,0,-89,-41,111
48097,Cooke County,16528,11079,73932,85247,1.1522,29.6,3.4,1,0,422,338,303
27141,Sherburne County,35555,27119,105466,122550,1.1521,21.5,2.2,1,0,381,136,124
4211152,Canonsburg borough,4244,3083,79227,92128,1.1521,23.4,3.9,1,0,339,379,224
37197,Yadkin County,15009,9694,62932,72119,1.1521,32.3,3.1,1,0,506,461,141
47159,Smith County,7932,5501,66293,77827,1.1521,26.8,3.8,1,0,193,282,267
01071,Jackson County,21795,14056,51908,60545,1.152,32.4,3.1,1,0,291,488,660
4032750,Harrah city,2460,1631,84375,97841,1.152,29.6,4.1,1,0,94,56,57
21199,Pulaski County,26210,17302,51898,60611,1.152,30.9,3.1,1,0,203,708,749
36083,Rensselaer County,66686,46126,87915,101083,1.152,27.7,3.1,1,0,1749,1818,828
1349756,Marietta city,24707,17986,72725,85363,1.152,22.2,5.0,1,0,-1720,-857,548
72057,Guayama Municipio,15792,9807,20402,23646,1.152,34.7,3.2,0,0,-174,-244,-42
72133,Santa Isabel Municipio,7548,5126,25795,29682,1.152,30.3,1.7,1,0,108,121,125
02290,Yukon-Koyukuk Census Area,2296,1413,55741,63102,1.152,30.7,7.8,1,0,66,76,107
37055,Dare County,16836,10122,88994,103380,1.152,37.7,2.2,1,0,214,193,170
5563300,Pleasant Prairie village,8879,6007,103902,122459,1.1519,29.1,3.3,1,0,185,229,215
51195,Wise County,13905,8876,52943,61229,1.1519,31.8,4.4,1,0,555,756,613
0410530,Casa Grande city,21624,14030,69983,81326,1.1519,32.0,3.1,1,0,-252,65,103
22109,Terrebonne Parish,42127,29407,64836,74404,1.1519,25.7,4.5,1,0,580,929,1119
2935000,Independence city,51477,34140,60339,69582,1.1519,29.2,4.5,1,0,-368,221,984
4173650,Tigard city,23117,16544,108823,124401,1.1518,26.7,1.7,1,0,52,68,140
0812415,Castle Rock town,28219,21939,145197,165634,1.1518,18.9,3.4,1,0,-46,272,-240
48239,Jackson County,6028,4029,65414,78003,1.1518,30.8,2.4,0,0,299,368,303
3402200,Audubon borough,3382,2397,115789,135995,1.1518,28.2,0.9,1,0,42,39,37
5358235,Richland city,25216,17690,95813,111026,1.1518,25.5,4.3,1,0,1136,763,985
45089,Williamsburg County,12291,7284,46213,52828,1.1518,38.5,2.3,1,0,-133,60,435
42045,Delaware County,216946,149582,89546,103858,1.1517,29.2,1.8,1,0,1258,2298,951
48245,Jefferson County,94807,64927,60026,69142,1.1517,26.3,5.2,1,0,114,896,1395
4052500,Norman city,52748,32980,67704,79275,1.1517,23.2,14.3,1,0,1482,2337,1744
1263000,St. Petersburg city,119244,80247,75192,86627,1.1517,30.2,2.5,1,0,-2082,-1754,-716
2302060,Auburn city,10337,7157,66647,75734,1.1517,26.8,4.0,1,0,79,288,159
4110750,Canby city,7012,4591,100989,116972,1.1516,33.5,1.1,1,0,181,150,149
3735880,Kings Mountain city,4633,3262,49564,56875,1.1516,25.4,4.2,0,0,-61,-33,-15
34005,Burlington County,177222,121333,108111,124976,1.1515,29.9,1.7,1,0,-667,-269,-408
0602364,Apple Valley town,25184,16190,69882,82667,1.1515,32.6,3.1,1,0,-818,-404,94
48073,Cherokee County,18185,11804,61261,70543,1.1514,32.0,3.1,1,0,602,660,624
0642202,Lodi city,23176,16186,88530,103365,1.1513,27.6,2.6,1,0,-456,-318,-250
3601000,Albany city,44357,30082,61986,71851,1.1513,20.9,11.2,1,0,-344,153,895
01009,Blount County,22180,14942,64190,74363,1.1513,30.8,1.8,1,0,511,623,229
5554875,Mount Pleasant village,11883,7696,91616,108544,1.1513,32.0,3.3,1,0,233,201,211
20035,Cowley County,13387,8638,57878,65913,1.1513,30.7,4.8,1,0,345,447,405
21157,Marshall County,13209,8452,65831,77778,1.1513,33.9,2.1,1,0,134,294,280
16061,Lewis County,1574,868,51615,60149,1.1512,42.0,2.9,1,0,57,68,42
1702154,Arlington Heights village,31466,21378,116723,135836,1.1512,31.2,0.8,1,0,356,422,312
42079,Luzerne County,135055,89483,63691,74199,1.1512,31.2,2.5,1,0,1118,3155,3214
5580075,Tomah city,4453,2826,51274,61041,1.1512,31.3,5.2,0,0,66,159,116
02170,Matanuska-Susitna Borough,39869,29263,94031,108713,1.1512,23.5,3.1,1,0,308,325,273
0950370,New Britain city,28974,20480,58613,66899,1.1512,24.6,4.7,1,0,-1623,-1363,
5367000,Spokane city,97446,67177,70064,80760,1.1512,26.1,5.0,1,0,527,1588,1386
01037,Coosa County,4418,2751,57355,64198,1.1511,35.9,1.8,0,0,65,100,115
3947306,Maple Heights city,9303,6308,53414,61802,1.1511,29.9,2.2,0,0,-385,-400,248
36013,Chautauqua County,53393,33917,58351,67229,1.1511,32.2,4.3,1,0,1602,1969,1280
01001,Autauga County,22917,16176,72481,84803,1.1511,27.9,1.5,1,0,289,445,442
0605290,Benicia city,11051,6756,121204,138755,1.1511,37.6,1.3,1,0,-429,-182,-291
0505560,Berryville city,2006,1373,42283,50521,1.151,29.6,2.0,0,0,-8,39,31
16001,Ada County,202543,142927,91502,106296,1.151,24.9,4.5,1,0,1341,2100,1723
0501870,Arkadelphia city,3502,1966,48657,55104,1.151,25.9,17.9,0,0,-66,91,204
48039,Brazoria County,133898,101125,97993,113331,1.1509,21.3,3.1,1,0,1255,747,541
24011,Caroline County,12495,8686,68457,79527,1.1509,28.5,2.0,1,0,194,243,180
40015,Caddo County,9053,6004,55353,63322,1.1509,29.7,4.0,1,0,273,395,338
13273,Terrell County,3383,2199,46171,53505,1.1509,33.0,2.0,1,0,53,29,81
26059,Hillsdale County,17860,11376,64242,73248,1.1509,33.6,2.7,1,0,465,425,378
2467675,Rockville city,26976,18575,128649,147877,1.1509,28.0,3.2,1,0,-599,514,-339
2573405,Watertown city,16371,11871,126265,146148,1.1508,26.4,1.1,1,0,-619,211,
48195,Hansford County,1858,1285,69441,81312,1.1508,26.2,4.7,0,0,43,45,34
1374936,Suwanee city,8410,6719,103260,121857,1.1508,14.3,5.8,1,0,-14,-87,-93
4854912,Pampa city,6869,4546,56626,65031,1.1508,27.5,6.3,0,0,193,234,166
48025,Bee County,8807,5918,57673,65974,1.1508,29.2,3.6,0,0,17,299,304
26035,Clare County,12521,7093,49384,56860,1.1508,41.2,2.1,1,0,70,139,150
0660704,Ridgecrest city,11303,8428,89250,99383,1.1507,21.7,3.7,1,0,326,291,287
45045,Greenville County,220565,155640,76932,88650,1.1507,25.5,3.9,1,0,2722,3990,4386
47051,Franklin County,17445,10996,63494,72195,1.1507,34.1,2.9,1,0,739,704,604
4832372,Harlingen city,26007,17613,53645,62001,1.1507,27.9,4.4,1,0,299,836,1356
01117,Shelby County,86866,61542,97961,113240,1.1507,26.5,2.6,1,0,1120,924,1117
26081,Kent County,256648,183656,82631,95890,1.1507,24.0,4.5,1,0,4969,4754,4299
47089,Jefferson County,21817,14343,66114,77067,1.1507,32.4,1.8,1,0,664,781,797
4806128,Baytown city,30964,23014,59910,68953,1.1506,20.9,4.8,1,0,-724,-120,1117
3774540,Wilson city,20403,13789,52485,61352,1.1506,28.3,4.1,1,0,-374,603,1279
1239425,Largo city,37548,21655,62096,71720,1.1506,39.2,3.1,1,0,-584,-628,-126
4812040,Cameron city,1924,1297,62443,74372,1.1506,25.2,7.4,0,0,73,112,118
39079,Jackson County,12933,8715,57106,66136,1.1506,28.8,3.8,1,0,181,350,463
72127,San Juan Municipio,153632,92540,27992,32406,1.1506,37.1,2.7,1,0,-1471,-1356,-600
26095,Luce County,2455,1385,54893,63864,1.1506,34.9,8.7,1,0,28,24,27
45047,Greenwood County,27884,18191,52830,60848,1.1505,31.2,3.6,1,0,383,737,1107
3409040,Butler borough,3490,2522,111557,123584,1.1505,27.7,0.0,0,0,83,40,39
2175738,Taylor Mill city,2759,1912,88546,104224,1.1505,28.9,1.8,0,0,115,85,65
3118580,Gering city,3368,2212,75093,86473,1.1504,30.3,4.0,1,0,130,47,-12
2137918,Hopkinsville city,12553,8029,49139,56133,1.1504,24.3,11.8,1,0,90,538,516
1711332,Carol Stream village,14487,10007,102309,118329,1.1504,27.9,3.0,1,0,390,227,205
3961686,Pepper Pike city,2699,1742,227813,252747,1.1504,35.1,0.4,0,0,38,47,17
0670882,Selma city,7385,5293,60241,69401,1.1504,24.0,4.3,1,0,148,275,128
13133,Greene County,8198,4229,86272,99650,1.1504,46.7,1.7,0,0,275,231,213
1205200,Belle Glade city,5607,3719,48001,53914,1.1504,30.9,2.8,0,0,-89,-82,11
4260000,Philadelphia city,679428,490974,61953,71547,1.1503,23.5,4.2,1,0,-15760,-12180,6366
42101,Philadelphia County,679428,490974,61953,71547,1.1503,23.5,4.2,1,0,-15760,-12180,6366
5532075,Hales Corners village,3172,1999,87740,100992,1.1503,33.6,3.4,0,0,67,158,126
2270805,Slidell city,10995,6969,70497,80103,1.1503,32.4,4.3,1,0,-217,-54,161
4052150,Noble city,3190,2045,81739,91945,1.1503,29.2,6.7,0,0,78,75,76
40027,Cleveland County,116799,78698,77068,88538,1.1503,24.0,8.6,1,0,3430,3225,2964
1903520,Atlantic city,3261,2054,61141,70705,1.1503,31.2,5.8,0,0,132,124,45
1216875,DeLand city,15703,9988,71863,82672,1.1503,33.2,3.2,1,0,59,82,-126
21045,Casey County,6482,4096,45510,52550,1.1503,33.7,3.1,1,0,-43,56,157
0670098,Santa Rosa city,68321,45732,99060,114119,1.1503,30.6,2.5,1,0,-2074,-2494,1751
17057,Fulton County,13795,8695,60599,70024,1.1503,33.0,4.0,1,0,411,425,261
46093,Meade County,11968,8331,74790,85953,1.1502,26.5,3.9,1,0,229,309,375
3776220,Zebulon town,3252,2582,79112,90935,1.1502,16.9,3.8,0,0,87,-3,-27
05131,Sebastian County,52181,34949,57790,66676,1.1502,27.0,6.0,1,0,1583,2194,2615
5535150,Hobart village,4165,3102,103440,118544,1.1502,19.3,6.2,0,0,126,102,121
42115,Susquehanna County,15517,9285,68487,79339,1.1502,38.1,2.1,1,0,336,417,385
4703440,Bartlett city,20051,14001,102070,116639,1.1501,29.2,1.0,1,0,82,39,88
2128594,Fort Thomas city,6568,4728,104350,119287,1.1501,23.9,4.2,1,0,164,83,134
0608142,Brentwood city,21295,15722,142494,161177,1.1501,25.4,0.8,1,0,-185,-55,0
19111,Lee County,14323,8962,62382,71683,1.1501,32.8,4.6,1,0,430,414,169
0660018,Redondo Beach city,28307,20941,150245,173015,1.15,24.4,1.7,1,0,451,1231,992
2626360,Escanaba city,5715,3529,45369,52397,1.15,34.0,4.3,1,0,265,286,143
0109208,Brewton city,1944,1173,50721,59431,1.15,37.2,2.4,0,0,51,100,91
2659920,Oak Park city,12452,8869,71510,81461,1.1499,27.0,1.8,1,0,15,66,258
1235050,Jacksonville Beach city,11042,7483,120698,139889,1.1499,29.4,2.9,0,0,65,214,-10
1777993,Villa Park village,8363,6076,95015,112160,1.1499,25.7,1.7,0,0,154,101,55
2753620,Red Wing city,7384,4646,67192,77083,1.1498,31.5,5.5,0,0,-72,23,41
2762824,Stillwater city,8078,5091,105853,120826,1.1498,32.3,4.7,1,0,52,17,39
34007,Camden County,202540,142453,88755,102737,1.1498,27.5,2.2,1,0,-290,1878,1767
51019,Bedford County,33127,20408,78937,90648,1.1498,35.4,2.9,1,0,509,279,334
0653000,Oakland city,176584,132367,101600,116827,1.1498,23.0,2.0,1,0,-1741,-3108,6350
22087,St. Bernard Parish,16219,12271,58651,67637,1.1497,22.4,2.0,1,0,-247,-12,257
06097,Sonoma County,190998,121310,104674,121351,1.1497,34.0,2.4,1,0,-3889,-4649,3934
05031,Craighead County,44437,31296,59548,68632,1.1497,23.1,6.4,1,0,1037,1540,1730
26075,Jackson County,62540,41417,66073,76795,1.1496,30.6,3.1,1,0,1283,1867,1302
51145,Powhatan County,11325,7342,110537,125597,1.1496,33.5,1.7,1,0,43,16,37
1765078,Rock Island city,15285,9284,59041,68230,1.1496,32.1,7.1,1,0,185,372,463
23015,Lincoln County,16592,9501,76875,88276,1.1496,40.4,2.4,1,0,366,309,235
1882700,Westfield city,20984,16381,122789,141166,1.1495,19.6,2.4,1,0,179,339,118
4216144,Coraopolis borough,2589,1528,63828,76500,1.1494,37.7,3.3,0,0,172,208,85
18113,Noble County,18179,12560,71723,81656,1.1494,27.8,3.1,1,0,877,763,629
4982070,Washington Terrace city,3408,2100,80119,93924,1.1494,32.0,6.4,1,0,75,80,76
2552144,Palmer Town city,5496,3581,78480,91574,1.1493,30.6,4.3,1,0,-48,56,102
2039000,Leavenworth city,13733,9753,72987,82856,1.1493,23.5,5.5,1,0,490,447,268
41057,Tillamook County,11936,6733,69105,78879,1.1492,41.1,2.5,1,0,207,300,264
1319336,Conyers city,7574,5671,63140,75400,1.1492,21.6,3.6,1,0,-56,58,123
2688140,Wixom city,8720,6449,65485,77230,1.1492,20.1,6.0,1,0,730,977,542
0617988,Danville town,15545,10624,232216,258384,1.1492,31.4,0.3,0,0,6,231,-103
31025,Cass County,10832,7352,91836,105096,1.1492,28.4,3.8,1,0,123,115,87
2410900,Brunswick city,3309,2597,118025,133542,1.1492,20.6,0.9,1,0,37,29,29
4864472,San Angelo city,39474,26182,65864,75770,1.1491,26.9,6.7,1,0,484,1290,1279
0677000,Sunnyvale city,60293,47280,186170,213770,1.149,18.7,2.9,0,0,3114,3890,2999
2546225,North Adams city,5948,3812,47500,54367,1.149,31.9,4.0,0,0,-34,-200,57
48229,Hudspeth County,842,567,48600,54231,1.149,28.0,4.6,0,0,25,29,16
4837216,Jacksonville city,4807,3409,51375,59305,1.1489,24.9,4.1,0,0,147,247,191
47073,Hawkins County,23567,14848,56936,65867,1.1489,33.9,3.1,1,0,516,574,615
39115,Morgan County,5713,3449,59351,68078,1.1488,34.9,4.7,1,0,190,236,147
21003,Allen County,8035,5522,61403,70607,1.1488,28.4,2.9,1,0,238,337,415
0630392,Gonzales city,2280,1981,77672,91964,1.1488,13.1,0.0,0,0,1,-82,47
24039,Somerset County,8348,5019,64943,73015,1.1488,35.4,4.4,1,0,290,243,22
1201750,Arcadia city,3189,2151,39677,45349,1.1487,25.8,6.7,1,0,-29,-53,66
3532520,Hobbs city,14211,10140,64021,72147,1.1487,21.0,7.6,0,0,120,174,291
3947138,Mansfield city,19516,12025,44540,51036,1.1487,32.8,5.6,1,0,-127,384,614
0678092,Tehachapi city,3610,2610,72957,82312,1.1487,26.8,0.9,0,0,219,198,100
01095,Marshall County,36459,24763,62571,73711,1.1487,29.6,2.5,1,0,687,826,911
16005,Bannock County,33590,23201,66499,77085,1.1486,24.8,6.2,1,0,465,838,664
0641992,Livermore city,30922,23604,160775,186881,1.1486,22.7,0.9,1,0,113,537,380
54065,Morgan County,7342,4393,72179,82754,1.1486,37.9,2.2,1,0,112,84,54
44009,Washington County,52549,31821,106638,124961,1.1485,35.6,3.8,1,0,240,204,213
01089,Madison County,165031,116271,86499,98950,1.1485,24.7,4.8,1,0,4493,4472,3037
49025,Kane County,3456,2114,77092,91633,1.1485,35.4,3.4,0,0,81,108,82
12011,Broward County,753956,530272,77633,89010,1.1485,27.9,1.8,1,0,-23656,-26291,-13663
19179,Wapello County,13997,9334,64766,74235,1.1485,29.7,3.6,1,0,409,687,389
13241,Rabun County,7615,4282,67493,79656,1.1485,41.0,2.8,1,0,163,294,280
4061000,Pryor Creek city,3659,2435,44839,51524,1.1484,28.6,4.9,0,0,-21,-25,171
0639304,La Habra Heights city,1956,1262,179583,207915,1.1484,35.5,0.0,0,0,-3,-3,-1
1260975,Riviera Beach city,13927,9170,68060,76694,1.1484,31.3,2.9,1,0,-916,-956,57
1207300,Boca Raton city,41450,24836,106273,121765,1.1484,36.0,4.1,1,0,-1383,-1605,-1402
26045,Eaton County,45428,29853,79597,92170,1.1484,31.0,3.3,1,0,1729,1313,1100
2646040,Lapeer city,3701,2644,52716,61288,1.1484,25.1,3.5,0,0,-199,-129,124
40145,Wagoner County,31379,21641,81207,93624,1.1483,28.6,2.4,1,0,509,327,334
3469420,South River borough,5574,4162,96147,109858,1.1483,24.1,1.2,0,0,-63,40,130
0151696,Mountain Brook city,8426,5764,201479,234984,1.1483,29.6,2.0,0,0,108,139,28
0684550,Westminster city,28150,19068,85541,98433,1.1483,31.0,1.3,1,0,-1147,-1629,834
26033,Chippewa County,14080,8757,62217,72321,1.1483,32.4,5.4,1,0,576,493,320
40035,Craig County,5190,3297,51922,60989,1.1482,32.2,4.3,1,0,90,177,176
0673108,South Lake Tahoe city,9519,6781,82002,96483,1.1482,25.7,3.1,1,0,-72,-152,174
1955110,Muscatine city,9640,6076,58117,66366,1.1482,30.2,6.8,1,0,163,378,290
26005,Allegan County,45522,31167,83283,96186,1.1482,29.3,2.3,1,0,586,426,428
4803000,Amarillo city,79741,55477,65912,75753,1.1481,24.7,5.8,1,0,1861,2841,2461
1835266,Huntertown town,3734,2851,109432,125607,1.1481,20.3,3.3,1,0,5,11,-10
40131,Rogers County,36672,25355,80067,92506,1.1481,27.7,3.1,1,0,1159,787,736
5358410,Ridgefield city,4702,3613,116389,138102,1.1481,20.2,3.0,1,0,-107,-83,-121
2052575,Olathe city,53072,39256,114009,130220,1.148,23.0,3.0,1,0,659,621,666
16011,Bingham County,16132,10786,77878,89081,1.148,28.9,4.3,1,0,487,472,418
1820800,Ellettsville town,2610,1896,90213,107309,1.148,23.7,3.6,0,0,15,5,6
0667112,San Jacinto city,14598,11297,80647,94391,1.148,21.8,0.8,1,0,142,-73,-448
50001,Addison County,14966,9277,89639,100755,1.1479,34.8,3.2,1,0,319,295,173
24047,Worcester County,24136,13752,81745,96038,1.1479,40.8,2.2,1,0,79,73,138
1773638,Summit village,3709,2518,61863,72375,1.1479,29.3,2.8,0,0,-52,158,60
4827996,Galena Park city,3104,2338,51220,59623,1.1479,23.5,1.2,0,0,29,-50,85
37085,Harnett County,49845,37030,71287,81986,1.1478,23.0,2.8,1,0,785,921,909
48485,Wichita County,49017,33319,63524,73464,1.1477,25.9,6.1,1,0,897,1782,1500
41047,Marion County,126870,86500,77351,89002,1.1477,27.9,3.9,1,0,-342,660,2234
0659892,Red Bluff city,5878,3912,51529,60402,1.1477,26.1,7.3,0,0,-112,165,222
1024540,Elsmere town,2238,1701,67944,79220,1.1477,22.0,2.0,0,0,-154,-57,29
40121,Pittsburg County,17851,11267,55310,63928,1.1477,32.3,4.6,1,0,199,511,588
5363735,Shelton city,3515,2417,69598,81267,1.1477,26.2,5.1,1,0,-58,16,58
3675484,Troy city,21265,15055,58477,67675,1.1477,23.0,6.2,1,0,-999,-293,387
13079,Crawford County,4441,2808,67116,77052,1.1477,35.2,1.6,1,0,161,194,194
4813108,Carthage city,2551,1710,51250,59375,1.1477,29.0,4.0,0,0,121,128,61
47011,Bradley County,42596,28906,66552,77514,1.1475,28.4,3.8,1,0,631,1202,1204
05091,Miller County,16359,11166,48836,55755,1.1475,27.9,3.8,1,0,-348,-4,355
13015,Bartow County,40819,30554,82243,94991,1.1475,22.8,2.4,1,0,640,719,493
4004450,Bartlesville city,14819,9485,58869,67690,1.1475,31.4,4.6,1,0,231,357,429
42103,Pike County,24262,15460,81323,93872,1.1475,35.1,1.1,1,0,135,70,85
5308920,Burlington city,3925,2614,80475,90385,1.1475,26.8,6.6,0,0,-185,-139,-65
48117,Deaf Smith County,6051,4212,60799,70538,1.1475,24.3,6.1,1,0,491,492,420
0625380,Fountain Valley city,18778,12219,115237,133427,1.1475,33.3,1.6,1,0,-845,-635,25
27167,Wilkin County,2655,1784,71410,81064,1.1475,28.3,4.5,1,0,15,15,12
3604715,Batavia city,7349,4886,59446,67799,1.1475,28.4,5.1,1,0,386,477,174
0843000,Lakewood city,69799,48343,89792,103817,1.1474,26.4,4.3,1,0,-1936,-847,310
3606607,Binghamton city,21393,12917,45578,52481,1.1474,27.5,12.2,1,0,6,97,591
2635480,Grosse Pointe city,2211,1305,158853,181873,1.1474,40.2,0.8,1,0,57,66,49
2918253,Dardenne Prairie city,4704,3493,152500,176621,1.1474,25.7,0.0,1,0,37,42,-33
1979950,Urbandale city,17547,12840,112795,131030,1.1474,22.8,4.0,1,0,320,87,242
2743774,Monticello city,5695,4182,79534,91748,1.1474,20.6,6.0,1,0,276,62,-38
29105,Laclede County,14558,9908,53282,61678,1.1474,28.5,3.4,1,0,312,533,687
20003,Anderson County,3208,1984,70614,81059,1.1474,32.4,5.8,1,0,59,74,71
5462140,Parkersburg city,13313,8276,49025,55905,1.1474,33.9,4.0,1,0,152,367,575
4714000,Chattanooga city,79084,52879,64523,74599,1.1474,27.0,6.1,1,0,-1023,1355,2512
16067,Minidoka County,8107,5481,70377,80026,1.1473,27.4,5.0,1,0,538,560,465
13117,Forsyth County,89030,69606,143784,165561,1.1473,20.6,1.2,1,0,613,1457,-644
36123,Yates County,9490,5694,69701,79565,1.1473,35.9,4.1,1,0,275,211,136
4936400,Hooper city,2596,2046,113333,136432,1.1473,19.8,1.4,0,0,-29,-14,-28
3640530,Lake Grove village,3775,2649,118311,129424,1.1472,28.5,1.4,0,0,-124,-119,-19
26123,Newaygo County,19651,12775,63304,73176,1.1472,32.4,2.5,1,0,255,289,237
1803394,Bargersville town,3738,2984,114231,126793,1.1472,16.3,3.9,0,0,42,25,50
72115,Quebradillas Municipio,8448,5153,24640,28301,1.1471,37.5,1.5,0,0,95,77,83
40063,Hughes County,4034,2469,51581,59509,1.1471,36.2,2.6,1,0,154,189,145
1722931,Elburn village,2462,1864,127731,146000,1.1471,22.4,1.9,0,0,14,16,3
1845144,Lowell town,4204,2626,84024,98726,1.1471,36.4,1.1,1,0,92,45,44
38031,Foster County,1531,950,87831,99818,1.147,33.6,4.4,1,0,34,21,10
4138500,Keizer city,14782,10175,84813,97482,1.147,28.0,3.1,1,0,122,311,369
40081,Lincoln County,13141,8651,62216,71748,1.147,31.1,3.1,1,0,303,293,289
48149,Fayette County,10403,5944,75854,87360,1.147,39.2,3.7,1,0,418,448,347
29047,Clay County,102171,74053,88468,100825,1.147,24.0,3.5,1,0,2673,2848,1864
37097,Iredell County,76344,53348,81419,93719,1.147,27.2,2.9,1,0,1075,1138,1192
48215,Hidalgo County,270210,198937,54338,62358,1.1469,22.5,3.9,1,0,1589,6950,9271
1829898,Greenwood city,26415,19329,83608,96436,1.1469,21.0,5.8,1,0,1244,962,648
46065,Hughes County,7253,4962,81395,94123,1.1469,28.9,2.7,1,0,280,294,195
0614218,Clovis city,42071,31175,99241,113627,1.1468,23.8,2.1,1,0,-456,-567,-447
3138295,Papillion city,9699,6812,111679,130541,1.1468,25.5,4.2,1,0,64,101,65
5571163,Salem Lakes village,5775,4032,94819,107763,1.1468,26.1,4.1,0,0,302,195,104
4866128,Schertz city,15903,11876,99948,114614,1.1468,23.8,1.5,1,0,112,64,109
5176432,Suffolk city,37908,27099,92666,105609,1.1468,26.0,2.6,1,0,-260,85,59
51800,Suffolk city,37908,27099,92666,105609,1.1468,26.0,2.6,1,0,-260,85,59
5308570,Buckley city,1841,1161,124583,142313,1.1467,36.9,0.0,1,0,28,34,31
5588200,Wisconsin Rapids city,8392,5109,55253,64168,1.1467,31.3,7.9,1,0,315,501,308
34037,Sussex County,57767,40562,116186,133057,1.1467,28.6,1.2,1,0,111,142,150
0644112,Los Gatos town,12714,8683,217554,240971,1.1466,30.5,1.2,0,0,225,573,44
2650720,Manistee city,2880,1649,60541,70190,1.1466,36.9,5.9,0,0,54,89,116
17187,Warren County,6787,4275,67385,78406,1.1465,32.2,4.8,1,0,328,240,126
4281000,Warren city,4329,2968,53815,63333,1.1465,28.6,2.8,0,0,272,401,207
13021,Bibb County,59921,40277,51234,59113,1.1465,28.1,4.7,1,0,-2230,-946,1453
5109816,Bristol city,7226,4268,50404,58118,1.1465,35.0,5.9,0,0,55,100,343
51520,Bristol city,7226,4268,50404,58118,1.1465,35.0,5.9,0,0,55,100,343
48019,Bandera County,9255,5153,75813,87219,1.1464,42.9,1.4,1,0,145,209,196
54037,Jefferson County,22804,15869,98806,113352,1.1464,28.4,2.0,1,0,132,152,189
18135,Randolph County,10364,6729,60791,69495,1.1463,31.3,3.8,1,0,169,162,182
1378044,Tyrone town,2878,2212,135691,155592,1.1463,23.1,0.0,0,0,47,51,39
2651940,Marshall city,3206,1909,76050,86903,1.1463,33.7,6.7,1,0,279,344,354
40073,Kingfisher County,5684,3836,71975,82601,1.1462,30.2,2.3,1,0,354,432,429
12117,Seminole County,187248,133998,85761,99103,1.1462,25.1,3.3,1,0,-6762,-2286,-863
2655820,Mount Clemens city,6783,4767,52310,61644,1.1462,28.8,0.9,0,0,44,-70,138
1212875,Clearwater city,49998,31835,66381,77265,1.1462,34.0,2.3,1,0,-2206,-1989,-542
31051,Dixon County,2188,1325,72454,83361,1.1462,35.4,4.1,0,0,95,92,62
40107,Okfuskee County,4009,2655,48363,55289,1.1462,30.5,3.3,1,0,144,164,157
2708794,Burnsville city,25891,17389,87024,99506,1.1461,26.4,6.4,1,0,-114,444,419
36087,Rockland County,103879,69481,109959,126310,1.1461,30.9,2.3,1,0,-2268,-1413,1196
3405440,Berlin borough,2793,2009,102855,116097,1.1461,28.1,0.0,0,0,46,36,33
3710740,Cary town,69710,52632,134905,155358,1.1461,21.1,3.4,1,0,1762,2589,1656
72101,Morovis Municipio,10903,6984,25003,28653,1.146,33.9,2.0,1,0,17,-34,221
5307695,Bremerton city,18272,13072,74940,85820,1.1459,21.1,7.3,1,0,-875,-606,61
2105446,Bellevue city,2745,2026,71166,78944,1.1459,21.3,4.8,1,0,36,41,24
0683542,Wasco city,6342,5093,51727,59381,1.1459,15.7,4.0,0,0,-112,-71,175
47167,Tipton County,22660,15896,74127,84324,1.1459,26.5,3.3,1,0,743,729,553
2125300,Erlanger city,7792,5513,75840,87069,1.1459,23.8,5.4,1,0,350,256,121
0680812,Turlock city,25365,17842,82995,96233,1.1458,25.3,4.3,1,0,-56,357,445
2436075,Hagerstown city,18144,13226,52221,61193,1.1458,21.7,5.4,1,0,-897,-209,742
4937390,Hyde Park city,1598,1097,113102,125446,1.1458,25.5,5.8,0,0,13,6,18
48451,Tom Green County,46756,31313,68370,78068,1.1458,27.1,5.9,1,0,748,1422,1351
21219,Todd County,4559,3044,61103,71051,1.1457,31.4,1.8,0,0,70,114,132
4239784,Kingston borough,5857,3995,55347,63785,1.1457,28.3,3.5,0,0,-149,161,239
17141,Ogle County,20821,13671,82132,93901,1.1457,32.0,2.4,1,0,764,657,592
3664309,Rye city,5717,4070,239815,260425,1.1456,28.8,0.0,0,0,57,160,19
4287048,York city,17893,12253,48420,55209,1.1454,22.8,8.7,1,0,-315,-72,522
2607660,Berkley city,6840,5239,116239,132866,1.1454,22.6,0.8,1,0,63,51,95
08065,Lake County,3020,2188,96575,108868,1.1454,20.9,6.7,0,0,-70,-30,-6
19095,Iowa County,6909,4620,71223,81962,1.1454,29.9,3.2,1,0,235,203,107
3260600,Reno city,114322,77301,80760,92639,1.1454,26.3,6.1,1,0,-1217,-4,996
1816138,Crown Point city,12164,8325,101686,116384,1.1454,29.9,1.7,1,0,71,96,70
0662546,Rohnert Park city,17181,11613,99273,113929,1.1454,23.8,8.6,1,0,-771,-913,452
4975360,Taylorsville city,20163,14306,86413,98569,1.1454,24.1,4.9,1,0,100,248,135
3905102,Bellbrook city,3027,2088,111513,125441,1.1453,28.1,2.9,1,0,48,60,41
1739727,Kewanee city,5419,3272,50886,58745,1.1452,33.6,6.0,0,0,20,106,180
04023,Santa Cruz County,16966,10855,55217,60989,1.1452,33.0,3.0,1,0,197,468,519
01069,Houston County,43302,29112,58626,67211,1.1452,29.7,3.0,1,0,793,1448,1917
0659587,Rancho Santa Margarita city,17123,13688,152560,175203,1.1452,19.2,0.9,1,0,56,442,451
05093,Mississippi County,15452,10693,52548,59910,1.1452,25.7,5.1,1,0,368,512,689
3971892,Sharonville city,7084,4376,74649,85062,1.1452,33.7,4.5,0,0,121,111,202
17031,Cook County,2100230,1502110,83498,96425,1.1451,25.2,3.3,1,0,19330,29137,16503
1833466,Highland town,10440,6904,78062,90011,1.1451,32.5,1.4,1,0,173,212,230
1715001,Clinton city,3157,2040,62323,73079,1.1451,27.8,7.6,0,0,163,161,78
47071,Hardin County,11001,6843,49956,57184,1.1451,35.1,2.7,1,0,167,247,382
40009,Beckham County,8188,5634,53328,63242,1.1451,26.1,5.1,1,0,157,267,276
22079,Rapides Parish,48954,32744,54967,63513,1.1451,29.6,3.5,1,0,-178,472,1397
55105,Rock County,67201,45739,75673,86618,1.1451,28.7,3.3,1,0,2565,2490,2081
13067,Cobb County,295714,221414,102738,118215,1.1451,21.2,3.9,1,0,1771,2504,2454
19137,Montgomery County,4585,2728,63666,72995,1.145,34.5,6.0,0,0,96,137,111
5345005,Mercer Island city,10068,6666,219069,244325,1.145,32.5,1.3,0,0,359,535,-44
5127200,Falls Church city,6273,4607,143262,167018,1.145,23.0,3.6,1,0,140,282,104
51610,Falls Church city,6273,4607,143262,167018,1.145,23.0,3.6,1,0,140,282,104
5164880,Pulaski town,3741,2516,49491,56261,1.145,29.2,3.6,0,0,-1,29,141
22083,Richland Parish,7240,4667,53544,61037,1.145,31.1,4.4,1,0,178,286,300
0616224,Corcoran city,4226,3074,59905,68521,1.1449,21.9,5.3,0,0,-21,111,181
04027,Yuma County,79341,47773,62876,72570,1.1449,34.1,5.6,1,0,2081,2123,2360
4532065,Hanahan city,8009,5884,87984,101316,1.1449,22.5,4.1,1,0,182,187,72
1278250,Winter Garden city,15980,11981,106495,124027,1.1449,22.4,2.6,1,0,-71,-232,-197
4250344,Monessen city,3129,1995,52889,59312,1.1449,32.0,4.3,0,0,-6,3,37
26001,Alcona County,5305,2815,54993,64234,1.1449,45.8,1.1,1,0,55,38,45
3117670,Fremont city,11084,7293,71152,83885,1.1447,27.7,6.5,1,0,516,801,628
1751622,Naperville city,54847,41550,155105,178262,1.1447,23.1,1.1,1,0,1325,1741,575
3738040,Lewisville town,5106,3758,100917,115617,1.1447,26.4,0.0,1,0,62,40,39
47115,Marion County,11869,7652,61824,70786,1.1447,32.9,2.7,1,0,366,393,168
0169648,Sheffield city,4732,2732,39733,45472,1.1446,32.6,9.7,0,0,-231,-193,66
26009,Antrim County,11100,6320,72054,83172,1.1446,40.3,2.7,1,0,190,232,186
2938000,Kansas City city,221979,159989,69166,79239,1.1446,22.0,5.9,1,0,810,5401,4870
48055,Caldwell County,16647,11642,69758,80368,1.1446,26.6,3.4,1,0,230,376,140
4002600,Ardmore city,9781,6718,53900,63292,1.1445,25.6,5.7,1,0,-20,265,425
4964670,Roosevelt city,2327,1772,76456,91210,1.1445,16.5,7.3,0,0,92,85,72
37013,Beaufort County,19385,11565,58357,66672,1.1445,37.0,3.4,1,0,575,696,694
3929106,Gahanna city,14254,10264,109061,124709,1.1445,25.8,2.2,1,0,285,182,266
27023,Chippewa County,5126,3210,71458,80696,1.1445,31.9,5.5,1,0,221,214,114
4539895,Lancaster city,3646,2332,46311,53252,1.1444,33.3,2.7,0,0,-129,-77,72
1919405,Decorah city,3038,1915,64366,75184,1.1444,36.1,0.8,0,0,122,194,94
1745694,McHenry city,11897,8353,86315,99489,1.1444,28.7,1.1,1,0,-96,110,105
48481,Wharton County,15890,10553,66924,77939,1.1444,30.4,3.2,1,0,159,444,458
72103,Naguabo Municipio,8618,5364,23395,27355,1.1443,36.7,1.1,1,0,-22,104,133
18011,Boone County,28738,20825,111250,127593,1.1443,23.7,3.8,1,0,212,241,214
5129744,Fredericksburg city,11720,8274,86071,97559,1.1443,20.7,8.7,1,0,140,465,150
51630,Fredericksburg city,11720,8274,86071,97559,1.1443,20.7,8.7,1,0,140,465,150
4841980,League City city,42950,32681,121099,138758,1.1443,21.6,2.3,1,0,465,583,889
1216125,Dade City city,2887,1721,70107,76955,1.1443,37.3,3.0,1,0,5,52,29
1780047,Westchester village,6908,3876,98954,112881,1.1442,42.7,1.2,1,0,65,21,-5
1838358,Jeffersonville city,22196,15477,70930,81101,1.1442,26.8,3.5,1,0,757,1181,868
2674900,Southfield city,34860,22034,68166,78108,1.1442,34.5,2.3,1,0,-904,474,974
22097,St. Landry Parish,32183,22172,44462,50701,1.1441,28.7,2.4,1,0,43,455,1177
19183,Washington County,8972,5872,75647,87038,1.1441,30.7,3.9,1,0,364,337,272
39019,Carroll County,11206,7136,64835,74299,1.1441,32.5,3.8,1,0,294,293,252
38089,Stark County,13537,9644,84449,97013,1.1441,23.6,5.2,1,0,739,688,455
17197,Will County,244273,180093,109984,125580,1.144,24.6,1.7,1,0,97,359,210
48207,Haskell County,2123,1360,60653,69524,1.144,34.8,1.2,0,0,81,72,27
3659223,Port Chester village,11056,8014,92222,104673,1.144,25.6,1.9,1,0,-270,-289,327
4848096,Midlothian city,13024,10101,126641,144733,1.144,20.8,1.6,1,0,-21,169,-109
20029,Cloud County,3819,2387,58770,66475,1.144,30.8,6.7,1,0,140,172,94
1652660,Middleton city,3601,2339,89013,99412,1.144,31.1,3.9,0,0,-48,-65,-44
19013,Black Hawk County,54563,34387,66417,75880,1.144,27.4,9.5,1,0,1504,1596,541
2855760,Pearl city,11249,8189,61695,69579,1.144,23.4,3.8,1,0,-46,-86,92
17111,McHenry County,117594,83445,104802,120696,1.1439,27.0,2.1,1,0,908,644,635
2523875,Fitchburg city,16659,12279,73040,83111,1.1439,22.1,4.2,1,0,160,442,161
42053,Forest County,1920,975,52191,61061,1.1439,47.8,1.5,0,0,69,80,47
54019,Fayette County,15948,10105,53194,61520,1.1439,34.4,2.2,1,0,226,446,433
3620698,Dobbs Ferry village,3962,2748,165417,177798,1.1438,27.4,3.2,0,0,82,94,73
34033,Salem County,24846,16341,79960,94105,1.1438,32.2,2.0,1,0,89,176,172
48333,Mills County,1799,1062,67620,76961,1.1438,37.7,3.3,1,0,71,79,84
0946450,Meriden city,24631,17350,71253,81120,1.1438,26.1,3.5,1,0,-538,-349,
2079000,Wichita city,158589,107703,64620,74085,1.1438,25.6,6.5,1,0,6019,7980,5661
19153,Polk County,205358,148664,83576,95929,1.1438,21.9,5.7,1,0,6695,5754,3511
4839004,Kermit city,2138,1528,81170,95942,1.1438,23.4,5.1,0,0,55,50,47
18003,Allen County,156570,109251,70737,80973,1.1437,25.0,5.3,1,0,5149,6365,4547
1664090,Pocatello city,22510,15655,60418,69007,1.1437,22.5,8.0,1,0,224,452,466
3954040,Newark city,20276,13589,61670,71485,1.1437,27.2,5.8,1,0,202,660,606
39035,Cuyahoga County,554551,371431,64468,74293,1.1437,29.3,3.7,1,0,9222,16054,12716
06003,Alpine County,435,223,105521,125568,1.1437,48.5,0.2,0,0,5,9,9
1849932,Mishawaka city,22850,15436,54291,61834,1.1437,25.9,6.5,1,0,179,838,1034
41017,Deschutes County,84933,56081,92758,107412,1.1437,31.0,3.0,1,0,-543,-180,-170
48377,Presidio County,2418,1490,43802,49082,1.1436,33.8,4.5,0,0,79,35,43
2567000,Springfield city,57772,42240,52656,60000,1.1436,23.4,3.5,1,0,-1240,-2170,388
2171688,Somerset city,4951,3365,34704,39674,1.1436,26.6,5.5,0,0,-235,-294,122
3971682,Shaker Heights city,12806,8117,104073,119310,1.1436,33.6,3.1,1,0,285,225,281
09120,Greater Bridgeport Planning Region,119633,83507,89667,103442,1.1436,28.3,1.9,1,0,-1420,-196,519
0553390,Paragould city,11680,8092,56980,65665,1.1436,25.2,5.5,1,0,287,697,729
55101,Racine County,80406,54842,78096,89406,1.1435,28.3,3.5,1,0,2567,2440,1876
1213150,Cocoa city,8531,5429,63105,71552,1.1435,35.1,1.3,0,0,-336,-304,157
12123,Taylor County,7976,4840,49073,55549,1.1434,36.7,2.6,0,0,-3,84,264
2415925,Chesapeake Beach town,2554,1741,138895,152188,1.1434,31.4,0.4,0,0,7,16,4
5526275,Fond du Lac city,19018,13184,62260,72190,1.1434,25.4,5.3,1,0,1083,1235,601
08051,Gunnison County,8494,5401,84527,93731,1.1434,21.3,15.1,0,0,-116,-87,74
4256456,Oil City city,3908,2581,51316,60142,1.1433,28.7,5.3,0,0,-9,95,147
2756680,St. Anthony city (Hennepin and Ramsey Counties),4272,2661,97363,110520,1.1433,36.5,1.2,1,0,102,102,89
3032800,Great Falls city,26379,16721,63373,72663,1.1433,31.0,5.7,1,0,808,921,790
2028300,Great Bend city,6043,3970,54139,61555,1.1433,27.2,7.1,0,0,108,176,300
4077550,Vinita city,2053,1365,47025,54696,1.1432,29.1,4.4,1,0,54,79,108
0603386,Azusa city,14870,11141,90721,102236,1.1431,21.7,3.4,1,0,-383,-263,569
3932606,Groveport city,2259,1627,93586,103657,1.1431,22.6,5.4,0,0,63,55,45
4937170,Hurricane city,8432,4717,75016,85753,1.1431,40.6,3.4,0,0,-111,-71,58
24021,Frederick County,104635,76942,122002,140271,1.143,24.6,1.9,1,0,337,1207,835
11001,District of Columbia,324491,246767,109870,126517,1.143,19.3,4.7,1,0,-18,-268,2128
29165,Platte County,43902,31437,96227,110166,1.1429,24.9,3.5,1,0,1396,1057,942
4824000,El Paso city,245346,175023,59745,68295,1.1429,24.4,4.3,1,0,265,3112,7561
0680000,Torrance city,54869,38178,116217,133167,1.1429,29.6,0.8,1,0,-1551,-691,1608
4840264,Lago Vista city,4420,2585,113457,127523,1.1429,40.4,1.1,0,0,-36,-19,-11
1701595,Antioch village,5297,3986,108899,129200,1.1428,20.9,3.8,1,0,38,54,46
45087,Union County,11611,7318,41621,47348,1.1428,33.3,3.7,1,0,-91,-16,341
24009,Calvert County,33465,24089,133922,153900,1.1427,26.6,1.5,1,0,74,213,71
4233088,Hatboro borough,3170,2384,112565,127302,1.1427,22.1,2.6,1,0,24,85,68
1347140,Locust Grove city,3359,2734,75083,85889,1.1427,15.3,3.3,0,0,-17,-15,15
37061,Duplin County,20787,13526,55148,63415,1.1426,29.7,5.2,1,0,362,597,912
26029,Charlevoix County,12267,7458,76531,87898,1.1426,35.9,3.3,1,0,247,271,240
4830920,Greenville city,11774,7470,62781,71574,1.1426,29.2,7.4,1,0,152,265,197
1768003,Schaumburg village,31655,22585,97514,110696,1.1426,25.4,3.2,1,0,456,478,504
38081,Sargent County,1751,1138,77946,87912,1.1426,30.8,4.2,1,0,102,72,33
1746136,Mahomet village,3471,2744,118586,132035,1.1426,17.8,3.2,1,0,5,13,5
22055,Lafayette Parish,100903,73113,67451,77493,1.1425,23.2,4.3,1,0,1225,2666,2747
2701486,Andover city,10970,8049,137593,156976,1.1425,25.8,0.8,1,0,54,79,44
47143,Rhea County,13475,8548,55033,63931,1.1425,32.7,3.9,1,0,514,731,623
48007,Aransas County,12478,7707,69466,78939,1.1425,34.6,3.7,1,0,64,115,145
3665255,Saratoga Springs city,13228,8980,105944,118594,1.1425,30.1,2.0,1,0,145,191,220
3613233,Cedarhurst village,2681,1679,101572,126246,1.1425,33.6,3.8,0,0,41,-70,19
45059,Laurens County,26959,17896,57623,65785,1.1425,30.5,3.2,1,0,477,883,1234
1275812,Wellington village,21859,15470,115632,134530,1.1425,28.4,0.8,1,0,-652,-393,-533
48463,Uvalde County,8417,5621,53801,62555,1.1424,30.3,2.9,0,0,236,355,447
4550695,North Augusta city,11168,7689,86092,97076,1.1424,28.3,2.8,1,0,643,556,616
0678148,Temple City city,11454,8334,104425,120407,1.1423,26.2,1.0,1,0,-172,-192,221
12111,St. Lucie County,137453,84299,71457,81840,1.1423,37.6,1.1,1,0,-1459,-2256,-1946
5525950,Fitchburg city,15703,10726,86516,99915,1.1423,19.6,12.1,1,0,325,632,389
3602044,Amityville village,3945,2262,106285,119864,1.1423,42.2,0.5,0,0,-127,-187,38
1878326,Valparaiso city,14611,9766,69872,79041,1.1423,25.5,7.7,1,0,271,337,176
34041,Warren County,45391,31179,100869,115186,1.1423,30.0,1.3,1,0,498,499,574
30093,Silver Bow County,15419,9630,61754,70018,1.1422,31.2,6.4,1,0,543,470,190
22003,Allen Parish,7854,5540,46469,53368,1.1422,27.2,2.2,0,0,-163,0,206
4810912,Bryan city,33622,23184,59289,67665,1.1421,19.9,11.2,1,0,-622,-327,526
05041,Desha County,4610,3026,37662,43623,1.1421,32.0,2.4,1,0,2,22,173
2537875,Malden city,26042,19696,100606,114917,1.142,19.5,4.9,1,0,-1342,-1347,1500
3628178,Garden City village,7655,5096,244152,258208,1.142,33.0,0.4,0,0,48,63,-2
45085,Sumter County,41083,26900,56693,64868,1.142,29.0,5.5,1,0,284,539,1048
0631260,Gridley city,2475,1783,57974,67411,1.1419,23.4,4.5,0,0,-4,59,73
2076475,Wellington city,2957,1843,50333,57775,1.1419,28.9,8.8,0,0,54,48,104
5379590,Woodinville city,5425,4111,164398,188905,1.1419,22.9,1.3,1,0,130,224,1
3964150,Port Clinton city,2716,1698,60909,71600,1.1418,33.8,3.7,0,0,34,58,38
20115,Marion County,4750,2780,64695,74410,1.1418,37.4,4.1,1,0,118,134,134
3732640,Hope Mills town,6543,4847,65774,74808,1.1418,21.9,4.1,1,0,16,164,165
3964486,Powell city,5163,3645,195495,220532,1.1418,29.0,0.4,0,0,94,110,-7
49029,Morgan County,3785,2707,130929,149432,1.1417,24.0,4.4,1,0,42,51,46
72041,Cidra Municipio,15010,9528,29246,33393,1.1417,34.9,1.7,1,0,550,701,809
48321,Matagorda County,15439,10424,58628,66430,1.1417,28.8,3.7,1,0,87,419,523
1738830,Justice village,4900,3669,57170,68117,1.1417,22.3,2.8,1,0,-393,-99,89
38079,Rolette County,3769,2719,59517,68227,1.1416,25.2,2.7,0,0,148,157,105
2007975,Bonner Springs city,2851,2063,83218,100405,1.1416,22.0,5.6,1,0,106,85,59
28163,Yazoo County,8767,5614,39295,44951,1.1416,29.3,6.7,0,0,-92,-130,230
3825700,Fargo city,59970,40024,66998,76960,1.1416,19.3,14.0,1,0,4175,4821,1804
2614820,Charlotte city,3625,2578,62681,73587,1.1416,25.4,3.5,1,0,127,180,70
54023,Grant County,4393,2606,62361,69448,1.1415,39.6,1.1,0,0,61,64,73
1912765,Charles City city,3223,1914,59180,67786,1.1415,36.7,3.9,1,0,61,87,23
20019,Chautauqua County,1356,825,56438,64466,1.1415,37.3,1.8,1,0,24,34,24
37101,Johnston County,85591,64439,83384,96623,1.1415,23.0,1.8,1,0,980,755,689
13187,Lumpkin County,11669,7174,77448,87614,1.1415,32.5,6.1,1,0,154,130,91
13045,Carroll County,44106,31166,73714,83805,1.1415,24.7,4.6,1,0,219,797,463
4805864,Bastrop city,4917,3555,81551,92190,1.1415,22.3,5.4,0,0,123,125,179
3653682,North Tonawanda city,14015,9495,66961,78085,1.1415,30.2,2.1,1,0,520,485,186
48373,Polk County,19517,12934,62259,72967,1.1414,31.2,2.6,1,0,138,317,560
3629443,Gloversville city,6749,4277,51556,59011,1.1414,28.4,8.2,1,0,82,276,322
54007,Braxton County,4790,2861,50331,57382,1.1414,38.0,2.2,1,0,146,159,157
28017,Chickasaw County,6674,4194,43586,49485,1.1414,33.8,3.4,0,0,384,342,229
1751089,Mount Prospect village,21600,15114,101720,116965,1.1414,28.6,1.4,1,0,260,269,281
4164900,Salem city,67629,46460,75487,86244,1.1413,26.2,5.1,1,0,-149,169,1096
3638264,Jamestown city,12602,8505,43523,50006,1.1413,26.8,5.7,1,0,-45,244,384
2831020,Hattiesburg city,20659,13553,46342,52899,1.1413,19.8,14.6,1,0,-976,-493,933
13259,Stewart County,1771,1221,33250,36771,1.1413,26.5,4.5,0,0,92,110,57
3432250,Hoboken city,28088,23326,180579,203604,1.1412,10.8,6.2,0,0,969,724,875
4224000,Erie city,39848,26846,46113,52657,1.1412,26.7,6.0,1,0,-553,-34,1220
54081,Raleigh County,29004,17877,52150,58953,1.1412,35.5,2.8,1,0,62,322,599
1750621,Morton village,6809,4203,94402,109866,1.1412,36.2,2.1,0,0,113,111,118
15007,Kauai County,23632,14296,97668,110579,1.1412,38.8,0.7,1,0,-220,-203,121
3725300,Fuquay-Varina town,14366,10579,115497,129909,1.1411,24.8,1.6,1,0,104,148,169
1210275,Cape Coral city,82914,51251,78104,89333,1.1411,37.1,1.1,1,0,-2828,-2704,-1386
5544950,Little Chute village,4997,3399,87538,97426,1.1411,20.5,11.4,1,0,379,384,267
2033875,Independence city,3665,2234,51069,58160,1.1411,32.3,6.7,0,0,72,175,105
2178384,Union city,2626,1805,136712,156318,1.1411,28.9,2.4,0,0,33,34,54
4876948,Webster city,5991,4413,61264,70604,1.141,18.7,7.6,0,0,-474,-98,404
2770420,Willmar city,8297,5151,62280,74012,1.141,29.3,8.6,1,0,267,489,231
4845384,McAllen city,48905,36271,61579,70766,1.1409,22.2,3.7,1,0,445,1057,1821
0632506,Hawaiian Gardens city,3948,2866,76341,89745,1.1409,27.4,0.0,1,0,-2,-68,161
4963570,Richfield city,2667,1842,74756,85146,1.1409,23.5,7.5,1,0,142,123,69
5517175,Cottage Grove village,3549,2688,139313,156901,1.1409,21.4,2.9,1,0,85,118,72
3471430,Summit city,8341,6317,190304,223251,1.1409,23.7,0.6,0,0,239,329,-173
29095,Jackson County,306798,215867,68577,78595,1.1409,24.5,5.1,1,0,1124,7085,5855
18083,Knox County,15169,9779,61237,69970,1.1408,29.9,5.7,1,0,774,787,629
3640189,Lackawanna city,8384,5616,52110,59662,1.1408,29.1,3.9,1,0,-118,265,160
12099,Palm Beach County,605430,363269,83581,96138,1.1408,38.2,1.8,1,0,-13184,-13274,-7353
1351492,Milledgeville city,5473,3152,41616,46329,1.1407,19.2,23.2,0,0,-143,-70,239
51003,Albemarle County,45912,29472,104392,119338,1.1407,31.8,4.0,1,0,547,559,777
21077,Gallatin County,3265,2339,63346,74181,1.1407,24.9,3.4,1,0,118,154,76
40083,Logan County,17834,12520,83899,94363,1.1407,27.7,2.1,1,0,307,243,228
2653020,Menominee city,3945,2422,49432,56467,1.1407,34.9,3.7,0,0,98,129,129
06093,Siskiyou County,19079,10746,59095,67779,1.1407,40.5,3.2,1,0,-192,-181,189
1962355,Perry city,3163,2207,68910,77853,1.1407,23.1,7.1,1,0,275,303,66
2521990,Everett city,17466,13872,85218,97140,1.1406,18.5,2.1,1,0,-1377,-1554,1106
1264400,Satellite Beach city,4315,2984,119134,137630,1.1406,30.1,0.8,0,0,17,34,34
31097,Johnson County,1708,1156,57632,66792,1.1406,30.3,2.0,0,0,38,59,43
4548535,Mount Pleasant town,39884,28720,124755,142249,1.1406,26.4,1.6,1,0,-795,-95,-1018
4807300,Bellaire city,6082,4108,244015,250564,1.1406,32.1,0.4,0,0,41,56,29
1738115,Jacksonville city,6745,4410,65432,73586,1.1405,30.6,4.0,1,0,308,311,209
4530985,Greer city,16285,12369,82626,95279,1.1405,20.9,3.1,1,0,644,598,476
0602476,Arcata city,7884,4481,46713,54511,1.1405,24.3,18.8,0,0,-695,-856,-144
5566800,Reedsburg city,4223,2789,75028,85595,1.1405,30.5,3.4,1,0,307,285,174
38023,Divide County,1016,674,91852,106200,1.1405,32.4,1.3,1,0,10,15,22
51047,Culpeper County,18924,13315,100049,114098,1.1404,27.7,1.9,1,0,306,254,241
1348288,Mableton city,29109,22733,77980,90764,1.1404,18.8,3.1,1,0,-177,429,467
05125,Saline County,50203,34416,79046,91086,1.1403,28.1,3.4,1,0,1454,1027,915
13225,Peach County,10598,7148,71293,82182,1.1403,29.4,3.1,1,0,474,579,517
5175216,Staunton city,11309,7165,65581,75509,1.1403,33.5,3.1,1,0,237,399,293
51790,Staunton city,11309,7165,65581,75509,1.1403,33.5,3.1,1,0,237,399,293
24019,Dorchester County,13546,8404,61839,71390,1.1403,36.0,2.0,1,0,96,140,131
4871948,Taylor city,6575,4490,75508,86323,1.1403,30.7,1.0,1,0,126,190,45
45091,York County,113785,82972,89095,102685,1.1403,24.1,2.9,1,0,1120,1976,1298
1866438,Rushville city,2522,1716,53434,62690,1.1403,27.0,4.9,0,0,22,58,181
34039,Union County,203277,148481,103202,118554,1.1402,25.3,1.6,1,0,-1004,-1377,855
39069,Henry County,11451,7496,80099,90251,1.1402,30.0,4.5,1,0,408,393,356
49037,San Juan County,4555,3043,64481,71938,1.1402,31.6,1.6,1,0,126,127,54
29049,Clinton County,8329,5670,70627,81011,1.1402,29.0,2.9,1,0,309,358,118
3539940,Las Vegas city,5948,3498,45125,51361,1.1401,32.1,9.0,1,0,-81,12,152
4640220,Madison city,2573,1568,65593,75088,1.1401,30.2,8.9,0,0,33,69,76
2706382,Blaine city,25794,19468,106801,123155,1.1401,22.9,1.6,1,0,30,95,143
4152100,Newberg city,9747,6725,93232,103166,1.1401,26.1,4.9,1,0,125,127,-93
20133,Neosho County,6464,3825,56618,65703,1.1401,33.8,7.0,0,0,141,168,91
1261500,Rockledge city,12275,7607,84255,96697,1.14,36.1,1.9,1,0,-215,-79,-50
47097,Lauderdale County,9325,6102,49879,56826,1.14,28.3,6.3,1,0,141,277,438
1047030,Middletown town,9013,6474,112831,129634,1.14,26.9,1.3,0,0,206,190,180
4211720,Catasauqua borough,2778,2063,85049,89360,1.14,20.6,5.1,0,0,122,104,66
53009,Clallam County,35046,18633,70370,80549,1.1399,44.9,1.9,1,0,302,654,561
21163,Meade County,11007,7900,74355,84341,1.1399,25.1,3.2,1,0,495,453,350
0446000,Mesa city,198498,134668,82752,94486,1.1399,27.5,4.6,1,0,-2857,174,1260
2718116,Eden Prairie city,25665,18674,130489,148233,1.1398,25.5,1.7,1,0,289,474,299
1270345,Sweetwater city,6721,4590,54967,61565,1.1398,27.6,4.2,0,0,110,-74,-57
5135624,Harrisonburg city,17360,10960,62254,73206,1.1398,18.6,18.2,1,0,255,479,528
51660,Harrisonburg city,17360,10960,62254,73206,1.1398,18.6,18.2,1,0,255,479,528
2537000,Lowell city,43183,33333,78658,89617,1.1397,19.0,3.8,1,0,-1089,-528,1910
1722073,East Moline city,8617,5789,61779,70531,1.1397,27.5,5.3,1,0,241,390,319
4947950,Mapleton city,3677,2533,133142,159010,1.1397,28.2,2.9,1,0,-43,13,-40
13121,Fulton County,462481,352289,95292,108778,1.1397,19.3,4.6,1,0,-4527,-830,89
3731060,Hickory city,18042,12181,64576,73026,1.1397,26.9,5.6,1,0,481,659,737
2612320,Cadillac city,4531,2661,51773,59883,1.1397,33.4,7.9,1,0,107,138,99
5187712,Woodstock town,2088,1454,76100,86257,1.1397,24.9,5.5,0,0,212,291,288
2757130,St. Joseph city,2302,1599,74946,85369,1.1396,21.6,8.9,0,0,-60,15,54
54051,Marshall County,12487,7775,59169,67500,1.1396,35.4,2.3,1,0,49,116,279
2737502,Little Canada city,4411,2933,77957,88134,1.1396,30.8,2.7,0,0,8,69,34
2208920,Bossier City city,25926,18150,55819,63714,1.1396,24.3,5.7,1,0,-395,77,923
28107,Panola County,12312,8023,45945,52657,1.1396,32.4,2.5,0,0,-96,-6,308
1749867,Moline city,18289,12009,67701,78046,1.1394,29.7,4.7,1,0,218,515,484
2143480,La Grange city,3777,2659,88464,101420,1.1394,23.7,5.9,0,0,105,99,103
4847700,Mercedes city,5205,3490,46904,52930,1.1394,30.4,2.5,0,0,-97,-30,181
4950150,Millcreek city,25920,18381,98045,111804,1.1393,24.6,4.4,1,0,642,484,338
4139700,Klamath Falls city,9239,6282,46693,54241,1.1393,23.0,9.0,1,0,-150,-46,136
0685446,Wildomar city,10760,7481,103506,118872,1.1392,29.1,1.4,1,0,59,21,28
13123,Gilmer County,13015,7630,74499,84887,1.1392,39.6,1.8,1,0,289,377,369
0510300,Cabot city,10160,7498,75000,85440,1.1392,23.5,2.7,1,0,342,363,299
3474630,Union City city,25725,19670,64310,73428,1.1392,20.3,3.2,1,0,-2105,-1682,1156
4233408,Hazleton city,11599,8392,46177,52192,1.1392,25.1,2.6,1,0,-398,-419,380
1249475,North Miami Beach city,15303,10703,63280,73277,1.1391,27.6,2.5,1,0,-805,-752,-13
28081,Lee County,32591,23338,67863,77763,1.1391,24.9,3.5,1,0,455,739,742
2127802,Flatwoods city,2866,1893,59972,68292,1.1391,32.7,1.3,0,0,73,90,69
2545000,New Bedford city,42271,29883,56981,65028,1.139,25.0,4.3,1,0,-1035,-471,849
55059,Kenosha County,68904,48838,81239,92982,1.139,25.4,3.7,1,0,1613,1711,1161
5526982,Fox Crossing village,8806,6029,79187,93371,1.139,24.4,7.1,0,0,893,770,641
37113,Macon County,18406,10367,59061,67656,1.139,39.4,4.3,1,0,443,549,603
29141,Morgan County,8699,5125,53412,60503,1.139,39.2,1.9,1,0,35,54,185
3684000,Yonkers city,81645,57566,83549,94999,1.1389,27.7,1.8,1,0,-3742,-2942,2293
20165,Rush County,1387,803,59970,68296,1.1389,35.3,6.8,1,0,39,44,30
3968686,Rossford city,2759,1942,71199,82968,1.1389,26.6,3.0,0,0,34,86,99
05001,Arkansas County,6705,4381,53164,60931,1.1389,31.5,3.1,0,0,150,283,293
3725480,Garner town,13899,9779,78756,92214,1.1389,26.3,3.3,0,0,-374,-137,239
55129,Washburn County,7566,4464,63441,72730,1.1389,38.6,2.4,1,0,138,141,104
2684000,Warren city,54744,39385,64016,72108,1.1388,26.1,2.0,1,0,-79,881,855
48179,Gray County,7991,5280,59614,68027,1.1388,28.3,5.6,0,0,248,229,177
0686328,Woodland city,21100,15616,90180,104244,1.1388,23.2,2.8,1,0,158,262,119
0124184,Enterprise city,11185,7979,73125,83345,1.1388,24.2,4.5,1,0,499,616,562
4101000,Albany city,21933,15058,78114,88790,1.1388,27.7,3.7,1,0,232,366,557
72109,Patillas Municipio,6434,3672,24396,27488,1.1388,41.6,1.3,1,0,-116,-58,-33
47075,Haywood County,7167,4512,50472,57640,1.1388,33.3,3.7,1,0,89,186,316
18007,Benton County,3454,2423,65875,76204,1.1387,28.3,1.6,1,0,106,102,42
41043,Linn County,50729,33243,76329,86936,1.1387,30.5,4.0,1,0,231,746,1348
2635100,Greenville city,3854,2269,63285,69697,1.1387,32.5,8.6,0,0,78,110,131
4206928,Blakely borough,2982,1748,55855,64156,1.1387,41.4,0.0,0,0,110,210,59
47019,Carter County,24425,15073,50135,57092,1.1386,35.5,2.8,1,0,862,684,612
0642524,Lompoc city,14199,10095,72004,81194,1.1386,24.3,4.6,1,0,-660,-353,525
4858820,Port Arthur city,21630,15150,46354,53171,1.1386,24.8,5.1,1,0,-531,-425,421
0165208,Robertsdale city,2711,1899,59152,67246,1.1386,29.5,0.4,0,0,52,65,-61
22105,Tangipahoa Parish,51999,36009,56760,65758,1.1385,26.1,4.7,1,0,-176,683,1239
29169,Pulaski County,16851,12281,64466,75119,1.1385,19.7,7.4,1,0,783,1064,1146
2676460,Sterling Heights city,51736,34934,79909,91045,1.1385,29.9,2.6,1,0,374,335,389
36105,Sullivan County,31434,20523,72382,83089,1.1385,32.1,2.6,1,0,682,581,297
1779267,Wauconda village,5039,3922,111239,128596,1.1385,19.8,2.4,1,0,102,74,76
08067,La Plata County,24378,16157,86056,97654,1.1385,29.2,4.6,1,0,-407,-122,78
13279,Toombs County,10409,6781,52621,60631,1.1385,30.3,4.6,1,0,290,716,619
0135896,Hoover city,37002,26065,109253,122689,1.1385,25.5,4.0,1,0,993,498,1192
09160,Northwest Hills Planning Region,47845,30617,93551,106635,1.1384,34.1,1.9,1,0,949,839,467
5502375,Appleton city,31030,21841,80483,93018,1.1384,25.8,3.8,1,0,1598,1230,809
0640354,La Quinta city,15962,8266,99250,113262,1.1384,47.1,1.1,1,0,-196,-170,-112
3231900,Henderson city,132573,89323,90138,103975,1.1384,30.9,1.8,1,0,-3267,-1030,-1004
3673000,Syracuse city,59816,41126,47819,54400,1.1383,24.1,7.1,1,0,-3406,-2066,1567
2634000,Grand Rapids city,80222,56989,69108,79584,1.1383,20.9,8.1,1,0,-125,1145,1829
2747221,North St. Paul city,4747,3149,84797,96846,1.1383,26.0,7.7,1,0,37,19,17
48235,Irion County,588,384,70357,82831,1.1383,33.3,1.4,0,0,7,23,26
29051,Cole County,31086,20706,74876,85179,1.1383,28.6,4.7,1,0,1645,1441,791
3452320,North Arlington borough,6649,4855,94201,108316,1.1382,25.7,1.3,0,0,101,228,273
3441310,Long Branch city,13140,8639,79653,90298,1.1382,28.5,5.7,1,0,-625,-718,-31
3454990,Oradell borough,2669,1909,221322,247767,1.1382,27.1,1.3,0,0,25,36,12
3430570,Hawthorne borough,7607,5164,110237,125434,1.1382,31.0,1.1,1,0,114,51,83
31013,Box Butte County,4505,2870,68892,77529,1.1382,31.3,5.0,1,0,128,158,100
22075,Plaquemines Parish,8218,6054,86315,98989,1.1382,24.8,1.5,1,0,6,119,20
5322640,Everett city,44647,33364,83512,94791,1.1381,22.0,3.3,1,0,-1754,-1004,1184
3413690,Clifton city,33614,23061,98237,111919,1.138,30.3,1.1,1,0,-1129,-573,394
17125,Mason County,5781,3666,62845,71199,1.138,33.4,3.2,1,0,180,160,78
0178552,Vestavia Hills city,13840,9710,134369,152342,1.138,26.8,3.0,1,0,54,97,71
5524550,Evansville city,2607,2015,81149,95250,1.138,19.7,3.0,0,0,193,117,115
29113,Lincoln County,22817,16522,89278,101131,1.1379,24.2,3.4,1,0,330,374,335
4147000,Medford city,34813,23039,73230,82859,1.1379,30.7,3.2,1,0,-104,492,813
72107,Orocovis Municipio,7028,4422,20302,23054,1.1379,36.4,0.7,0,0,71,48,225
5336745,Lacey city,23430,15439,90625,103917,1.1379,29.4,4.7,1,0,-774,-458,-330
54029,Hancock County,12824,7861,61466,70613,1.1379,36.5,2.2,1,0,410,548,559
0648354,Modesto city,72989,52531,79891,91077,1.1378,25.3,2.8,1,0,-2801,-2417,-1152
3758860,Salisbury city,14043,9316,53716,61466,1.1378,27.8,5.8,1,0,-234,10,509
2255000,New Orleans city,155821,110409,56631,64550,1.1378,26.8,2.4,1,0,-6734,-5478,109
22071,Orleans Parish,155821,110409,56631,64550,1.1378,26.8,2.4,1,0,-6734,-5478,109
2364675,Saco city,8998,6558,92241,103284,1.1378,26.0,1.1,1,0,-17,111,111
4659020,Sioux Falls city,85992,60619,75970,86566,1.1377,21.8,7.7,1,0,5376,4772,1583
47007,Bledsoe County,4858,3162,54720,62407,1.1377,33.2,1.7,0,0,112,205,133
18039,Elkhart County,72309,50414,68561,79355,1.1377,25.9,4.3,1,0,1829,2801,2301
21225,Union County,5198,3480,60327,68701,1.1377,31.4,1.6,1,0,208,251,278
3067900,Sidney city,2505,1913,62538,72244,1.1376,17.9,5.7,0,0,159,127,49
4865516,San Juan city,10440,7723,56562,64079,1.1376,24.7,1.3,1,0,33,151,145
4830644,Grapevine city,21593,16114,111376,128226,1.1375,21.3,4.1,1,0,113,362,113
4967440,Sandy city,33568,23424,112176,128294,1.1375,27.4,2.8,1,0,282,331,300
0473000,Tempe city,78279,52688,79663,91893,1.1375,16.1,16.6,1,0,-3897,-2590,-234
2903592,Battlefield city,2535,1652,94542,105350,1.1375,29.3,5.5,0,0,114,75,119
5475292,South Charleston city,6189,3951,63884,76317,1.1375,32.4,3.7,0,0,108,178,206
5116000,Chesapeake city,93626,68322,95373,109022,1.1374,24.3,2.8,1,0,142,453,492
51550,Chesapeake city,93626,68322,95373,109022,1.1374,24.3,2.8,1,0,142,453,492
01123,Tallapoosa County,17076,10871,59356,67541,1.1374,34.5,1.8,1,0,449,468,404
0428380,Goodyear city,38188,25637,103319,117565,1.1374,31.2,1.7,1,0,-741,-484,-591
12105,Polk County,289425,188619,65978,76088,1.1373,31.9,2.9,1,0,-335,980,428
0444270,Marana town,21767,14197,112606,125987,1.1373,33.0,1.8,1,0,146,224,112
17201,Winnebago County,116014,76918,65837,75317,1.1373,30.0,3.7,1,0,2645,4222,3380
2829180,Greenville city,11249,7425,40083,45573,1.1373,30.6,3.4,1,0,-382,-351,534
40051,Grady County,20688,14143,75419,85627,1.1373,28.9,2.7,1,0,975,985,753
0628112,Galt city,8394,6176,94393,111283,1.1373,25.0,1.4,1,0,-58,-34,4
0662896,Rosemead city,14434,10181,73566,84018,1.1372,27.8,1.7,1,0,-802,-771,511
05015,Carroll County,11347,6581,54230,63170,1.1372,39.8,2.2,1,0,164,193,230
53011,Clark County,196017,138066,97536,111537,1.1372,26.3,3.3,1,0,460,586,1190
24037,St. Mary's County,42436,30801,119446,136336,1.1372,23.3,4.1,1,0,139,619,540
0523170,Farmington city,3555,2537,90469,100835,1.1372,24.6,4.1,1,0,84,102,82
0820000,Denver city,335428,258571,94718,107983,1.1371,18.2,4.7,1,0,-960,91,3173
08031,Denver County,335428,258571,94718,107983,1.1371,18.2,4.7,1,0,-960,91,3173
1711592,Cary village,6468,4820,113026,129771,1.1371,23.7,1.8,0,0,-21,22,3
5368435,Sumner city,4586,3313,98191,112156,1.1371,23.8,3.9,1,0,-9,31,110
1853874,New Whiteland town,2010,1345,89918,102530,1.1371,29.4,3.7,0,0,49,33,35
2021675,Eudora city,2283,1819,118184,130552,1.1371,17.5,2.8,0,0,57,60,56
06099,Stanislaus County,177874,128810,81468,93481,1.1371,24.9,2.7,1,0,-2894,-1895,-357
3224100,Fallon city,3815,2489,73389,82576,1.1371,29.9,4.9,1,0,145,244,251
53029,Island County,35972,20709,90551,104755,1.137,39.4,3.1,1,0,-260,-3,2
0608100,Brea city,16787,11898,131129,145899,1.137,28.3,0.9,1,0,-269,185,600
4827684,Frisco city,77208,64196,150212,170746,1.137,13.8,3.1,1,0,1527,2713,-522
37001,Alamance County,70062,48223,65651,75531,1.1369,28.0,3.2,1,0,1284,2281,1972
4105800,Bend city,44436,30952,96394,110361,1.1369,26.6,3.7,1,0,-341,-305,-267
4807000,Beaumont city,45001,30108,56997,65114,1.1369,26.5,6.6,1,0,-695,17,612
48091,Comal County,71354,48131,101889,116037,1.1368,29.2,3.4,1,0,367,312,377
48423,Smith County,83134,55859,74192,84280,1.1368,29.2,3.6,1,0,1586,1771,1675
2701720,Anoka city,7385,5049,75948,85963,1.1368,28.4,3.3,1,0,215,177,19
0626000,Fremont city,78054,61636,181506,205583,1.1367,19.8,1.3,0,0,2916,3082,2294
5377105,Wenatchee city,14260,9490,73040,82798,1.1367,28.2,5.3,1,0,106,368,621
53035,Kitsap County,108537,71695,104158,119037,1.1367,30.0,3.9,1,0,-717,-516,184
23023,Sagadahoc County,16446,10521,87806,98520,1.1367,33.4,2.6,1,0,-2,-47,-2
1378800,Valdosta city,22532,13225,45925,52425,1.1367,24.2,17.1,1,0,-1744,-1447,1181
48141,El Paso County,299637,218581,59806,67977,1.1366,23.1,4.0,1,0,655,3519,7957
2941168,Lebanon city,6338,4422,48359,54842,1.1366,26.0,4.2,1,0,47,143,408
05059,Hot Spring County,12310,7928,55405,64417,1.1366,32.4,3.2,1,0,421,525,507
31089,Holt County,4050,2508,68513,77639,1.1366,33.8,4.3,1,0,197,221,180
4845744,McKinney city,74072,59711,124215,141318,1.1366,16.3,3.1,1,0,-434,879,-594
2908398,Bridgeton city,4747,3123,72005,81969,1.1365,32.2,2.0,0,0,47,100,68
13319,Wilkinson County,3473,2167,45465,51689,1.1365,35.1,2.5,0,0,56,81,97
0651560,Norco city,6616,4688,127566,145544,1.1365,28.4,0.7,1,0,-60,26,-70
0151096,Moody city,5338,3440,86627,99705,1.1364,32.5,3.0,0,0,56,169,155
1324600,Duluth city,13203,10063,95331,107176,1.1364,21.0,2.8,1,0,-443,-65,115
3635694,Horseheads village,3195,1857,61223,71262,1.1364,36.0,5.9,1,0,50,151,104
4835576,Hurst city,15763,10468,72210,81808,1.1364,29.4,4.2,1,0,125,163,207
02198,Prince of Wales-Hyder Census Area,2419,1540,61156,69432,1.1363,33.1,3.2,1,0,73,82,47
29153,Ozark County,3709,1982,44163,50180,1.1363,45.3,1.2,0,0,64,73,48
4263048,Quakertown borough,3541,2579,85959,92476,1.1363,25.4,1.8,1,0,98,100,103
3678608,Watertown city,11867,7669,51753,59068,1.1363,23.4,12.0,1,0,-126,337,531
1227322,Greenacres city,15249,10757,70491,80284,1.1363,27.7,1.8,1,0,-522,-597,-12
39111,Monroe County,5651,3567,60134,68371,1.1363,33.9,3.0,0,0,102,92,81
26053,Gogebic County,6989,4164,52732,59551,1.1363,38.8,1.7,0,0,120,147,84
28147,Walthall County,5290,3467,48905,55152,1.1363,33.4,1.0,0,0,56,76,111
4510855,Camden city,3656,2465,63576,75420,1.1362,31.3,1.2,0,0,-97,38,57
5327925,Grandview city,3451,2728,61106,68717,1.1362,17.1,3.9,1,0,173,271,197
0668084,San Leandro city,30454,21081,101420,115623,1.1362,29.2,1.6,1,0,-1066,-1179,1030
1230525,High Springs city,2165,1475,94421,104865,1.1362,31.9,0.0,1,0,-97,-104,-108
41035,Klamath County,28999,17898,58830,66695,1.1362,34.4,3.9,1,0,185,221,374
1744407,Lombard village,17262,12198,100362,114152,1.1362,25.9,3.4,1,0,-193,-143,-66
08035,Douglas County,139960,106238,149594,169944,1.1361,21.7,2.4,1,0,1743,3035,116
1723256,Elk Grove Village village,13011,8884,94175,107403,1.1361,30.8,0.9,1,0,123,143,18
26023,Branch County,16906,10841,63724,73342,1.1361,32.7,3.1,1,0,287,465,562
2511000,Cambridge city,49444,35725,130748,149517,1.136,20.1,7.6,1,0,-1045,353,1950
39161,Van Wert County,11549,7601,67917,77950,1.136,31.4,2.8,1,0,453,386,250
2159196,Paris city,4153,2785,55839,62638,1.136,29.9,3.0,0,0,149,226,163
4873710,Trophy Club town,4757,3754,201054,229982,1.136,20.8,0.3,0,0,101,123,18
45035,Dorchester County,63179,45560,78198,89344,1.1359,25.1,2.8,1,0,-160,-216,199
0614946,Colusa city,2477,1738,71250,79179,1.1359,28.8,1.0,0,0,-19,16,57
1884878,Winfield town,2483,1945,135870,156914,1.1359,21.3,0.4,0,0,8,10,4
3284800,Winnemucca city,3444,2414,81824,93969,1.1359,24.5,5.4,0,0,268,260,177
27099,Mower County,15719,10291,73074,82717,1.1359,30.6,3.9,1,0,497,477,255
4254656,Norristown borough,12642,9461,66701,75577,1.1359,19.8,5.3,1,0,-767,-171,165
51113,Madison County,5482,3402,84323,97416,1.1359,35.9,2.1,1,0,138,140,143
19047,Crawford County,6331,4114,67027,77609,1.1359,28.6,6.4,1,0,324,274,131
3457000,Paterson city,49865,37285,55997,64395,1.1359,22.1,3.2,1,0,-2341,-4782,1154
1822000,Evansville city,53095,35762,53387,60903,1.1358,26.4,6.3,1,0,-249,1618,1949
48189,Hale County,11024,7447,51897,59369,1.1358,26.2,6.3,1,0,159,209,475
0561670,Russellville city,10399,6891,50877,58133,1.1358,23.9,9.8,0,0,427,583,687
4856348,Pearland city,44410,34902,118842,137090,1.1357,19.6,1.9,1,0,-309,286,-164
5555050,Mukwonago village,3331,2518,98273,106410,1.1357,23.2,1.2,1,0,46,41,40
16007,Bear Lake County,2278,1395,75260,85514,1.1357,37.6,1.1,1,0,37,28,16
46103,Pennington County,46370,30019,74517,84586,1.1357,30.2,5.1,1,0,1285,1252,1006
0648872,Monterey city,12534,8242,102846,116382,1.1357,31.2,3.1,1,0,-518,-450,328
3731400,High Point city,45872,31933,64561,73181,1.1356,25.8,4.6,1,0,465,1198,1569
46083,Lincoln County,27879,20073,99166,112230,1.1356,22.4,5.6,1,0,1305,825,577
18087,LaGrange County,12897,8930,84487,94569,1.1356,26.8,3.9,1,0,451,318,296
0425300,Fountain Hills town,11031,5033,112654,126086,1.1356,53.8,0.6,1,0,-70,15,-71
4835528,Huntsville city,15962,9037,47529,53116,1.1356,23.6,19.8,1,0,-706,-286,100
2606900,Belding city,2157,1563,60373,68795,1.1356,23.7,3.8,1,0,-6,14,32
5357535,Redmond city,33100,26858,162560,186496,1.1355,14.1,4.8,1,0,2406,3274,1440
1864260,Richmond city,14849,9246,45399,51433,1.1355,30.0,7.7,1,0,-215,188,577
2546598,North Attleborough Town city,12984,9271,112665,127221,1.1355,26.5,2.0,1,0,300,156,172
17041,Douglas County,7765,5204,77320,89642,1.1355,30.2,2.8,1,0,305,308,259
1241250,Longwood city,6465,4600,78548,90772,1.1355,28.1,0.7,1,0,-186,-125,-56
4276904,Titusville city,2465,1456,38194,42273,1.1355,36.1,4.8,0,0,-34,-67,119
0660242,Reedley city,7311,5543,63307,74851,1.1355,22.0,2.2,0,0,-433,-56,91
0577090,Wynne city,3133,2079,43250,49837,1.1354,29.4,4.2,0,0,-35,25,91
3915644,Clayton city,5387,3547,92879,105447,1.1354,32.3,1.8,1,0,124,106,112
26121,Muskegon County,67732,45616,65024,74799,1.1354,29.7,2.9,1,0,550,1354,1393
4901310,American Fork city,11516,8665,98878,112354,1.1354,16.4,8.3,1,0,186,149,130
72049,Culebra Municipio,524,282,29630,33750,1.1354,42.2,4.0,0,0,7,24,7
27123,Ramsey County,221327,156004,81568,93548,1.1354,25.0,4.5,1,0,2949,2250,2408
3454870,Old Tappan borough,1938,1266,205385,229839,1.1353,34.7,0.0,0,0,7,16,9
35039,Rio Arriba County,15647,9538,57155,64307,1.1353,36.7,2.4,1,0,362,481,511
13073,Columbia County,55149,40408,95592,108427,1.1352,25.0,1.7,1,0,86,272,33
10003,New Castle County,224173,156569,91166,103944,1.1352,27.4,2.7,1,0,2290,3833,2442
4115250,Coos Bay city,6978,4149,56524,63447,1.1352,37.1,3.5,0,0,12,120,133
50025,Windham County,19784,11856,72217,82696,1.1352,38.4,1.7,1,0,408,431,264
26143,Roscommon County,11579,5974,55246,63188,1.1352,45.7,2.7,1,0,142,172,190
3978932,University Heights city,4686,3283,96971,112033,1.1351,24.6,5.4,0,0,62,61,75
2601740,Alpena city,5088,3141,47545,54422,1.1351,34.2,4.1,0,0,57,127,199
45063,Lexington County,121964,85329,77408,87506,1.1351,27.1,2.9,1,0,1371,1752,1765
5370000,Tacoma city,93033,67597,85884,98032,1.1351,22.2,5.2,1,0,-1866,-438,267
4870904,Sulphur Springs city,6118,4124,62397,71724,1.135,27.6,5.0,1,0,321,329,309
4733280,Hendersonville city,25255,17746,97200,111968,1.135,25.6,4.1,1,0,177,188,173
05085,Lonoke County,28554,20892,72828,82473,1.135,24.3,2.5,1,0,955,1070,791
12129,Wakulla County,12745,8411,81895,90726,1.135,29.4,4.6,1,0,229,168,165
4751560,Murfreesboro city,60683,43957,80108,90734,1.1349,17.8,9.7,1,0,176,-53,387
0630658,Grand Terrace city,4736,3255,83628,98929,1.1349,29.0,2.3,0,0,-128,-234,-116
72099,Moca Municipio,13831,9155,23586,26949,1.1349,32.1,1.7,1,0,128,236,474
1714026,Chicago Heights city,9224,6610,54798,62980,1.1349,26.2,2.1,0,0,-90,44,61
41067,Washington County,235406,173687,107772,122886,1.1349,23.1,3.1,1,0,-428,1208,2308
2759350,Shakopee city,16655,13311,107223,123642,1.1349,17.4,2.7,1,0,164,126,154
29097,Jasper County,49489,33429,60694,68807,1.1349,26.6,5.9,1,0,1040,1656,2206
3771860,Wendell town,4957,3818,95787,110807,1.1348,21.0,2.0,1,0,6,29,60
4970850,South Jordan city,26740,20340,134047,152487,1.1348,21.7,2.2,1,0,78,436,-70
4253568,New Freedom borough,1925,1257,120037,138762,1.1348,34.7,0.0,1,0,1,7,-14
3974608,Steubenville city,7097,4626,48172,54370,1.1348,29.8,5.0,1,0,-32,92,226
47013,Campbell County,17186,11065,51557,58973,1.1348,31.9,3.7,1,0,394,515,681
18091,LaPorte County,43633,28380,71055,79913,1.1348,31.8,3.2,1,0,1450,1725,1509
4105350,Beaverton city,41156,30808,98622,111196,1.1347,21.7,3.4,1,0,-282,106,804
3985036,Wickliffe city,5093,3260,81750,91984,1.1347,34.3,1.7,1,0,55,94,106
1365296,Rincon city,4376,3385,74417,84208,1.1347,17.6,5.0,0,0,47,15,59
50017,Orange County,12742,8134,82232,94515,1.1347,35.2,0.9,1,0,133,164,152
47151,Scott County,8755,5894,44711,50617,1.1347,29.0,3.6,1,0,220,302,203
2576030,Westfield city,15822,10875,87753,99298,1.1347,29.2,2.0,1,0,654,525,134
1050800,New Castle city,2774,1752,89205,102037,1.1347,36.8,0.0,0,0,-17,69,110
4822660,Edinburg city,35680,27155,59466,67593,1.1347,17.2,6.7,1,0,872,1387,1879
47047,Fayette County,17210,11144,88456,99077,1.1346,33.9,1.3,1,0,295,231,267
1780645,Westmont village,10694,6933,88090,101573,1.1346,32.5,2.7,1,0,343,576,178
53055,San Juan County,9015,4632,84800,97088,1.1345,46.6,2.0,1,0,19,-33,-3
3447610,Montvale borough,3126,2140,178269,203670,1.1345,31.4,0.2,0,0,23,26,-37
40071,Kay County,16776,10567,58423,66540,1.1345,32.4,4.7,1,0,622,792,752
04013,Maricopa County,1730696,1210933,89300,101789,1.1345,25.8,4.2,1,0,-18729,-739,-1605
2709154,Byron city,2381,1793,124010,140828,1.1345,22.0,2.6,1,0,14,19,16
29145,Newton County,22129,14560,66301,74675,1.1344,30.8,3.5,1,0,868,845,788
0639122,Lafayette city,9623,6391,228250,250328,1.1344,33.3,0.3,0,0,312,477,203
0656112,Patterson city,6525,4997,93650,108521,1.1344,20.1,3.3,1,0,98,48,67
4272648,South Williamsport borough,2665,1838,64583,75293,1.1344,27.6,3.5,0,0,133,191,192
0670280,Saratoga city,10783,6752,250001,266719,1.1344,37.1,0.3,0,0,172,210,-88
21125,Laurel County,23996,16855,57771,66112,1.1344,26.6,3.2,1,0,661,810,956
1715664,Colona city,1978,1374,79700,92091,1.1344,28.7,1.8,1,0,183,189,171
29027,Callaway County,16485,11109,74176,83754,1.1344,29.0,3.7,1,0,653,681,488
47181,Wayne County,5982,3683,52294,58464,1.1343,34.8,3.6,1,0,75,37,125
0633364,Hermosa Beach city,8934,7087,166442,192113,1.1342,18.9,1.8,0,0,228,262,229
3428680,Hackensack city,20214,14407,84277,96088,1.1342,26.1,2.6,1,0,-1241,-707,62
3922694,Dublin city,17995,13703,160296,183943,1.1342,23.2,0.7,1,0,364,515,179
48479,Webb County,81373,61471,63058,72156,1.1342,21.0,3.5,1,0,605,1814,2935
3224900,Fernley city,8789,6497,89517,97850,1.1342,24.2,1.9,1,0,-136,-100,-46
2756950,St. Francis city,2989,2337,111198,125076,1.1342,18.4,3.4,1,0,36,39,43
1940845,Keokuk city,4350,2780,52711,61099,1.1342,32.4,3.7,1,0,13,162,58
09180,Southeastern Connecticut Planning Region,115768,76653,86586,98897,1.1341,29.6,4.1,1,0,989,2075,806
23013,Knox County,18484,10477,74096,83598,1.1341,40.3,3.0,1,0,389,439,335
1767548,Sandwich city,2743,1908,80768,91714,1.1341,28.6,1.8,1,0,69,58,35
1021200,Dover city,15428,10072,60199,68294,1.1341,29.6,5.2,1,0,-816,-1091,436
47001,Anderson County,32755,21300,66183,76428,1.134,31.7,3.3,1,0,664,905,507
47169,Trousdale County,3700,2638,72747,76622,1.134,24.7,4.0,0,0,225,194,25
37039,Cherokee County,13241,7126,53628,61674,1.134,43.1,3.1,1,0,171,187,310
5380010,Yakima city,35726,23656,62815,71789,1.134,29.7,4.1,1,0,784,1066,1035
4513015,Central town,1942,1283,60258,69023,1.134,12.5,21.4,0,0,150,93,122
1743250,Libertyville village,7664,5513,165667,192551,1.1339,27.7,0.3,1,0,158,186,63
47079,Henry County,13452,8254,50613,57557,1.1339,36.1,2.5,1,0,445,452,319
4065000,Sallisaw city,3427,2211,48036,53125,1.1339,30.5,5.0,0,0,0,57,212
0901150,Ansonia city,7212,4899,85877,94675,1.1339,29.4,2.7,1,0,41,109,
4875428,Victoria city,25550,17620,67226,75706,1.1339,26.0,5.0,1,0,533,1222,1205
1712476,Channahon village,4547,3335,119494,138782,1.1338,22.1,4.5,1,0,40,40,39
1249600,North Palm Beach village,6478,3585,90049,100175,1.1338,43.2,1.5,1,0,-81,-144,-45
54071,Pendleton County,2342,1245,64931,73345,1.1338,44.2,2.6,0,0,61,71,73
3654485,Ogdensburg city,4012,2827,61824,69221,1.1338,25.6,3.9,1,0,244,256,201
4923200,Enoch city,2280,1678,80750,92075,1.1338,22.8,3.6,1,0,17,33,30
32007,Elko County,19627,14841,86487,96590,1.1337,20.2,4.1,1,0,618,592,462
21107,Hopkins County,18397,11963,56815,64690,1.1337,30.9,4.1,1,0,354,544,647
0557170,Prairie Grove city,2769,1968,70701,79199,1.1337,25.1,3.8,0,0,39,63,105
3446680,Millville city,11845,7577,70275,79476,1.1337,33.9,2.1,0,0,-3,405,451
30103,Treasure County,360,251,67917,76833,1.1336,30.3,0.0,0,0,18,29,29
0163288,Rainbow City city,4131,2671,56398,63066,1.1336,29.9,5.4,0,0,15,171,157
0462000,Safford city,3681,2333,65647,73678,1.1336,27.7,8.9,1,0,85,73,151
47187,Williamson County,92214,67679,135594,154047,1.1336,24.9,1.7,1,0,981,1551,151
1835302,Huntington city,7009,4657,56520,62942,1.1336,24.3,9.2,1,0,259,434,349
0137000,Huntsville city,95310,65137,74714,84687,1.1335,25.0,6.6,1,0,3551,4217,2440
06105,Trinity County,5585,2785,53002,58591,1.1335,49.0,1.2,0,0,-41,11,103
37017,Bladen County,11824,6982,42422,47325,1.1335,37.5,3.5,1,0,-153,-12,278
3421450,Emerson borough,2636,1674,155536,177252,1.1335,36.5,0.0,1,0,10,5,9
5510375,Brown Deer village,5818,3855,93974,102237,1.1335,29.6,4.1,0,0,57,104,107
0639496,Lake Forest city,30466,22792,135175,154774,1.1335,23.4,1.8,1,0,-427,48,96
0134024,Helena city,7613,5972,115139,133581,1.1334,20.5,1.1,1,0,-43,-2,-62
26021,Berrien County,63999,40849,65425,74636,1.1334,32.3,3.9,1,0,1152,1750,1086
3604198,Baldwinsville village,3689,2298,77241,89032,1.1334,34.0,3.7,1,0,72,118,142
72009,Aibonito Municipio,9777,5632,21744,25080,1.1334,41.6,0.8,0,0,-13,61,162
4073250,The Village city,4755,3246,77108,87184,1.1334,25.3,6.5,1,0,125,139,132
0649670,Mountain View city,35767,28576,189917,215758,1.1334,17.0,3.1,0,0,1033,1651,938
40077,Latimer County,3901,2360,41405,47471,1.1333,34.6,4.9,0,0,95,113,57
29081,Harrison County,3195,1954,54367,62143,1.1333,34.5,4.4,1,0,147,119,138
3730120,Havelock city,6000,4338,58408,66260,1.1333,10.9,16.8,0,0,-317,-271,227
26089,Leelanau County,9645,4979,99422,112973,1.1333,48.0,0.4,1,0,42,45,48
56005,Campbell County,17988,13094,89869,103262,1.1332,22.0,5.2,1,0,476,369,281
3103950,Bellevue city,25390,17638,85462,97071,1.1332,25.1,5.5,1,0,910,784,529
3915000,Cincinnati city,144297,101088,52909,60404,1.1332,20.5,9.5,1,0,-1084,1409,3310
4807552,Benbrook city,10062,6835,86292,99222,1.1332,29.1,3.0,1,0,-134,91,102
4801000,Abilene city,46917,30800,62648,71909,1.1332,23.9,10.5,1,0,566,1136,1310
4748980,Millersville city,2372,1767,71789,81612,1.1332,23.7,1.8,0,0,-83,16,60
56003,Big Horn County,4460,2672,62101,73005,1.1331,36.9,3.2,1,0,184,172,81
5585300,West Allis city,28311,20010,67611,76153,1.133,25.8,3.5,1,0,1040,1329,865
13305,Wayne County,11061,7598,53427,61402,1.133,27.7,3.6,0,0,245,714,735
0467800,Snowflake town,1782,1202,76174,87854,1.133,30.6,2.0,0,0,28,2,28
4021900,Duncan city,9492,5858,58054,64990,1.133,32.7,5.6,1,0,125,271,365
3665508,Schenectady city,29184,20437,58399,65795,1.1329,24.3,5.7,1,0,-899,-329,327
46043,Douglas County,1138,658,86442,98478,1.1329,35.0,7.2,1,0,57,49,34
0602252,Antioch city,37381,27729,97465,111324,1.1329,24.4,1.4,1,0,-1076,-1450,467
26047,Emmet County,15190,9192,78112,89477,1.1328,34.8,4.7,1,0,353,360,297
47165,Sumner County,78582,55476,90301,102798,1.1328,25.7,3.7,1,0,1002,1364,864
3931150,Grafton village,853,626,90724,101739,1.1328,25.9,0.7,0,0,25,24,22
47105,Loudon County,24056,13659,84185,95199,1.1328,40.9,2.3,1,0,561,454,385
2582000,Worcester city,79501,58654,70102,78812,1.1328,21.0,5.2,1,0,-2509,-2223,672
4211272,Carlisle borough,9223,6165,61720,70793,1.1327,26.4,6.7,0,0,208,289,175
53067,Thurston County,118899,80578,96563,109097,1.1327,28.4,3.8,1,0,-1516,-886,-335
2140222,Jeffersontown city,12479,8167,81506,93802,1.1327,32.2,2.4,1,0,411,336,387
56027,Niobrara County,1188,617,64113,70885,1.1327,44.5,3.5,0,0,134,116,38
48177,Gonzales County,7926,5366,58672,65663,1.1327,28.0,4.3,1,0,232,295,442
24041,Talbot County,16433,9107,84811,96863,1.1327,43.7,0.9,1,0,206,176,75
0849600,Mead town,1978,1536,125357,141912,1.1327,22.3,0.0,0,0,-18,0,-18
45079,Richland County,167961,116126,63784,72741,1.1327,23.1,7.8,1,0,-3162,-607,694
54039,Kanawha County,76459,48036,60943,69309,1.1327,33.9,3.3,1,0,1807,2346,2741
0670224,Santee city,21196,15397,113394,129178,1.1327,26.9,0.5,1,0,-628,-472,378
31153,Sarpy County,74097,54885,103321,116862,1.1326,21.1,4.8,1,0,1922,1237,1377
39049,Franklin County,553099,410397,75176,85155,1.1326,20.2,5.6,1,0,12242,16127,14824
2717486,East Bethel city,4468,3477,110000,127733,1.1326,21.6,0.6,1,0,27,12,15
29181,Ripley County,4002,2418,42037,47538,1.1326,34.6,5.0,0,0,-4,21,65
2963956,St. Ann city,5880,3911,52323,61688,1.1326,26.9,6.6,0,0,119,349,26
0671106,Shafter city,5677,4587,71215,79188,1.1326,18.3,0.9,0,0,-41,2,78
16063,Lincoln County,1848,1282,71453,80858,1.1325,28.0,2.7,1,0,88,94,87
12007,Bradford County,9278,5909,63050,71270,1.1325,33.6,2.7,1,0,188,318,381
35053,Socorro County,5269,3159,36570,42433,1.1325,38.6,1.5,0,0,-48,-72,115
2124274,Elizabethtown city,13684,9644,60760,69047,1.1325,24.7,4.8,1,0,1125,1196,758
3476070,Vineland city,21617,14849,67860,77978,1.1324,29.4,1.9,1,0,-348,111,197
26067,Ionia County,23355,16282,75611,85827,1.1324,27.8,2.5,1,0,581,663,615
12089,Nassau County,39307,24298,89804,102214,1.1324,35.9,2.3,1,0,-83,85,71
16039,Elmore County,11067,7685,65359,74956,1.1324,23.1,7.4,1,0,88,269,301
0817375,Cortez city,3715,2246,54247,61591,1.1323,33.2,6.4,0,0,-57,0,50
1228400,Haines City city,11511,8212,65975,73957,1.1323,25.6,3.1,1,0,10,232,154
3951310,Monroe city,5259,3820,105250,121834,1.1322,24.5,2.8,1,0,58,51,56
1971625,Sergeant Bluff city,1808,1415,123481,137296,1.1322,19.0,2.7,1,0,56,60,80
48339,Montgomery County,247541,183462,97701,110850,1.1322,22.4,3.4,1,0,3231,2504,3247
06065,Riverside County,775335,547032,93074,106104,1.1321,27.7,1.7,1,0,-12188,-15008,-13448
3139345,Plattsmouth city,2850,1949,73929,84010,1.1321,23.7,7.9,1,0,73,75,44
4730960,Greenbrier town,2460,1869,85174,96738,1.1321,21.2,2.8,1,0,41,46,22
56037,Sweetwater County,17502,12514,75034,84965,1.1321,22.8,5.7,1,0,703,669,437
17193,White County,5672,3530,54813,61740,1.132,35.8,1.9,1,0,133,207,98
17055,Franklin County,16137,10148,56740,64821,1.1319,33.9,3.2,1,0,332,620,355
5460028,Oak Hill city,3344,2287,52466,59202,1.1319,29.1,2.5,0,0,22,22,-20
1949755,Marshalltown city,10135,6973,69068,77714,1.1319,25.9,5.3,1,0,595,602,359
4802260,Alvarado city,1817,1365,80523,91146,1.1319,20.4,4.5,0,0,40,2,3
4059850,Ponca City city,9371,6143,55941,63854,1.1318,29.4,5.0,1,0,290,480,502
16047,Gooding County,5702,3773,63559,72321,1.1318,31.0,2.9,1,0,45,111,180
4866428,Seagoville city,5278,4151,66743,78598,1.1318,19.0,2.3,0,0,-63,-20,-14
4167100,Sherwood city,6985,5503,109966,132477,1.1318,18.6,2.6,1,0,-276,-145,-194
2956272,Park Hills city,3661,2536,52563,58193,1.1318,18.7,12.1,0,0,65,84,113
5357745,Renton city,40672,31404,100432,113799,1.1318,18.8,4.0,1,0,-767,-1040,557
4226592,Forest Hills borough,3112,1946,89688,99190,1.1318,34.4,3.1,1,0,89,82,61
51037,Charlotte County,4704,2985,58000,66333,1.1317,35.8,0.7,0,0,10,42,142
35001,Bernalillo County,285495,192025,69473,78738,1.1317,28.6,4.2,1,0,2899,5472,6025
06111,Ventura County,280360,190821,109797,125474,1.1317,30.4,1.5,1,0,-9430,-9850,1637
37067,Forsyth County,159925,109950,67165,76422,1.1317,27.1,4.1,1,0,2395,4258,3627
4826232,Flower Mound town,28128,22178,161235,181688,1.1317,20.6,0.6,1,0,398,635,-329
3945108,Loveland city,5089,3608,94323,106840,1.1316,27.3,1.8,1,0,64,85,84
48399,Runnels County,3809,2407,62632,71011,1.1316,34.2,2.7,1,0,219,167,120
08101,Pueblo County,68523,44550,64010,73405,1.1316,31.4,3.6,1,0,309,866,818
40133,Seminole County,8782,5742,48062,54277,1.1316,31.3,3.3,1,0,125,202,317
4043750,Lone Grove city,1967,1382,74265,82468,1.1316,25.4,4.3,0,0,115,114,115
5426452,Fairmont city,8017,5114,63032,72680,1.1315,24.9,11.3,0,0,443,418,364
5503225,Ashland city,3399,2200,54529,62170,1.1315,31.1,4.1,1,0,97,144,66
42043,Dauphin County,121358,82383,76242,86353,1.1315,27.6,4.5,1,0,3285,3683,2917
0628168,Gardena city,20822,14761,84803,97189,1.1315,27.7,1.4,1,0,-831,-510,714
55079,Milwaukee County,392399,280577,64435,73511,1.1315,23.4,5.1,1,0,7057,13424,11689
4575850,West Columbia city,8516,5105,56912,64082,1.1314,32.3,7.7,1,0,101,187,212
5183136,Warrenton town,3985,2593,83331,94638,1.1314,31.6,3.3,0,0,145,70,9
72011,Añasco Municipio,9524,6022,24436,27547,1.1314,35.6,1.2,1,0,193,264,281
1812934,Clarksville town,9392,6600,60467,68624,1.1313,25.0,4.8,0,0,157,278,309
4223016,Elizabethtown borough,4590,3201,76105,86526,1.1313,26.4,3.9,1,0,214,177,96
3955916,Niles city,8678,5346,50953,58340,1.1313,33.0,5.4,0,0,50,283,456
54045,Logan County,12760,7611,49723,56259,1.1313,37.0,3.3,1,0,208,295,453
2631420,Garden City city,11004,7750,67294,78869,1.1313,27.3,2.3,1,0,-70,136,284
1262100,Royal Palm Beach village,14011,9953,96027,108259,1.1313,28.3,0.6,1,0,-104,-214,-199
2747690,Oak Grove city,3073,2309,117696,133860,1.1313,24.7,0.2,0,0,15,19,18
2638700,Holly village,2597,1964,64305,76559,1.1312,20.3,4.1,1,0,202,128,56
37009,Ashe County,12201,7307,56866,64890,1.1312,36.9,3.2,1,0,198,340,372
28161,Yalobusha County,4996,3197,49151,55516,1.1311,34.7,1.3,0,0,107,179,240
12059,Holmes County,7011,4272,49343,55595,1.1311,36.7,2.3,1,0,159,110,191
12027,DeSoto County,12824,7457,54417,60704,1.1311,39.0,2.9,1,0,53,135,396
2020075,El Dorado city,5436,3386,59180,67137,1.1311,28.8,8.9,1,0,377,401,123
4933540,Harrisville city,2366,1893,88750,97234,1.1311,18.7,1.3,1,0,37,38,49
3462430,Red Bank borough,5983,3978,97477,109571,1.1311,33.2,0.3,0,0,33,-8,-11
0660620,Richmond city,40806,29429,95391,107240,1.131,25.7,2.2,1,0,-702,-1177,1156
0560410,Rogers city,26265,19808,86728,97239,1.131,19.9,4.6,1,0,1407,1329,1097
5560200,Oregon village,4745,3696,102978,115455,1.131,19.6,2.5,0,0,130,73,41
2005337,Bel Aire city,3315,2301,97795,107059,1.131,25.6,5.0,0,0,15,12,15
54013,Calhoun County,2525,1430,43980,48922,1.131,42.7,0.6,0,0,-3,-1,33
4865726,Santa Fe city,4693,3479,99190,110994,1.131,25.5,0.4,1,0,149,98,128
2128900,Frankfort city,12906,8807,53073,60635,1.1309,25.9,5.9,1,0,124,395,374
0655282,Palo Alto city,26021,17588,231101,246567,1.1309,30.5,1.9,0,0,659,1372,-385
5308850,Burien city,19672,14189,91318,105257,1.1309,25.7,2.1,1,0,149,290,229
21065,Estill County,5975,3935,46051,52672,1.1309,30.3,3.8,1,0,193,237,268
3502000,Albuquerque city,243733,165603,68317,77521,1.1309,27.5,4.5,1,0,2077,4866,5520
56021,Laramie County,43279,29539,80173,91370,1.1309,26.4,5.3,1,0,1274,1197,1006
29159,Pettis County,16996,11407,60430,68390,1.1309,27.7,5.1,1,0,465,555,610
4525810,Florence city,16413,11460,56143,63901,1.1309,26.8,3.4,1,0,-201,234,530
1202681,Aventura city,17507,10580,89274,96665,1.1309,37.6,2.0,1,0,-626,-853,-576
01133,Winston County,9420,6067,57256,65194,1.1308,32.5,3.1,1,0,167,197,293
1735086,Hillside village,3170,2325,72320,81204,1.1308,25.8,0.9,0,0,-158,-35,26
05145,White County,29629,19790,55249,63228,1.1308,27.9,5.3,1,0,895,1229,1216
3469390,South Plainfield borough,8351,5663,130239,149826,1.1308,32.0,0.2,1,0,11,142,95
4833320,Hereford city,4873,3410,56868,65480,1.1308,23.1,6.9,0,0,307,449,292
47123,Monroe County,19714,12394,56895,64025,1.1308,34.4,2.7,1,0,363,483,631
2046000,Merriam city,5324,3620,73600,82258,1.1308,26.7,5.3,1,0,177,279,164
3575640,Sunland Park city,5557,3929,62814,69294,1.1308,22.2,7.1,1,0,132,116,114
2735180,Lakeville city,25685,20515,139041,156458,1.1308,18.1,2.0,1,0,80,162,46
0684410,West Hollywood city,22920,17851,96995,109320,1.1308,18.5,3.6,1,0,-5,-84,1483
3425200,Freehold borough,4201,2888,85707,92608,1.1307,28.7,2.6,0,0,-193,-197,-82
0614274,Coalinga city,4161,3269,75451,85118,1.1307,17.1,4.3,1,0,103,139,154
1207950,Bradenton city,24356,14275,60822,68848,1.1307,39.6,1.7,1,0,-1041,-1144,-225
0956200,Norwich city,17092,11809,65024,75321,1.1307,25.3,5.6,1,0,-546,-20,
2205000,Baton Rouge city,88205,56527,49994,56526,1.1307,24.4,11.5,1,0,-3971,-2276,994
5351340,Omak city,2019,1440,76544,85427,1.1307,26.7,1.9,1,0,203,218,
2621020,Dearborn Heights city,22242,15538,60391,68479,1.1306,28.6,1.6,1,0,-951,-735,821
5351300,Olympia city,25451,17160,81302,91112,1.1306,28.2,4.4,1,0,-930,-855,15
3539380,Las Cruces city,47517,30527,55422,62880,1.1306,26.0,9.7,1,0,-756,359,1626
1914430,Clinton city,10754,6947,60230,68119,1.1306,31.4,4.0,1,0,117,127,141
4214064,Clearfield borough,2664,1661,54646,60577,1.1305,31.5,6.2,1,0,196,256,215
2965000,St. Louis city,144891,105293,56160,64202,1.1305,22.4,4.9,1,0,1681,5053,3261
29510,St. Louis city,144891,105293,56160,64202,1.1305,22.4,4.9,1,0,1681,5053,3261
4861796,Richardson city,45818,33075,98111,111517,1.1305,20.8,7.0,1,0,-1336,-725,-189
51021,Bland County,2376,1279,61216,70647,1.1305,43.5,2.7,0,0,67,51,40
3425770,Garfield city,11191,8403,79700,91368,1.1305,23.2,1.7,1,0,-488,-294,270
0600394,Agoura Hills city,7152,5211,171302,195617,1.1305,26.7,0.5,1,0,-18,-33,-34
1239525,Lauderdale Lakes city,12498,8312,50006,56533,1.1305,32.2,1.3,1,0,-1,-458,-113
4065400,Sapulpa city,8967,5609,63817,72642,1.1304,31.8,5.6,1,0,311,428,337
41063,Wallowa County,3387,1981,67112,74040,1.1304,38.3,3.2,1,0,29,64,109
0641152,Lemoore city,8809,6604,83724,91860,1.1304,19.7,5.3,1,0,-134,-140,-116
2659140,Norton Shores city,9867,6393,76579,86644,1.1304,33.8,1.4,1,0,65,80,82
1753442,North Aurora village,7036,5227,114305,129716,1.1303,23.6,2.1,1,0,1,80,42
1751206,Mount Zion village,2078,1397,103365,118556,1.1303,32.8,0.0,1,0,7,18,3
3733560,Indian Trail town,13796,11344,108483,121691,1.1303,16.7,1.1,1,0,-299,-129,-190
26025,Calhoun County,53333,35997,63177,72201,1.1302,29.4,3.2,1,0,1262,1774,1949
2929494,Greenwood city,2263,1717,107250,118724,1.1302,22.7,1.5,0,0,18,32,25
4561405,Rock Hill city,31307,22491,68771,77431,1.1302,22.5,5.7,1,0,-390,642,581
05127,Scott County,3985,2628,43270,48952,1.1302,31.5,2.5,0,0,58,83,74
53005,Benton County,78046,54656,89874,101609,1.1302,26.6,3.4,1,0,1981,2232,1981
3701520,Apex town,25235,21011,144135,161518,1.1301,15.5,1.2,1,0,493,680,296
1268525,Starke city,2202,1784,52258,64790,1.1301,18.7,0.3,0,0,33,181,72
1912315,Centerville city,2474,1545,46563,53778,1.1301,31.7,5.8,0,0,-12,68,153
48471,Walker County,26017,15698,52324,58486,1.1301,26.7,12.9,1,0,-171,291,614
51111,Lunenburg County,4771,2779,54842,65102,1.1301,40.4,1.4,0,0,167,256,244
1960465,Ottumwa city,9980,6879,61103,69079,1.13,26.3,4.8,1,0,241,491,344
13159,Jasper County,5965,4147,60134,68089,1.13,27.6,2.9,1,0,108,104,34
0100820,Alabaster city,12087,9019,91357,103729,1.13,24.8,0.6,1,0,-33,22,23
4049200,Moore city,23671,17507,80420,91595,1.13,21.5,4.6,1,0,453,472,554
3464620,Roselle borough,8407,5899,92762,103765,1.13,25.1,4.7,1,0,-142,-219,-69
4029600,Glenpool city,5039,3924,79525,92084,1.13,18.0,4.2,0,0,196,243,247
0648816,Montebello city,19683,13363,79971,91790,1.1299,30.7,1.4,1,0,-1333,-1100,821
49023,Juab County,3862,2787,101786,115509,1.1299,24.8,3.1,1,0,69,51,46
4824912,Everman city,2127,1473,68311,74503,1.1299,28.5,2.2,0,0,-62,-52,11
5531000,Green Bay city,43790,31362,66206,75121,1.1299,23.0,5.4,1,0,1843,2618,1492
3440350,Linden city,15463,11378,92915,103110,1.1299,24.7,1.8,1,0,-451,-170,257
3961000,Parma city,34287,23476,69295,78407,1.1298,28.2,3.3,1,0,1257,1437,704
48187,Guadalupe County,65424,48359,92375,105329,1.1298,24.2,1.9,1,0,213,211,191
17089,Kane County,184706,132447,103163,116961,1.1298,26.3,2.0,1,0,1822,1318,1252
1718823,Decatur city,30920,19263,51592,58736,1.1298,32.9,4.8,1,0,677,879,996
21183,Ohio County,9107,5969,57798,65349,1.1298,30.3,4.2,1,0,342,415,381
0604758,Beaumont city,17721,12846,107118,120095,1.1298,26.9,0.6,1,0,-243,-302,-286
0636770,Irvine city,112091,87321,136719,154306,1.1297,16.7,5.4,1,0,-4580,-1180,2320
02060,Bristol Bay Borough,291,199,95625,105625,1.1297,28.5,3.1,0,0,9,12,16
4002050,Anadarko city,1661,1129,43105,49107,1.1296,30.7,1.3,0,0,-6,-7,76
4728540,Gallatin city,19755,13771,77518,86975,1.1296,25.0,5.2,1,0,30,245,370
5161832,Petersburg city,15138,10224,50698,57500,1.1295,26.2,6.2,1,0,-839,-449,273
51730,Petersburg city,15138,10224,50698,57500,1.1295,26.2,6.2,1,0,-839,-449,273
28129,Smith County,5592,3509,60916,70418,1.1295,33.7,3.6,0,0,88,81,74
2623380,Dundee village,2635,1959,78837,88439,1.1295,18.5,7.2,1,0,318,291,237
17097,Lake County,258455,183956,110416,125605,1.1294,26.4,2.4,1,0,2412,1715,1781
4911320,Cedar City city,12480,7596,63589,72739,1.1294,22.6,16.5,1,0,259,397,97
48049,Brown County,14972,9500,57470,64494,1.1294,31.5,5.1,1,0,224,390,343
1855116,North Vernon city,2940,2012,51429,58283,1.1294,25.1,6.5,0,0,65,83,170
0633434,Hesperia city,29245,22262,72160,82120,1.1293,21.0,2.9,1,0,-447,-323,-98
3426640,Glen Rock borough,3629,2806,215096,243590,1.1293,22.5,0.2,0,0,17,37,3
3629113,Glen Cove city,11095,7091,92064,103991,1.1293,32.7,3.4,1,0,-35,-358,-270
4816468,Converse city,10288,7732,94222,107646,1.1293,22.1,2.7,1,0,-206,-54,-88
0535710,Jonesboro city,31913,22167,55424,63375,1.1293,22.9,7.7,1,0,165,1004,1329
0637692,Jurupa Valley city,28053,20831,97550,109908,1.1293,24.6,1.2,1,0,-2,-161,-328
29155,Pemiscot County,6333,4158,40089,45287,1.1292,29.4,5.0,1,0,-91,205,212
39065,Hardin County,11724,7569,62484,73310,1.1292,27.5,7.9,1,0,513,439,289
0934180,Groton city,4654,3033,79577,91171,1.1292,22.7,12.1,1,0,14,191,
4872368,Texarkana city,14783,9430,50573,56842,1.1292,30.9,5.3,1,0,-431,-194,643
2128612,Fort Wright city,2315,1442,105024,113226,1.1291,34.3,3.4,0,0,75,64,68
1209725,Callaway city,5486,3967,65609,74919,1.1291,17.6,10.1,1,0,-52,319,162
3775000,Winston-Salem city,103058,71195,59268,66997,1.1291,25.8,5.1,1,0,601,1440,2504
4908460,Brigham City city,6840,4512,71308,82016,1.1291,27.7,6.3,1,0,196,244,131
1780060,West Chicago city,7459,5618,99927,112831,1.1291,20.9,3.8,1,0,238,119,38
3474000,Trenton city,32052,23123,52537,59048,1.1291,24.3,3.5,1,0,-1460,-1525,457
18043,Floyd County,31916,22099,79704,90478,1.129,27.6,3.2,1,0,1096,825,682
5372905,Tumwater city,10929,8063,95212,106653,1.129,22.8,3.4,1,0,-249,-176,-109
2031125,Haysville city,4112,2875,67740,77817,1.129,24.3,5.7,0,0,231,296,250
4159000,Portland city,289705,219635,90919,102987,1.129,20.4,3.7,1,0,-2558,1800,1988
3608466,Brockport village,2201,1423,69866,76510,1.129,19.5,15.9,0,0,153,185,80
34001,Atlantic County,109557,72351,78050,89378,1.129,32.1,1.9,1,0,-1569,-821,443
21135,Lewis County,5019,3144,46838,52622,1.1289,34.7,2.7,1,0,89,105,118
48213,Henderson County,33575,20444,65179,73988,1.1289,36.1,3.0,1,0,523,698,798
51097,King and Queen County,3003,1895,70469,76726,1.1288,35.9,1.0,0,0,66,115,134
4832984,Heath city,3559,2607,220828,243046,1.1288,26.7,0.0,0,0,-4,2,13
05029,Conway County,8279,5376,54187,62476,1.1288,31.1,4.0,1,0,179,251,233
0524550,Fort Smith city,36775,24934,54816,61938,1.1288,25.6,6.6,1,0,1165,1685,2106
13175,Laurens County,18592,12423,55010,62613,1.1288,29.7,3.5,1,0,135,483,776
0670042,Santa Paula city,9653,6915,79294,93388,1.1288,27.3,1.1,1,0,-518,-209,220
35005,Chaves County,23712,15751,52938,59796,1.1288,29.5,4.0,1,0,131,355,663
2154228,Mount Washington city,6936,5096,96239,107490,1.1288,24.8,1.8,1,0,156,120,150
2657380,New Haven village,1989,1701,66125,75600,1.1287,12.8,1.7,0,0,67,107,17
24029,Kent County,8493,4690,80147,88828,1.1287,40.6,4.2,1,0,59,70,47
1718628,Darien city,8735,5212,111215,124958,1.1287,37.7,2.6,1,0,-18,-15,-23
3638934,Kaser village,1235,767,26848,31354,1.1287,7.4,30.4,0,0,260,237,16
0952000,New Haven city,54773,40213,56851,64288,1.1286,19.8,6.7,1,0,-2693,-4461,
51720,Norton city,1605,996,41495,47569,1.1286,33.3,4.7,0,0,2,36,96
19093,Ida County,3050,1914,63073,71637,1.1286,29.7,7.5,1,0,212,196,98
1253800,Pahokee city,1551,1061,53359,58869,1.1286,31.6,0.0,0,0,-38,37,4
2627380,Farmington city,5245,3751,97750,109175,1.1285,25.9,2.6,1,0,300,259,279
2952616,Nixa city,9226,6465,83385,93909,1.1285,26.1,3.8,1,0,645,535,562
0659444,Rancho Cordova city,28174,21364,89585,102822,1.1284,21.2,3.0,1,0,-655,-150,345
13001,Appling County,7178,4522,46651,52659,1.1284,30.5,6.5,1,0,21,189,173
3522380,Edgewood town,2225,1562,84761,92520,1.1283,26.2,3.6,0,0,19,5,4
4850820,New Braunfels city,40991,29135,86021,100009,1.1283,23.3,5.6,1,0,-482,213,212
4248376,Mechanicsburg borough,4472,3186,84421,90341,1.1283,26.2,2.6,0,0,192,159,92
06059,Orange County,1082960,772648,116289,131509,1.1283,26.2,2.4,1,0,-46788,-29265,30812
3627485,Freeport village,13941,9706,120625,132506,1.1283,29.6,0.8,1,0,56,126,279
0622594,Emeryville city,7838,6419,117092,133049,1.1283,13.1,5.0,1,0,-624,-538,351
5120752,Culpeper town,6974,5364,94721,109702,1.1283,19.6,3.5,1,0,113,170,193
35061,Valencia County,27583,18316,58933,66942,1.1282,31.7,1.9,1,0,-25,71,312
2679000,Taylor city,25228,17670,61081,69041,1.1281,26.2,3.8,1,0,2,371,637
1735307,Hinsdale village,5689,4029,250001,259323,1.1281,27.8,1.4,0,0,63,63,24
0629000,Garden Grove city,49122,35907,92174,104158,1.1281,25.0,1.9,1,0,-1278,-1371,1683
4937500,Hyrum city,3256,2348,88725,99949,1.1281,24.7,3.2,1,0,24,39,32
48251,Johnson County,65507,47898,84859,95581,1.1281,23.9,3.0,1,0,566,822,818
05097,Montgomery County,3715,2114,48906,54556,1.128,39.3,3.8,0,0,121,89,62
0808675,Brighton city,13618,10849,107679,123922,1.128,17.8,2.5,1,0,-91,-61,34
1608830,Boise City city,101178,71082,83904,94863,1.128,23.8,5.9,1,0,1352,1878,1688
1705573,Berwyn city,20476,15359,78408,88279,1.128,22.8,2.2,1,0,160,284,344
13081,Crisp County,7908,4701,45105,50957,1.1279,34.1,6.5,0,0,25,87,258
0162328,Prattville city,15191,10838,81337,89845,1.1279,25.4,3.3,1,0,428,446,447
41041,Lincoln County,23115,12203,63165,71841,1.1279,44.8,2.4,1,0,-149,79,278
28075,Lauderdale County,28707,18856,50817,57484,1.1279,30.8,3.5,1,0,-514,-36,556
2103628,Bardstown city,5677,3809,51381,59588,1.1279,26.1,6.8,0,0,-35,79,227
3770540,Wake Forest town,18403,14248,123802,137823,1.1278,20.8,1.8,1,0,133,240,190
21103,Henry County,6147,4109,63347,72252,1.1278,29.8,3.4,0,0,38,21,76
48491,Williamson County,252323,193365,111340,126856,1.1277,19.9,3.5,1,0,468,1724,3023
47171,Unicoi County,7795,4853,52218,59462,1.1277,34.2,3.5,1,0,72,157,222
34011,Cumberland County,53781,36456,67436,76979,1.1277,29.5,2.7,1,0,-993,155,775
2001800,Andover city,5269,4057,104787,122696,1.1276,19.8,3.2,0,0,111,24,127
0621782,El Centro city,12890,9051,53082,61241,1.1276,26.2,3.6,1,0,191,283,160
4103150,Astoria city,4463,3035,68007,74927,1.1276,31.7,0.3,0,0,-24,-27,-42
1278275,Winter Haven city,20396,13055,59648,67182,1.1276,30.2,5.8,1,0,69,93,-78
2601260,Allegan city,1925,1209,52925,57617,1.1275,25.8,11.4,0,0,-169,-122,29
47077,Henderson County,10920,7256,55136,61459,1.1275,30.8,2.8,0,0,365,482,408
0681134,Ukiah city,6188,3994,66160,73715,1.1275,34.4,1.0,1,0,-233,-28,57
3453850,Oakland borough,4488,3156,162019,183581,1.1274,29.5,0.2,1,0,6,7,6
3743720,Mocksville town,2324,1531,55367,62614,1.1274,27.0,7.1,0,0,58,104,22
20075,Hamilton County,757,516,70250,79310,1.1274,27.3,4.5,0,0,38,24,11
20081,Haskell County,1403,962,66162,78299,1.1274,27.2,4.2,0,0,78,56,23
20181,Sherman County,2449,1462,61750,68498,1.1274,29.5,10.8,1,0,-6,28,47
0102956,Athens city,11251,7763,69922,80549,1.1274,29.4,1.6,0,0,568,525,186
0643224,Los Alamitos city,4414,3241,97155,110065,1.1273,24.0,2.5,1,0,-516,-507,217
1880306,Warsaw city,7089,4871,61035,69506,1.1273,21.5,9.7,0,0,49,229,437
3456550,Passaic city,21151,16130,55371,63350,1.1273,21.5,2.2,1,0,-949,-1777,317
4838488,Kaufman city,2506,1863,62931,72614,1.1272,23.1,2.6,0,0,-205,-43,91
0462140,Sahuarita town,12402,7706,104680,116774,1.1272,36.6,1.2,1,0,73,87,70
51053,Dinwiddie County,10661,6957,83704,92883,1.1272,31.9,2.8,1,0,240,235,171
29201,Scott County,15327,10170,62782,69564,1.1272,30.2,3.5,1,0,627,603,615
46079,Lake County,4716,2858,76808,88119,1.1271,33.3,6.1,1,0,107,115,103
1871000,South Bend city,41282,28924,55786,63281,1.1271,25.6,4.4,1,0,-209,1145,1360
40125,Pottawatomie County,26927,17922,61398,69340,1.1271,29.8,3.6,1,0,818,911,1054
3730660,Henderson city,6176,4050,39969,45034,1.1271,29.8,4.6,1,0,-57,205,369
1902305,Ankeny city,28361,21602,108198,120799,1.127,18.2,5.6,1,0,536,384,432
3468550,South Amboy city,4209,2809,91997,104409,1.127,33.0,0.3,0,0,41,41,130
37183,Wake County,460175,348839,105768,119224,1.127,20.1,4.1,1,0,8961,6870,8117
1236550,Key West city,10775,7362,87037,96963,1.127,30.0,1.7,0,0,-27,-284,-213
2968420,Smithville city,4075,3075,101165,115109,1.127,24.1,0.4,1,0,51,49,49
21007,Ballard County,3209,2034,66164,73816,1.127,32.5,4.1,1,0,79,109,123
18053,Grant County,26773,17261,53522,60014,1.127,31.6,3.9,1,0,573,855,715
0613588,Citrus Heights city,33687,22380,82314,93150,1.1269,30.1,3.5,1,0,-1511,-949,317
5343955,Marysville city,25969,19474,103974,116173,1.1269,22.3,2.7,1,0,-472,-571,95
0617918,Daly City city,32262,21243,123547,139150,1.1268,31.7,2.5,1,0,-1173,-596,958
2676960,Sturgis city,4394,3091,62710,71110,1.1268,22.6,7.1,1,0,99,105,100
26163,Wayne County,700591,486735,60539,68371,1.1268,27.8,2.7,1,0,-9524,-1979,12719
51137,Orange County,14856,9788,94008,107860,1.1268,32.2,1.9,1,0,229,214,190
40099,Murray County,4956,3031,66322,75186,1.1268,34.7,4.1,0,0,208,253,267
19139,Muscatine County,17345,11366,69396,78869,1.1268,29.4,5.0,1,0,761,743,428
4840588,Lake Jackson city,10725,7673,90938,104341,1.1268,23.3,5.1,1,0,115,292,245
4935190,Highland city,5050,3919,186075,212757,1.1268,19.9,2.5,0,0,44,53,29
3420020,Edgewater borough,7217,5846,124050,138197,1.1267,18.7,0.3,0,0,-221,-68,-100
0138272,Jacksonville city,4961,2978,51814,59194,1.1267,22.8,17.2,1,0,189,328,382
0148712,Millbrook city,6772,4788,70313,78620,1.1267,26.7,2.6,1,0,150,277,310
4863500,Round Rock city,48647,38290,99287,111959,1.1266,16.5,4.8,1,0,-297,41,916
0158848,Pelham city,9498,6923,101094,114362,1.1266,25.6,1.6,1,0,114,105,111
22089,St. Charles Parish,18608,13471,80897,91872,1.1266,26.0,1.6,1,0,-86,-68,-77
3957260,Norton city,4942,3320,90464,100034,1.1266,31.4,1.5,1,0,221,170,189
26069,Iosco County,11713,6322,50066,56440,1.1265,43.4,2.6,1,0,225,281,226
0605108,Belmont city,10500,8261,205297,230335,1.1265,19.4,1.9,0,0,430,719,482
2973618,Town and Country city,4035,2293,232534,242945,1.1265,41.8,1.3,0,0,73,85,0
37127,Nash County,38797,25464,62426,72522,1.1265,31.4,3.0,1,0,2288,2327,2327
1376280,Thomson city,2522,1761,42180,49167,1.1264,29.1,1.0,0,0,-121,-21,-18
0613294,Chowchilla city,4161,3086,66514,76974,1.1264,23.2,2.6,0,0,42,96,138
0544180,Marion city,5149,3884,78330,87227,1.1264,18.5,6.0,1,0,224,184,150
5615760,Cody city,4774,3339,72570,81780,1.1264,28.5,1.5,1,0,176,177,113
0120104,Decatur city,23722,15911,61563,69259,1.1263,30.1,2.9,1,0,939,1092,843
21209,Scott County,22642,16527,85158,98014,1.1263,21.7,5.4,1,0,599,572,569
21047,Christian County,25725,17175,55494,61696,1.1263,21.6,11.7,1,0,395,988,1198
19175,Union County,5116,3244,57772,65422,1.1262,32.1,4.5,1,0,156,204,106
17159,Richland County,6443,4189,62455,71317,1.1262,31.9,3.1,1,0,404,351,184
26119,Montmorency County,4921,2720,49756,56044,1.1262,41.3,3.4,1,0,82,77,68
21201,Robertson County,810,557,51830,61117,1.1261,29.5,1.7,0,0,32,26,20
0656000,Pasadena city,57425,41266,105192,118775,1.1261,25.3,2.8,1,0,-1569,-1936,1901
2635540,Grosse Pointe Park city,4586,3198,124111,140041,1.1261,28.8,1.5,0,0,71,79,92
40111,Okmulgee County,14246,9256,54029,60691,1.1261,31.4,3.7,1,0,260,505,580
4835348,Humble city,5981,4562,57011,64296,1.126,20.1,3.6,0,0,-602,-706,191
28123,Scott County,9686,6733,48786,54873,1.126,26.3,4.2,1,0,-5,112,360
1765156,Rockton village,2910,2211,119058,133942,1.126,24.0,0.0,1,0,16,8,54
4250016,Milton borough,2843,1885,54577,62081,1.126,22.2,11.5,0,0,149,316,232
39159,Union County,24232,18577,112322,126002,1.126,20.6,2.8,1,0,312,245,277
20073,Greenwood County,2666,1529,60042,67637,1.126,38.3,4.3,1,0,53,44,23
3445900,Middlesex borough,5718,4034,105000,123700,1.1259,27.1,2.3,1,0,-12,-24,27
13145,Harris County,13027,8913,97302,108906,1.1258,30.2,1.4,1,0,283,180,364
17189,Washington County,5795,3803,78224,86437,1.1258,32.2,2.2,1,0,163,145,97
0671806,Sierra Madre city,4620,3250,143547,158563,1.1258,28.5,1.2,0,0,175,253,276
4841464,Laredo city,78082,59480,63915,72504,1.1258,20.3,3.5,1,0,651,1835,2820
1705404,Berkeley village,1789,1236,85823,93127,1.1258,30.5,0.4,0,0,-26,-27,9
1716873,Countryside city,2829,1913,80968,95279,1.1257,30.9,1.5,0,0,156,123,30
3603408,Babylon village,4650,3159,140820,160091,1.1257,31.8,0.3,1,0,-3,102,102
51041,Chesterfield County,140155,100570,101931,115102,1.1257,26.3,2.0,1,0,1614,1220,1260
24003,Anne Arundel County,224748,161460,124911,140605,1.1257,25.8,2.3,1,0,-634,2471,1001
1349100,McRae-Helena city,1577,874,43618,48750,1.1257,42.3,2.3,0,0,15,44,61
4874588,Uvalde city,5259,3384,51141,57666,1.1257,31.4,4.3,0,0,109,185,310
3709060,Burlington city,25505,17346,56880,64917,1.1257,28.8,3.2,1,0,264,583,1095
2981124,Wright City city,1783,1249,80152,93471,1.1256,26.1,3.8,0,0,21,17,20
1706704,Blue Island city,8464,5929,59489,67125,1.1256,27.1,2.9,1,0,166,409,106
46039,Deuel County,1754,1119,83112,92591,1.1255,33.5,2.7,1,0,42,33,28
2815340,Columbia city,2445,1548,38507,43276,1.1255,33.7,2.9,0,0,-32,-8,56
5347245,Moses Lake city,10092,7142,74752,83949,1.1255,21.7,7.5,1,0,16,172,290
0485540,Yuma city,39110,24739,65482,74773,1.1255,28.7,8.0,1,0,459,892,1021
3443050,Manasquan borough,2545,1861,142944,160227,1.1255,26.9,0.0,0,0,13,11,12
0629504,Gilroy city,17459,13013,133107,147602,1.1255,23.1,2.4,1,0,-236,-18,401
2669800,Roseville city,21226,14947,62182,70273,1.1254,27.0,2.6,1,0,-600,-220,558
31043,Dakota County,7459,5135,70329,79530,1.1254,22.4,8.8,1,0,360,426,332
3649121,Mount Vernon city,28078,19214,78779,87725,1.1254,30.5,1.1,1,0,-615,-338,819
49017,Garfield County,2042,1376,61875,69717,1.1253,31.2,1.4,0,0,151,135,-1
4208568,Bridgeport borough,2203,1739,82705,96199,1.1253,11.0,10.1,0,0,93,84,70
17017,Cass County,5128,3316,68125,76219,1.1253,30.8,4.6,1,0,258,235,163
12041,Gilchrist County,7151,4602,63523,73189,1.1252,33.1,2.5,0,0,134,133,53
06011,Colusa County,7512,5056,75672,85076,1.1252,30.2,2.5,1,0,160,253,251
2605920,Battle Creek city,21128,14711,55693,62523,1.1252,26.7,3.7,1,0,232,701,659
2018250,Dodge City city,9104,7011,68721,80183,1.1252,18.4,4.5,1,0,514,592,537
0827700,Fort Lupton city,2893,2209,80889,88262,1.1252,21.4,2.2,1,0,-63,-77,13
0908000,Bridgeport city,56558,40531,58685,65674,1.1251,25.0,3.4,1,0,-1859,-3088,
4044800,McAlester city,7200,4782,51930,58851,1.1251,27.1,6.5,1,0,-66,175,399
1834114,Hobart city,12226,8911,75160,84523,1.1251,23.7,3.4,1,0,184,308,369
0567490,Stuttgart city,3269,2240,49399,55610,1.1251,27.7,3.8,0,0,3,83,173
51099,King George County,10133,7697,116884,130351,1.1251,22.9,1.2,1,0,97,110,120
2869280,Southaven city,21251,15940,78483,88485,1.1251,21.7,3.3,1,0,104,401,476
4802272,Alvin city,10456,7255,71477,80552,1.1251,23.3,7.3,1,0,22,234,170
13157,Jackson County,28402,21341,89544,99736,1.125,23.0,1.9,1,0,545,416,228
0640004,La Mesa city,25038,17961,95028,107006,1.125,23.4,4.9,1,0,-1145,-1090,1022
2002900,Atchison city,3482,2292,54474,62519,1.125,25.3,8.9,0,0,23,103,52
1245175,Miami Shores village,3637,2770,144050,156414,1.125,23.8,0.0,0,0,18,22,7
2240735,Lafayette city,52966,35911,61915,70688,1.125,25.5,6.7,1,0,527,1079,2016
3743920,Monroe city,12620,8916,72540,79726,1.125,26.0,3.4,1,0,308,412,187
36005,Bronx County,534100,388644,48676,54726,1.1249,24.8,2.5,1,0,-4705,-17152,20023
21101,Henderson County,18522,12104,58851,66072,1.1249,29.9,4.8,1,0,534,618,685
39095,Lucas County,183243,124965,62224,70827,1.1248,27.3,4.5,1,0,4996,6288,5269
4900540,Alpine city,3170,2126,168929,187685,1.1248,31.3,1.6,0,0,-63,-82,-39
2062700,Salina city,19474,12943,61783,70356,1.1248,27.5,6.0,1,0,1089,1053,497
1612250,Caldwell city,21573,16434,73058,82424,1.1247,19.2,4.7,1,0,432,361,190
4536430,James Island town,4666,3370,104217,121212,1.1247,27.8,0.0,1,0,-34,-8,-14
01049,DeKalb County,26181,17504,51204,57626,1.1247,30.9,2.2,1,0,502,535,568
53053,Pierce County,351330,255208,99564,111999,1.1247,23.5,3.8,1,0,-2023,-2454,-336
0420050,Douglas city,4566,3004,42019,47273,1.1247,29.3,4.9,0,0,28,66,147
1753871,Northlake city,4277,3078,83892,93028,1.1247,27.0,1.0,1,0,102,62,-15
37123,Montgomery County,10643,6589,57766,63471,1.1247,35.6,2.5,1,0,301,378,348
05103,Ouachita County,8624,5649,49268,54948,1.1247,33.5,1.0,1,0,58,126,278
4005700,Bethany city,7604,4850,56591,62766,1.1247,30.3,5.9,1,0,-39,212,80
20201,Washington County,2373,1445,65482,73125,1.1246,35.2,3.9,1,0,86,88,78
3314200,Concord city,18346,12577,84902,96517,1.1246,28.0,3.4,1,0,263,463,217
08007,Archuleta County,5921,3405,83065,92753,1.1246,41.9,0.6,1,0,83,52,40
2623980,East Grand Rapids city,3797,3035,166610,197115,1.1246,19.9,0.1,1,0,29,43,32
29021,Buchanan County,33439,22319,62158,69355,1.1246,28.1,5.1,1,0,1179,1339,992
0521070,El Dorado city,6561,4317,49244,55672,1.1245,30.8,3.4,0,0,-145,17,333
16031,Cassia County,8495,5949,70830,80678,1.1245,25.1,4.8,1,0,1,76,126
37191,Wayne County,47507,31845,59733,67226,1.1245,28.0,5.0,1,0,554,959,2008
4745100,McMinnville city,5366,3475,47179,53258,1.1245,30.8,4.5,1,0,-53,92,321
12055,Highlands County,46879,23035,54897,62499,1.1244,49.3,1.5,1,0,-286,36,384
3339300,Keene city,9399,6161,78445,87231,1.1244,30.0,4.5,1,0,184,203,197
22015,Bossier Parish,50826,36442,69617,78285,1.1244,24.1,4.2,1,0,696,1349,1359
0665042,San Buenaventura (Ventura) city,41858,28510,103069,116714,1.1244,30.4,1.4,1,0,-1694,-1866,688
05051,Garland County,43667,26601,57181,65059,1.1243,36.4,2.7,1,0,786,1580,1730
0668378,San Ramon city,30103,24432,196161,222390,1.1242,18.3,0.6,0,0,428,878,425
5147672,Lynchburg city,28701,18411,57947,65665,1.1242,24.2,11.7,1,0,-209,389,1024
51680,Lynchburg city,28701,18411,57947,65665,1.1242,24.2,11.7,1,0,-209,389,1024
0160648,Pinson city,2842,1980,76410,85955,1.1241,28.0,2.3,0,0,-34,-26,11
1957675,Norwalk city,5610,4300,102722,114953,1.1241,21.7,1.7,0,0,92,55,51
47177,Warren County,16203,10739,55487,62671,1.1241,30.7,3.0,1,0,440,755,712
50015,Lamoille County,11923,7960,74908,84249,1.124,28.1,5.1,1,0,365,371,236
1764928,Rock Falls city,3797,2496,49600,55346,1.124,28.7,5.6,0,0,-16,61,113
02188,Northwest Arctic Borough,1825,1324,84018,93135,1.124,24.0,3.5,1,0,85,75,60
2924778,Florissant city,21229,15370,65318,74282,1.124,24.8,2.8,1,0,-287,27,445
2967790,Sikeston city,6883,4231,58915,65297,1.124,35.3,3.2,0,0,239,277,226
47021,Cheatham County,16279,11801,89852,100508,1.1239,24.9,2.6,1,0,38,122,101
0658072,Pomona city,42623,31246,79479,90093,1.1239,23.3,3.4,1,0,-1493,-1712,1102
12087,Monroe County,34405,21644,87738,100443,1.1239,35.0,2.1,1,0,-503,-580,-205
3441100,Lodi borough,9687,7642,89305,99369,1.1239,20.0,1.1,0,0,-353,35,217
32031,Washoe County,199296,134216,88096,99464,1.1238,28.0,4.7,1,0,-833,1445,1145
4213208,Chester city,12537,8028,41342,47464,1.1238,31.2,4.7,1,0,-792,-1259,115
35013,Doña Ana County,84889,53804,56848,64381,1.1237,28.8,7.8,1,0,1,1051,2343
13129,Gordon County,21348,15181,63650,72277,1.1237,27.2,1.7,1,0,260,517,626
16051,Jefferson County,10199,7419,86679,96836,1.1237,23.2,4.1,1,0,395,334,304
0827865,Fountain city,10454,8113,86242,97684,1.1237,11.4,11.0,1,0,-335,-360,-154
0812387,Castle Pines city,5030,3850,191229,210625,1.1237,22.3,1.1,0,0,70,82,-39
3706760,Boiling Spring Lakes city,2937,1999,62676,71307,1.1237,28.9,3.1,0,0,38,38,36
0653980,Orange city,45329,32279,117113,132601,1.1236,25.3,3.5,1,0,-1845,-996,1564
1704303,Beach Park village,5143,3513,85664,95985,1.1236,30.2,1.5,1,0,26,50,19
51179,Stafford County,52326,40667,137807,155184,1.1235,20.0,2.2,1,0,399,923,264
4142600,Lincoln City city,4548,2480,56635,62801,1.1235,41.3,4.1,1,0,-246,-252,0
2629200,Flushing city,3629,2218,80025,88385,1.1235,35.2,3.7,0,0,139,130,143
13065,Clinch County,2428,1647,45847,51824,1.1235,29.4,2.8,0,0,26,28,39
29043,Christian County,35142,24523,83437,93573,1.1233,26.9,3.3,1,0,1441,1026,1115
12133,Washington County,9287,5968,58210,66794,1.1233,32.1,3.6,1,0,115,184,252
2655020,Monroe city,8618,6223,59813,67206,1.1233,25.4,2.4,0,0,47,115,233
12061,Indian River County,70816,35374,73491,82419,1.1233,48.9,1.1,1,0,-93,180,541
20103,Leavenworth County,30164,21209,89218,99062,1.1233,26.4,3.3,1,0,484,374,367
0648648,Monrovia city,14181,10481,96021,106986,1.1232,25.7,0.4,1,0,-399,-477,569
4518565,Darlington city,2624,1440,33952,38667,1.1232,40.7,4.4,0,0,-214,-278,26
4811428,Burleson city,18353,13747,93928,106455,1.1232,21.3,3.8,1,0,126,219,199
0630014,Glendora city,16734,11889,113569,128119,1.1232,28.1,0.9,1,0,-482,-267,360
3916308,Clyde city,2897,2154,50574,57816,1.1231,24.5,1.2,0,0,301,200,36
2945830,Maplewood city,4418,3433,65125,71689,1.1231,13.6,8.7,0,0,344,386,193
22095,St. John the Baptist Parish,15152,10136,66630,72837,1.1231,30.0,3.1,1,0,-190,69,304
4606620,Box Elder city,4679,3680,73008,80588,1.1231,11.1,10.2,0,0,-94,0,305
19143,Osceola County,2634,1656,69239,76573,1.1231,33.9,3.2,1,0,100,88,40
5105544,Bedford town,3065,1947,70288,75618,1.1231,35.5,1.0,0,0,109,104,74
0816000,Colorado Springs city,202515,142868,84818,96251,1.123,23.0,6.5,1,0,-2328,-811,-278
5506500,Beloit city,13638,9675,62663,71056,1.123,25.5,3.5,1,0,35,330,492
37081,Guilford County,219718,153378,68642,77436,1.1229,25.4,4.8,1,0,2881,6701,6127
37025,Cabarrus County,84246,63574,89005,99789,1.1229,21.6,3.0,1,0,1059,1508,856
13089,DeKalb County,287239,213379,80644,91227,1.1229,22.6,3.1,1,0,-14298,-8379,154
4872392,Texas City city,21845,15141,68776,75812,1.1229,25.8,4.9,1,0,-44,784,711
2937592,Joplin city,22710,14161,52097,58902,1.1229,30.6,7.1,1,0,-192,303,1116
2914986,Clinton city,4002,2317,51250,56689,1.1228,39.0,3.1,0,0,29,58,60
41009,Columbia County,20928,13979,87458,97452,1.1228,31.3,1.9,1,0,309,233,-49
4830116,Gonzales city,2926,2307,51929,58862,1.1228,16.2,5.0,0,0,72,73,152
1239375,Lantana town,4881,3269,70012,74926,1.1228,30.7,2.3,0,0,-329,-341,-124
36081,Queens County,841003,596023,86136,97425,1.1228,27.3,1.8,1,0,-24946,-26367,39354
4943660,Layton city,27779,20988,102480,116781,1.1227,19.5,5.0,1,0,211,89,86
4242976,Lewisburg borough,1825,1177,54767,61705,1.1227,30.2,5.3,0,0,24,89,9
19069,Franklin County,4198,2744,59894,67192,1.1227,31.7,2.9,1,0,142,144,145
47147,Robertson County,28255,20239,83047,93221,1.1227,25.4,3.0,1,0,583,606,356
1743770,Lindenhurst village,5132,4018,131474,148438,1.1227,20.5,1.2,1,0,55,88,35
3954334,New Carlisle city,2143,1449,64443,73848,1.1226,28.6,3.8,1,0,71,143,168
2686000,Westland city,35932,24598,62076,69738,1.1226,28.3,3.3,1,0,179,849,1040
1825000,Fort Wayne city,110929,76904,61422,69344,1.1225,24.2,6.4,1,0,2737,4377,4008
3925704,Euclid city,22433,15664,50285,56444,1.1225,26.1,4.1,1,0,-346,211,560
3985792,Wilmington city,5567,3393,57199,64457,1.1225,33.4,5.7,0,0,62,161,269
4846776,Marshall city,8695,5887,55089,59987,1.1225,27.4,4.9,0,0,-33,195,269
41051,Multnomah County,349803,262647,88766,100488,1.1225,21.3,3.7,1,0,-3869,3513,2486
2606020,Bay City city,14677,9952,49420,55295,1.1224,27.3,4.9,1,0,82,140,196
1239475,Lauderdale-by-the-Sea town,3427,1610,81655,93966,1.1224,53.0,0.0,0,0,-14,-10,-59
4727740,Franklin city,33998,25136,119528,133363,1.1224,22.9,3.2,1,0,330,657,232
4874144,Tyler city,38505,25550,67486,76502,1.1223,27.6,6.1,1,0,203,851,960
3456130,Park Ridge borough,3276,2098,171029,200760,1.1223,35.6,0.3,0,0,1,-7,-1
0533400,Hot Springs city,18433,10973,47760,53133,1.1223,35.0,5.5,1,0,-319,-11,936
2741480,Medina city,2335,1830,230859,249630,1.1223,21.6,0.0,0,0,6,6,3
46045,Edmunds County,1630,1067,81630,88881,1.1222,32.7,1.8,1,0,78,84,77
3600408,Airmont village,2456,1604,94972,111730,1.1222,31.3,3.4,0,0,23,23,19
16027,Canyon County,86069,60955,76488,86395,1.1222,25.0,4.2,1,0,904,964,955
2964550,St. Joseph city,28756,19188,57956,64647,1.1222,27.4,5.9,1,0,558,1051,926
2408775,Bowie city,21551,15632,141995,160892,1.1222,26.9,0.6,1,0,10,289,-132
51065,Fluvanna County,10329,6740,96768,108984,1.1222,33.6,1.2,1,0,42,60,93
1238250,Lakeland city,47816,29787,64185,72681,1.1221,34.0,3.7,1,0,-519,-175,835
13057,Cherokee County,101514,74582,108115,121728,1.1221,24.8,1.8,1,0,-582,183,-79
2210075,Broussard city,5051,4176,116179,129717,1.1221,17.3,0.1,0,0,32,35,17
0885485,Windsor town,14889,10537,127028,144546,1.1221,27.3,1.9,1,0,-126,9,-140
1336472,Hapeville city,2940,2501,95714,98258,1.1221,13.3,1.6,0,0,38,62,95
5167000,Richmond city,104321,75062,64587,72596,1.122,21.7,6.3,1,0,-4508,-1853,2024
51760,Richmond city,104321,75062,64587,72596,1.122,21.7,6.3,1,0,-4508,-1853,2024
1201700,Apopka city,19324,14850,96884,108196,1.122,22.0,1.2,1,0,-568,-450,-376
4967660,Santa Clara city,2495,1706,96475,106538,1.122,29.8,1.8,0,0,-91,-78,-77
1262625,St. Cloud city,21164,16805,83174,93340,1.122,19.0,1.6,1,0,-67,-280,-260
28071,Lafayette County,19044,12932,67185,78852,1.122,24.4,7.7,1,0,270,633,633
22039,Evangeline Parish,12561,8416,41915,47664,1.122,27.4,5.6,1,0,-319,-23,440
40069,Johnston County,3891,2506,52688,59634,1.122,33.6,2.0,1,0,78,96,139
4526890,Fort Mill town,11139,8829,121823,136103,1.1219,20.3,0.4,1,0,43,59,35
5046000,Montpelier city,3721,2481,81030,93259,1.1219,32.9,0.4,1,0,139,136,86
26049,Genesee County,167334,111895,62281,69878,1.1219,30.0,3.1,1,0,2093,3387,4369
30001,Beaverhead County,4201,2472,61268,70941,1.1219,33.3,7.9,0,0,260,278,144
5377665,West Richland city,5890,4377,119892,133778,1.1218,22.2,3.5,1,0,34,40,68
4205312,Bellevue borough,4053,2979,68827,74592,1.1218,24.1,2.4,0,0,216,246,114
13085,Dawson County,11573,7975,92991,105669,1.1217,29.4,1.7,1,0,86,110,118
21073,Franklin County,22718,15141,65298,75730,1.1217,29.3,4.0,1,0,730,882,690
49035,Salt Lake County,426245,316237,97494,109623,1.1216,20.5,5.3,1,0,3318,3356,3070
18025,Crawford County,4582,3032,49640,55613,1.1216,30.8,3.0,0,0,46,21,73
48497,Wise County,25135,17954,93421,104000,1.1216,25.9,2.7,1,0,574,499,343
3730720,Hendersonville city,8143,3849,53449,59988,1.1216,47.1,5.6,0,0,-87,-199,234
5317635,Des Moines city,11925,8538,92483,102755,1.1216,26.3,2.1,1,0,-344,-125,65
06073,San Diego County,1171278,841659,106268,119534,1.1216,24.7,3.4,1,0,-31186,-37387,32120
3949840,Middletown city,21422,14256,57102,64854,1.1215,27.7,5.7,1,0,143,937,493
41031,Jefferson County,8814,5571,76260,85298,1.1215,34.2,2.6,1,0,273,269,258
0673962,Stanton city,12712,9569,84707,93684,1.1215,22.5,2.2,1,0,-1128,-1115,667
08109,Saguache County,3397,2113,50082,56121,1.1214,35.9,1.9,0,0,65,1,-13
4480780,Woonsocket city,17618,13257,61059,68423,1.1214,21.1,3.7,1,0,-306,-242,495
41007,Clatsop County,17984,11111,71822,80145,1.1214,36.9,1.3,1,0,216,257,181
13035,Butts County,8941,5834,69241,75613,1.1214,27.7,7.0,1,0,161,295,308
13271,Telfair County,3351,1908,50929,56928,1.1214,39.3,3.8,0,0,123,166,154
0646870,Menlo Park city,11837,8249,210025,242366,1.1213,26.9,3.4,0,0,163,716,164
2170086,Shepherdsville city,5491,4278,71476,81762,1.1213,17.7,4.4,1,0,89,68,45
28035,Forrest County,30127,20494,53640,60572,1.1213,22.1,9.9,1,0,-372,558,1397
4803600,Aransas Pass city,3643,2466,63021,72000,1.1213,30.9,1.4,0,0,156,79,71
3735200,Kannapolis city,22509,16748,73836,82257,1.1212,22.4,3.2,1,0,272,389,312
0622230,El Monte city,29344,21559,68030,77078,1.1212,24.4,2.1,1,0,-1636,-1974,1165
4801924,Allen city,37243,29791,130901,146941,1.1211,17.9,2.1,1,0,89,712,-269
54097,Upshur County,9557,6244,54338,61904,1.1211,32.3,2.3,1,0,105,161,145
1708446,Broadview village,3157,2055,64697,72454,1.1211,34.0,0.9,0,0,158,111,32
4077050,Verdigris town,2046,1568,84259,102869,1.121,20.1,3.2,0,0,50,35,38
2749138,Otsego city,7518,5950,119927,138103,1.121,18.9,1.9,1,0,1,10,-1
04011,Greenlee County,3591,2655,71164,82256,1.1209,23.8,2.3,1,0,480,581,580
0622300,El Paso de Robles (Paso Robles) city,11979,7180,92228,102748,1.1209,36.5,3.5,1,0,-401,-581,216
01025,Clarke County,8423,5378,49249,54797,1.1209,33.5,2.7,1,0,167,132,221
3756900,Roanoke Rapids city,6194,4206,53690,59744,1.1209,30.6,1.5,0,0,154,240,349
3459880,Point Pleasant borough,8049,5843,115625,133461,1.1209,26.6,0.8,1,0,-80,12,25
4082950,Yukon city,9593,6937,75273,84383,1.1209,26.0,1.7,1,0,136,200,262
4210464,Butler city,6116,4334,44247,49722,1.1209,23.6,5.6,1,0,-75,115,121
3961112,Pataskala city,6920,5209,92033,103603,1.1208,23.7,1.1,0,0,-1,-9,15
0238420,Kenai city,3051,2200,87083,92827,1.1208,21.4,6.5,0,0,118,104,72
0616532,Costa Mesa city,42292,32260,111505,126144,1.1208,20.2,3.5,1,0,-2329,-1717,1950
3916000,Cleveland city,169683,120877,40801,45762,1.1208,23.6,5.2,1,0,-6226,-4677,3658
1770720,South Elgin village,8760,6973,127203,141449,1.1208,20.0,0.4,1,0,102,137,85
54031,Hardy County,5954,3840,49272,55099,1.1208,33.9,1.6,0,0,147,129,176
08001,Adams County,188730,146458,94571,107327,1.1207,18.2,4.2,1,0,-2998,-1717,274
48281,Lampasas County,8390,5478,81736,93593,1.1207,32.3,2.4,0,0,210,108,98
37045,Cleveland County,38850,25659,58534,65637,1.1207,31.4,2.5,1,0,348,617,891
0685684,Willows city,2214,1507,64068,70463,1.1207,29.6,2.3,0,0,-186,-103,24
3651055,Niagara Falls city,22730,15229,49101,55030,1.1206,29.0,4.0,1,0,-141,150,295
45029,Colleton County,16408,10718,51114,58065,1.1206,32.0,2.7,1,0,-21,159,337
13107,Emanuel County,8312,5314,52772,57780,1.1205,29.9,6.2,1,0,541,737,681
2239475,Kenner city,25557,17080,64020,72296,1.1204,31.0,2.2,1,0,-128,79,226
1744225,Lockport city,9903,7585,111981,129149,1.1204,21.9,1.5,1,0,-53,68,27
0645400,Manhattan Beach city,13369,9886,204306,226012,1.1203,25.3,0.7,0,0,51,366,187
1379388,Vidalia city,4280,2650,49370,54848,1.1203,35.1,3.0,1,0,9,164,340
4285152,Wilkes-Barre city,16644,11420,48515,54189,1.1203,26.1,5.2,1,0,-163,-107,416
13069,Coffee County,15349,10569,50683,56899,1.1202,26.5,4.6,1,0,421,505,465
48087,Collingsworth County,975,542,61280,70301,1.1202,42.9,1.5,0,0,50,61,80
0681554,Vacaville city,34298,24381,111126,125857,1.1202,26.4,2.6,1,0,-1358,-1436,-1184
5311475,Chehalis city,2790,1946,73702,82606,1.1202,27.5,2.8,0,0,82,129,83
3642224,Liberty village,1609,1101,64913,71719,1.1202,28.4,3.2,0,0,25,85,148
3701400,Angier town,2796,2028,52214,58926,1.1202,27.3,0.2,0,0,-108,-87,94
49055,Wayne County,1156,757,76607,91805,1.1201,31.9,2.6,1,0,21,15,14
30061,Mineral County,2150,1207,63450,73758,1.1201,43.0,0.8,1,0,66,65,54
0955990,Norwalk city,36011,26435,107616,120607,1.1201,25.5,1.1,1,0,-888,-843,
29133,Mississippi County,4482,2731,48160,54548,1.1201,33.8,5.2,0,0,7,46,191
1808416,Brownsburg town,11345,8500,102235,115097,1.1201,21.3,3.8,1,0,194,104,136
4846584,Marble Falls city,3116,2026,57925,65618,1.12,29.3,5.7,0,0,42,62,-2
0121184,Dothan city,29351,19795,55792,62117,1.1199,29.0,3.5,1,0,184,810,1445
28113,Pike County,15007,9702,43814,48835,1.1199,32.9,2.5,1,0,-697,-475,765
5181072,Vienna town,5553,4075,216953,237000,1.1199,26.5,0.1,0,0,88,131,15
54003,Berkeley County,51021,36677,80815,91567,1.1198,25.0,3.1,1,0,1230,1148,1158
48139,Ellis County,71759,53694,99595,111567,1.1198,22.6,2.5,1,0,464,154,7
40143,Tulsa County,272422,189629,69009,77817,1.1197,25.0,5.4,1,0,7354,10909,8217
4866644,Seguin city,12483,8690,64861,73996,1.1197,27.9,2.5,1,0,2,206,119
1371660,Social Circle city,1732,1160,88591,98356,1.1197,30.8,2.2,0,0,102,81,29
4271856,Souderton borough,2781,2126,93537,101240,1.1196,22.0,1.5,0,0,-19,-15,5
1375188,Sylvester city,2139,1462,58417,65927,1.1196,25.2,6.5,0,0,-7,5,23
48071,Chambers County,17229,13067,109804,118159,1.1196,22.0,2.2,1,0,332,170,452
30009,Carbon County,4664,2818,80261,89128,1.1196,38.4,1.1,1,0,131,121,100
37133,Onslow County,75265,50998,68148,76573,1.1196,18.6,13.7,1,0,-97,1925,2141
2758000,St. Paul city,125249,93390,73394,82170,1.1195,19.7,5.7,1,0,1929,2088,1744
4907690,Bountiful city,14523,10139,104785,116228,1.1195,27.2,3.0,1,0,112,36,31
3944856,Lorain city,27460,18737,48685,54560,1.1195,27.3,4.5,1,0,-548,-36,422
0238970,Ketchikan city,3415,2430,85275,95215,1.1194,26.7,2.1,1,0,10,79,63
1664810,Post Falls city,16009,11140,82183,91028,1.1194,25.7,4.7,1,0,424,387,323
4911980,Centerville city,5786,3757,123130,136849,1.1193,34.0,1.1,1,0,14,42,-13
04009,Graham County,12746,8437,67325,76010,1.1193,28.7,5.1,1,0,396,365,416
2815700,Corinth city,6470,4263,44226,49469,1.1193,28.5,5.7,0,0,166,187,304
0947290,Middletown city,20390,14658,79438,88758,1.1193,24.2,3.9,1,0,72,342,
1754534,Oak Brook village,3061,1521,175870,199199,1.1193,47.9,2.4,0,0,-14,-19,-17
01113,Russell County,23938,17187,51197,57464,1.1192,24.7,3.5,1,0,-347,133,664
13153,Houston County,63851,46667,80698,90601,1.1192,22.7,4.2,1,0,1615,1616,1676
0640886,Lawndale city,9738,7844,85441,95391,1.1192,16.0,3.5,1,0,-568,-548,507
0937000,Hartford city,49028,35627,46411,51684,1.1191,22.2,5.1,1,0,-3610,-4951,
13285,Troup County,26904,18879,56776,63594,1.1191,25.9,3.9,1,0,-282,171,526
0973000,Stamford city,55291,39554,111586,123429,1.119,25.0,3.5,1,0,-1765,-1783,
47101,Lewis County,5387,3308,56285,62565,1.119,33.7,4.9,0,0,74,58,164
4871156,Sunnyvale town,2573,1788,170348,188380,1.119,30.5,0.0,1,0,7,5,9
08041,El Paso County,290190,208684,90363,102116,1.119,22.2,5.9,1,0,-3833,-1806,-1240
45073,Oconee County,34515,20880,62388,70818,1.119,35.0,4.5,1,0,663,722,558
4805984,Bay City city,7342,5596,53840,60615,1.1189,16.0,7.8,0,0,-173,184,404
5355365,Port Angeles city,9287,5962,62606,70593,1.1189,32.9,2.9,1,0,-187,-76,249
5456020,Moundsville city,3414,2154,49048,54247,1.1189,35.4,1.5,0,0,-29,-32,121
4949710,Midvale city,15446,11892,75084,84076,1.1189,15.5,7.5,1,0,-735,-241,164
5168000,Roanoke city,43575,29964,55378,62238,1.1189,27.0,4.3,1,0,419,1559,1270
51770,Roanoke city,43575,29964,55378,62238,1.1189,27.0,4.3,1,0,419,1559,1270
13313,Whitfield County,36834,26166,67070,74738,1.1189,25.5,3.4,1,0,874,1579,1736
0505320,Bentonville city,22589,18359,112792,125234,1.1189,12.7,6.0,1,0,1204,840,1404
1207875,Boynton Beach city,32882,21093,70074,79398,1.1188,33.2,2.7,1,0,-859,-1362,-1124
01017,Chambers County,13434,8825,49656,55575,1.1188,32.6,1.7,0,0,240,332,541
48469,Victoria County,34855,23458,70896,79359,1.1187,28.4,4.3,1,0,1103,1472,1430
48355,Nueces County,131160,89461,66897,75469,1.1187,26.9,4.9,1,0,-261,1993,2285
0659514,Rancho Palos Verdes city,15174,8712,179623,199459,1.1187,41.9,0.7,1,0,46,-60,110
49021,Iron County,20157,12750,66247,75579,1.1187,25.6,11.2,1,0,311,547,192
47037,Davidson County,324907,241260,77853,87412,1.1187,19.5,6.3,1,0,-5573,-2685,1103
2814420,Clinton city,10018,7150,74745,83547,1.1187,25.4,3.2,1,0,161,212,197
4767760,Shelbyville city,9089,6634,55073,62495,1.1187,21.8,5.2,1,0,-112,234,449
3933838,Harrison city,4994,3462,100000,111864,1.1186,27.4,3.3,1,0,102,85,88
2906652,Blue Springs city,22908,16777,88920,99805,1.1186,25.2,1.5,1,0,864,776,509
1255750,Pembroke Park town,2477,1812,52928,59964,1.1186,25.2,1.6,0,0,-30,-142,41
16019,Bonneville County,44184,30914,79068,89631,1.1186,25.6,4.4,1,0,1326,1371,1346
3341300,Lebanon city,6917,4673,98147,109093,1.1186,29.4,3.1,1,0,60,62,79
48029,Bexar County,750939,550136,72341,80952,1.1185,21.8,5.0,1,0,-2283,6084,17054
4702180,Ashland City town,2126,1476,79231,88844,1.1185,24.6,6.0,0,0,-117,-104,12
41013,Crook County,10782,6875,81965,91851,1.1185,33.8,2.4,1,0,236,293,305
47053,Gibson County,20360,14151,62755,70832,1.1185,26.4,4.1,1,0,1219,1158,1140
3462910,Ridgefield borough,4036,3020,118059,135465,1.1185,24.5,0.7,0,0,-151,-43,-43
46115,Spink County,2486,1505,70139,79486,1.1184,37.9,1.6,1,0,160,162,97
4954220,Nephi city,2195,1720,106108,118648,1.1184,19.5,2.2,1,0,31,35,35
0650398,National City city,18217,12980,66841,74887,1.1184,26.8,1.9,1,0,-1309,-1151,588
1756887,Oswego village,12243,9860,123792,138109,1.1183,18.6,0.8,1,0,-34,17,1
4516405,Conway city,8762,5719,56650,62641,1.1183,29.2,5.6,0,0,-20,-57,136
3901000,Akron city,84734,58612,48076,54090,1.1183,24.9,5.9,1,0,-2549,-637,2733
4924740,Farmington city,7209,5521,127338,142834,1.1183,21.7,1.7,1,0,93,147,90
12019,Clay County,83707,59103,87820,98514,1.1183,27.1,2.3,1,0,-124,401,509
48347,Nacogdoches County,25302,15401,53555,59716,1.1182,26.1,13.0,1,0,-626,-70,583
1200375,Alachua city,4551,2996,83464,92930,1.1182,30.4,3.8,0,0,177,73,62
37185,Warren County,8147,4675,50638,56436,1.1182,41.1,1.5,1,0,192,262,333
45051,Horry County,158779,94431,66880,74658,1.1182,38.6,1.9,1,0,-186,808,981
56025,Natrona County,33886,23353,72156,80563,1.1182,26.4,4.7,1,0,809,835,627
5347490,Mountlake Terrace city,9855,7092,107687,121977,1.1181,24.3,3.8,1,0,-219,-2,318
30021,Dawson County,3615,2488,71334,77052,1.1181,27.2,4.0,0,0,137,136,106
47003,Bedford County,19505,13844,67225,77284,1.1181,25.7,3.3,1,0,473,816,665
1759988,Pingree Grove village,3637,2632,114294,132069,1.1181,27.6,0.0,1,0,6,8,8
2131114,Glasgow city,6299,3986,43074,46944,1.118,30.4,6.3,1,0,-175,-19,318
1380508,Warner Robins city,31930,23287,66970,74893,1.118,21.1,6.0,1,0,-500,672,1148
21215,Spencer County,7308,5425,102618,112784,1.118,25.2,0.5,1,0,25,30,21
13205,Mitchell County,7813,5150,57613,64104,1.118,31.1,3.0,0,0,336,458,347
4246256,McKeesport city,7668,5118,34219,38967,1.1179,31.0,2.2,0,0,-32,-329,85
4957300,Orem city,31291,20869,83342,93728,1.1179,19.2,14.1,1,0,484,659,465
35007,Colfax County,5368,2851,53554,60527,1.1179,44.8,2.1,1,0,164,289,243
21105,Hickman County,1731,1086,60867,69000,1.1179,34.2,3.1,0,0,96,117,128
13023,Bleckley County,4465,2832,62008,69776,1.1178,33.8,2.8,0,0,182,122,77
40091,McIntosh County,7784,4404,46281,51548,1.1178,40.5,2.9,1,0,47,111,243
2730140,Hopkins city,9547,6906,75234,84309,1.1178,23.8,3.9,1,0,285,449,141
2263645,Rayne city,2748,1894,42151,46360,1.1178,25.1,5.9,0,0,-12,69,123
3465790,Sayreville borough,17187,12683,99979,111739,1.1178,25.7,0.5,1,0,393,221,338
48183,Gregg County,48277,33154,66550,75058,1.1178,25.7,5.6,1,0,1712,2262,2116
0458150,Queen Creek town,22323,17655,141978,160302,1.1177,19.9,1.0,1,0,102,231,-202
28033,DeSoto County,70986,53962,85297,95520,1.1177,21.8,2.2,1,0,188,629,485
21211,Shelby County,18484,13027,82604,96365,1.1177,26.2,3.3,1,0,801,650,528
24027,Howard County,121065,89740,149763,167449,1.1177,23.7,2.1,1,0,2719,3714,676
0850480,Milliken town,3192,2600,107500,130645,1.1177,18.5,0.0,0,0,-9,17,16
2971440,Sullivan city,2722,1742,63370,73505,1.1176,31.6,4.4,0,0,146,187,69
4838068,Josephine city,1844,1438,91000,104562,1.1175,22.0,0.0,0,0,19,2,
12095,Orange County,527776,399555,79719,89654,1.1175,20.1,4.2,1,0,-22683,-19240,-7808
2679120,Tecumseh city,3851,2584,62835,70742,1.1175,30.1,2.8,1,0,133,77,36
51177,Spotsylvania County,52481,38196,112738,126189,1.1174,24.2,3.0,1,0,-61,-11,133
56041,Uinta County,7716,5280,82980,94270,1.1174,27.1,4.5,1,0,314,283,246
4843888,Longview city,33009,22336,63340,70578,1.1174,25.7,6.6,1,0,1206,1425,1674
24017,Charles County,60875,46666,122816,137033,1.1174,22.1,1.2,1,0,-88,425,294
3775280,Woodfin town,2977,2063,71384,80222,1.1173,26.4,4.3,0,0,-160,-34,169
3468340,Somerdale borough,2429,1624,85625,94962,1.1173,31.8,1.3,0,0,-1,-23,25
5367770,Steilacoom town,2813,1770,100851,113739,1.1173,28.5,8.5,1,0,-8,-54,-49
18161,Union County,2940,1862,76424,85761,1.1172,33.9,2.8,1,0,80,68,50
5374060,Vancouver city,81504,56676,81338,91952,1.1172,26.0,4.4,1,0,-2302,-744,943
06095,Solano County,157512,108581,100401,112165,1.1172,28.7,2.4,1,0,-6001,-6509,-4028
40019,Carter County,19046,12848,60723,68302,1.1172,28.3,4.3,1,0,550,702,747
2637120,Hastings city,3388,2134,58286,65753,1.1172,33.2,3.8,0,0,55,74,43
3935476,Hilliard city,14223,11222,128189,142119,1.1172,18.5,2.6,1,0,386,427,389
1741742,Lake Zurich village,7392,5687,135968,150636,1.1171,22.8,0.3,1,0,94,171,20
3918868,Coshocton city,4933,3209,48731,54137,1.1171,32.0,3.0,1,0,100,72,138
12051,Hendry County,14130,10103,56393,64068,1.1171,24.5,4.0,0,0,61,167,127
2747104,North Oaks city,1740,981,231742,253800,1.117,43.6,0.0,0,0,-33,-9,-26
1729652,Glencoe village,2977,1936,248933,249689,1.117,35.0,0.0,0,0,39,39,27
2407850,Bladensburg town,3139,1987,63179,69689,1.117,27.5,9.2,0,0,-427,-597,99
26097,Mackinac County,5199,2926,63909,70235,1.117,39.5,4.3,1,0,231,228,204
4048350,Midwest City city,24888,16544,57520,65288,1.1169,28.8,4.7,1,0,358,901,744
4819900,Denison city,10386,6515,67365,74748,1.1169,32.1,5.2,1,0,-272,110,508
3744800,Mount Airy city,4865,2817,40275,44912,1.1169,38.3,3.8,1,0,109,244,151
1709447,Buffalo Grove village,16213,11931,129395,143763,1.1169,25.8,0.6,1,0,-24,158,-90
37173,Swain County,6013,3805,52349,61479,1.1169,31.6,5.1,1,0,191,179,185
4174950,Tualatin city,10837,7757,104043,117569,1.1168,23.2,5.3,1,0,37,103,215
06077,San Joaquin County,245250,181849,92179,103888,1.1168,23.8,2.0,1,0,-556,-576,-1028
28059,Jackson County,57647,38960,66201,73920,1.1168,29.2,3.3,1,0,237,1193,1331
2135866,Henderson city,12341,8058,48186,53325,1.1167,28.3,6.4,0,0,270,352,537
48115,Dawson County,4043,2547,54360,62675,1.1167,27.5,9.5,0,0,31,127,19
18169,Wabash County,12674,8385,66806,75116,1.1167,31.9,2.0,1,0,436,365,186
1666340,Rathdrum city,4046,2760,86563,94737,1.1167,27.5,4.3,0,0,56,42,37
4202000,Allentown city,46374,33495,55494,61715,1.1166,23.2,4.5,1,0,-2248,-2006,606
35049,Santa Fe County,70767,39771,79071,88439,1.1166,41.3,2.5,1,0,519,670,560
2102368,Ashland city,9439,6313,52715,60545,1.1166,29.7,3.4,1,0,175,332,311
1227800,Groveland city,8122,5294,100226,112102,1.1166,31.8,3.0,0,0,1,31,39
54109,Wyoming County,8068,4917,48440,53675,1.1166,36.8,2.3,0,0,133,100,140
2966440,Sedalia city,9363,6159,50990,56929,1.1166,27.5,6.7,1,0,4,160,400
46061,Hanson County,1132,812,81071,91912,1.1166,26.9,1.4,1,0,12,5,5
0658240,Porterville city,19335,13906,60461,67592,1.1165,21.4,6.6,1,0,175,302,385
1369000,Savannah city,58192,39803,57137,64333,1.1165,24.1,7.5,1,0,-2188,-2302,712
0412000,Chandler city,107693,82339,108095,122508,1.1165,20.1,3.5,1,0,-413,297,-299
54025,Greenbrier County,14788,8546,48218,53603,1.1165,37.8,4.4,1,0,-101,87,459
20097,Kiowa County,955,565,75539,85383,1.1165,37.2,3.7,0,0,47,58,54
3573540,Socorro city,2289,1337,39375,44113,1.1165,38.2,3.4,0,0,-42,-34,61
13109,Evans County,4077,2537,53259,58497,1.1165,31.1,6.7,1,0,166,217,230
5116608,Christiansburg town,10253,6882,77147,85821,1.1164,27.8,5.1,1,0,376,464,244
06019,Fresno County,324702,238045,74201,82780,1.1164,23.2,3.4,1,0,-810,75,1358
13197,Marion County,2966,1893,51667,60248,1.1164,33.4,2.8,0,0,31,84,86
0611530,Carson city,26974,17614,108703,122370,1.1164,33.7,1.0,1,0,-149,-361,435
4969640,Smithfield city,4202,3222,97537,107083,1.1164,17.2,6.1,1,0,91,82,84
2688940,Wyoming city,29417,22431,73677,81841,1.1163,19.5,4.3,1,0,621,1002,877
5519350,DeForest village,4614,3376,106419,120158,1.1163,24.8,2.0,1,0,104,71,66
30035,Glacier County,4291,3007,46875,52611,1.1163,26.0,3.9,0,0,59,94,141
2638640,Holland city,12977,8593,75865,84585,1.1163,27.6,6.2,1,0,305,243,181
1950160,Mason City city,12698,7859,64804,71880,1.1163,31.7,6.4,1,0,485,556,300
3962498,Pickerington city,8420,6541,111833,127548,1.1163,20.8,1.5,1,0,61,29,62
5548500,Manitowoc city,15094,10178,63757,71763,1.1162,28.9,3.6,1,0,998,858,301
49047,Uintah County,12145,8611,73746,81836,1.1162,23.3,5.8,1,0,675,592,257
4824348,Ennis city,7982,6075,75074,83953,1.1162,21.1,2.8,0,0,-34,156,161
72033,Cataño Municipio,9293,5710,25508,28675,1.1161,37.0,1.5,1,0,178,172,77
02180,Nome Census Area,2816,2091,78681,87551,1.1161,22.1,3.6,1,0,52,62,76
0682996,Vista city,32323,23770,94975,106284,1.1161,22.5,3.9,1,0,-1506,-1971,1157
3406490,Bogota borough,3402,2346,103299,114323,1.1161,29.7,1.3,0,0,-171,-98,23
4781080,Winchester city,4184,2399,62782,68219,1.1161,36.6,6.1,1,0,269,277,268
17121,Marion County,15512,10177,61240,68211,1.1161,31.0,3.4,1,0,175,287,439
4839124,Kilgore city,4502,3428,66295,75573,1.1161,21.2,2.7,1,0,38,131,145
4916270,Cottonwood Heights city,12568,8527,119422,135935,1.1161,30.2,2.0,1,0,100,187,111
5307170,Bonney Lake city,7499,5812,136845,155163,1.116,20.7,1.7,1,0,-10,95,-62
1912000,Cedar Rapids city,59351,40704,70424,78449,1.116,24.6,6.8,1,0,1903,2413,1339
3633139,Hempstead village,17108,12664,90420,99480,1.1159,25.0,1.0,1,0,-912,-816,536
2956756,Peculiar city,1995,1529,94519,107173,1.1159,23.4,0.0,0,0,52,36,30
1243083,Marco Island city,8609,2559,101523,114120,1.1158,70.1,0.2,0,0,23,20,18
0842110,La Junta city,3030,1933,52315,59387,1.1158,32.4,3.8,0,0,15,-55,35
48397,Rockwall County,41237,31808,127981,142041,1.1158,21.4,1.5,1,0,-189,179,-349
0622804,Escondido city,50346,37144,91967,103320,1.1157,23.5,2.7,1,0,-2778,-2551,1807
2957116,Perryville city,3318,2362,51897,60244,1.1156,24.9,3.9,0,0,-47,90,61
48395,Robertson County,6701,4315,72236,77658,1.1156,32.6,3.0,1,0,170,177,137
1704975,Bellwood village,5948,4118,79513,89463,1.1156,28.4,2.4,1,0,243,226,26
3268400,Sparks city,42414,29631,89056,97942,1.1156,25.7,4.5,1,0,-679,-383,0
06031,Kings County,44052,32404,70995,79355,1.1155,21.6,4.8,1,0,963,846,372
27155,Traverse County,1311,774,62989,69194,1.1155,37.6,3.4,0,0,3,7,8
2053550,Ottawa city,5233,3618,71699,81335,1.1155,24.0,6.8,0,0,332,356,248
2136982,Hillview city,3150,2456,68111,74124,1.1155,20.8,1.3,0,0,54,100,71
5613900,Cheyenne city,29240,19699,78839,88611,1.1155,26.9,5.8,1,0,932,891,636
4707180,Bolivar city,2118,1419,39028,44329,1.1155,28.7,4.3,0,0,-42,-17,86
01087,Macon County,7237,4117,43707,49203,1.1154,36.5,6.6,1,0,49,107,389
5024400,Essex Junction city,4761,3608,89257,102104,1.1154,20.2,4.0,0,0,-52,29,48
1372122,South Fulton city,40323,31483,82324,92607,1.1154,20.4,1.5,1,0,-1199,-937,-172
1783349,Woodstock city,10656,7312,82758,96934,1.1154,25.9,5.5,1,0,334,292,83
46023,Charles Mix County,3032,1945,64038,72887,1.1154,33.8,2.1,1,0,113,123,85
16045,Gem County,7643,4917,64605,73136,1.1154,33.9,1.8,1,0,401,292,189
1752584,New Lenox village,9134,7204,140865,158711,1.1154,20.6,0.5,1,0,18,34,-7
1216475,Davie town,38677,29007,87250,96393,1.1154,21.8,3.2,1,0,-2214,-2459,-1048
1367984,St. Marys city,7415,4591,74288,82327,1.1153,29.0,9.1,1,0,154,92,43
05089,Marion County,7664,4328,48619,53493,1.1153,40.4,3.1,1,0,142,164,181
2803620,Batesville city,2791,1877,51727,59208,1.1153,24.8,8.0,0,0,-57,-16,101
06067,Sacramento County,571057,412309,92175,102948,1.1152,25.0,2.8,1,0,-12681,-8316,517
4970960,South Ogden city,6855,5020,80130,89005,1.1152,21.3,5.4,0,0,6,-12,30
3948160,Marysville city,10163,8083,92619,105623,1.1152,15.4,5.0,0,0,179,211,159
12071,Lee County,327803,184587,76107,84878,1.1152,42.0,1.6,1,0,-8083,-6741,-1722
2647800,Lincoln Park city,14767,10338,58616,65302,1.1152,26.3,3.7,1,0,195,124,323
49003,Box Elder County,19557,13945,84550,94405,1.1151,24.4,4.3,1,0,484,262,246
1754638,Oak Forest city,10355,7571,91990,103348,1.1151,25.5,1.4,1,0,203,154,65
1654730,Mountain Home city,6349,4509,63125,71822,1.1151,19.7,9.3,1,0,104,203,242
3916014,Cleveland Heights city,19323,12387,72826,79704,1.1151,30.8,5.1,1,0,417,424,293
48473,Waller County,18342,13547,80397,92704,1.115,20.1,6.0,1,0,564,588,471
48085,Collin County,416646,330670,121600,135668,1.115,17.5,3.2,1,0,-542,4196,-620
1707133,Bolingbrook village,23959,18134,108400,120639,1.115,22.1,2.2,1,0,-295,-247,-238
4016350,Collinsville city,3374,2603,90570,104597,1.115,21.3,1.6,1,0,60,46,52
0617610,Cupertino city,21020,16030,234707,252828,1.115,22.0,1.8,0,0,441,1106,-540
3419510,East Rutherford borough,4217,3093,97993,107907,1.115,23.4,3.3,1,0,-3,-92,-42
51013,Arlington County,112027,86359,142114,158242,1.115,16.6,6.3,1,0,3138,6108,1332
39105,Meigs County,9102,5925,46873,52433,1.115,32.6,2.3,1,0,268,202,184
0638520,King City city,3242,2557,66761,75682,1.115,16.7,4.4,0,0,-44,-58,82
1919000,Davenport city,43237,29158,66200,75563,1.1149,25.0,7.6,1,0,1233,1769,1229
2621000,Dearborn city,36695,25728,65324,71614,1.1149,26.3,3.6,1,0,-872,-641,-106
1238425,Lake Mary city,6913,5058,109173,121725,1.1148,25.9,0.9,1,0,-184,-127,-173
20159,Rice County,3714,2364,63925,70118,1.1148,29.3,7.0,1,0,209,192,145
45055,Kershaw County,26897,18112,68231,76976,1.1148,30.3,2.4,1,0,242,433,307
40079,Le Flore County,17997,11821,51565,57758,1.1148,30.9,3.4,1,0,366,564,683
3719000,Durham city,126550,94004,81619,93403,1.1147,20.3,5.4,1,0,-1288,765,2160
3564930,Roswell city,17838,11783,51583,57611,1.1147,29.3,4.7,1,0,-43,178,525
28005,Amite County,5850,3453,37222,42500,1.1147,37.2,3.8,0,0,-31,50,171
0669070,Santa Barbara city,36291,23650,106182,123150,1.1146,30.3,4.6,1,0,-1382,-1092,807
3630213,Great Neck Plaza village,3940,2561,92474,109552,1.1146,32.2,2.8,0,0,24,-53,56
5373465,University Place city,13682,9475,99031,109965,1.1146,26.9,3.8,1,0,71,84,152
0604870,Bell city,9171,7041,61020,68612,1.1146,20.9,2.3,1,0,-715,-918,358
5003175,Barre city,4094,2960,65625,75204,1.1146,24.5,3.2,0,0,63,189,125
13009,Baldwin County,16582,10412,54403,59944,1.1145,27.5,9.7,1,0,338,569,651
4202264,Ambler borough,2699,1983,77394,92864,1.1145,23.0,3.5,0,0,35,116,98
5343150,Maple Valley city,9394,7523,152885,169784,1.1144,18.2,1.7,1,0,109,165,61
53077,Yakima County,87708,60794,70656,78602,1.1143,26.6,4.1,1,0,2634,3196,2381
37105,Lee County,25145,17286,65387,74327,1.1143,28.1,3.2,1,0,689,1183,1325
47155,Sevier County,40344,26367,62581,70078,1.1143,31.2,3.5,1,0,1121,1116,1242
48453,Travis County,583747,455533,99611,111067,1.1143,15.8,6.2,1,0,7399,5693,10660
18017,Cass County,15037,10087,56403,63434,1.1143,30.4,2.5,1,0,454,445,450
0654232,Orinda city,7277,4354,250001,266319,1.1143,40.0,0.1,0,0,25,47,-24
48227,Howard County,12191,8827,69649,77527,1.1142,22.1,5.5,1,0,292,451,351
1331096,Fort Valley city,3251,2195,50283,56168,1.1142,28.6,3.9,0,0,17,136,254
47111,Macon County,9421,6694,59177,65542,1.1141,25.5,3.5,1,0,477,520,399
53017,Douglas County,15923,10261,80363,91552,1.1141,32.3,3.3,1,0,623,392,300
1712684,Chatham village,5624,4193,106773,118913,1.1141,20.0,5.4,1,0,71,59,63
4202288,Ambridge borough,3138,2232,51537,59540,1.1141,21.8,7.1,0,0,-49,89,37
3700160,Aberdeen town,3996,3190,75078,83720,1.1141,20.2,0.0,1,0,161,272,218
4878136,Wharton city,3403,2332,58212,64881,1.1141,25.9,5.5,0,0,29,56,214
37063,Durham County,141847,104149,82316,94445,1.114,21.5,5.0,1,0,-1301,1127,2280
2849240,Moss Point city,4938,3023,44296,49554,1.114,35.9,2.8,0,0,-106,-135,65
3702080,Asheboro city,11884,7984,47197,54058,1.114,28.5,4.3,1,0,405,481,494
21161,Mason County,7131,4571,52178,59330,1.114,31.6,4.3,1,0,222,415,405
3714100,Concord city,38669,29915,86921,96637,1.114,19.4,3.3,1,0,561,805,455
4810780,Brownwood city,7399,4809,48981,54567,1.114,26.6,8.4,0,0,-136,34,178
4565095,Seneca city,4082,2789,52022,58409,1.1139,28.0,3.6,0,0,25,2,113
1313688,Cartersville city,9230,7081,84437,95359,1.1139,20.0,3.3,1,0,345,358,190
0680644,Tulare city,20898,16127,72410,80744,1.1139,19.5,3.3,1,0,-144,-131,-115
4805000,Austin city,456113,355961,93658,104930,1.1139,14.4,7.5,1,0,-303,7510,10596
4253464,New Cumberland borough,3411,2594,82154,93209,1.1139,23.1,0.9,0,0,116,88,62
1707471,Bourbonnais village,6179,4554,81708,95539,1.1139,24.3,2.0,0,0,124,23,34
4167650,Silverton city,3923,2488,79960,89600,1.1138,33.4,3.2,0,0,-117,-21,95
4545115,Mauldin city,11656,8318,82331,92920,1.1138,25.6,3.1,0,0,124,322,383
5309480,Camas city,9066,7057,141126,158192,1.1138,21.7,0.5,1,0,53,176,-70
4864064,Sachse city,10596,8787,131808,150664,1.1137,15.7,1.4,1,0,29,70,-4
12067,Lafayette County,2632,1477,62757,69266,1.1137,39.9,4.0,1,0,34,49,82
4248480,Media borough,3049,2219,89092,97887,1.1137,24.8,2.4,1,0,168,129,26
3410750,Carteret borough,8224,5960,96862,107196,1.1137,26.0,1.5,1,0,-538,-397,315
3345140,Manchester city,49162,35974,81007,89971,1.1137,23.1,3.8,1,0,-797,-228,1129
4284288,West York borough,1889,1446,80995,86086,1.1136,23.1,0.4,1,0,164,142,85
06029,Kern County,284931,211840,70210,78234,1.1136,22.4,3.3,1,0,-2041,67,1851
3907300,Blue Ash city,5746,3889,115313,127690,1.1136,28.4,4.0,1,0,166,180,168
3948244,Massillon city,14365,9611,56446,64360,1.1135,30.0,3.1,1,0,616,839,480
1801468,Anderson city,24218,15300,46909,52236,1.1135,30.8,6.0,1,0,-1048,-507,1050
0666000,San Diego city,530412,389133,108077,120678,1.1134,22.3,4.3,1,0,-13003,-17001,18181
1831000,Hammond city,29797,21368,55504,62622,1.1134,23.6,4.6,1,0,-650,-122,1060
3421300,Elmwood Park borough,7462,5252,101740,114340,1.1134,29.0,0.6,1,0,-533,-238,146
26083,Keweenaw County,1135,594,52583,58793,1.1134,43.6,4.1,1,0,17,17,10
4843024,Littlefield city,2190,1509,60636,67691,1.1134,24.7,6.4,0,0,8,50,123
45027,Clarendon County,12356,7033,52401,58650,1.1133,41.2,1.9,1,0,212,311,399
2004400,Basehor city,2775,1949,116769,132369,1.1133,28.1,1.7,1,0,32,31,34
1222975,Florida City city,4081,3083,47482,53729,1.1133,21.5,3.0,0,0,-212,-303,-46
4934200,Heber city,5727,4323,110339,118829,1.1133,14.8,9.7,1,0,34,-8,-3
3720580,Elizabeth City city,7576,5079,52141,58274,1.1132,29.3,3.6,1,0,-126,-151,57
20047,Edwards County,1162,708,52692,57576,1.1132,35.5,3.5,1,0,28,26,24
1251350,Oldsmar city,5586,3926,88333,93284,1.1132,29.1,0.6,0,0,-27,-6,30
18131,Pulaski County,4950,3244,62792,72852,1.1132,32.7,1.8,1,0,131,198,253
4134100,Hillsboro city,42145,32950,106409,118813,1.1132,17.9,3.9,1,0,-753,-88,611
28021,Claiborne County,3008,1853,31897,34414,1.1131,37.2,1.2,0,0,38,43,50
04001,Apache County,21100,13602,41438,46076,1.1131,34.4,1.1,1,0,306,340,496
2151924,Middlesborough city,4082,2382,31106,34777,1.1131,36.1,5.5,0,0,-110,-218,135
3622865,East Rochester village,2986,2092,73344,81095,1.1131,27.4,2.5,1,0,228,271,154
3744220,Mooresville town,20009,15141,89647,99239,1.1131,19.6,4.8,1,0,244,616,529
21093,Hardin County,44622,31940,67647,74817,1.113,24.7,3.7,1,0,2311,2308,1641
3743260,Mills River town,2727,1704,105398,118109,1.113,37.1,0.4,1,0,70,21,82
31151,Saline County,5143,3703,79910,89745,1.113,24.5,3.5,1,0,245,269,251
1249425,North Lauderdale city,15643,12028,63326,72686,1.1129,20.8,2.3,0,0,-534,-1091,-469
3972088,Sheffield Lake city,4417,3112,69632,75203,1.1129,27.8,1.7,1,0,333,383,205
4862804,Rockport city,5692,3288,72174,80096,1.1129,34.2,8.0,0,0,-145,-103,-78
49057,Weber County,94125,69165,90005,100268,1.1129,21.3,5.2,1,0,1355,1526,773
0665070,San Carlos city,11001,7969,237470,249783,1.1128,26.5,1.1,0,0,608,755,334
3644710,Malone village,2662,1831,60548,68091,1.1127,28.2,3.0,0,0,147,177,141
12113,Santa Rosa County,72605,50963,91922,102622,1.1127,27.1,2.7,1,0,644,872,679
48127,Dimmit County,2998,2075,38808,43468,1.1127,24.3,6.4,0,0,55,108,32
08103,Rio Blanco County,2805,1792,65473,77582,1.1127,29.4,6.7,0,0,148,148,95
17167,Sangamon County,84762,56794,75357,83907,1.1126,29.4,3.6,1,0,2709,2284,900
2927190,Gladstone city,11765,7867,79271,89044,1.1126,30.5,2.6,1,0,393,428,236
2978118,Webb City city,5077,3549,65469,72549,1.1126,21.4,8.6,1,0,230,220,219
12031,Duval County,415128,299035,71277,79466,1.1125,23.6,4.4,1,0,-11010,-6246,4115
3618388,Cortland city,7019,4538,59482,65820,1.1125,20.4,15.0,0,0,232,368,433
5304475,Battle Ground city,7444,5513,104977,119488,1.1125,22.5,3.4,1,0,117,128,157
3240000,Las Vegas city,247741,176708,73877,82243,1.1125,25.8,2.9,1,0,-8067,-6600,-735
0678120,Temecula city,36536,28129,121063,134263,1.1125,21.7,1.3,1,0,-1056,-525,-985
4815988,Colleyville city,9072,6483,218328,246010,1.1125,28.5,0.0,0,0,27,45,-6
2170050,Shelbyville city,6672,5094,75610,84583,1.1125,17.9,5.8,1,0,477,491,290
34013,Essex County,319788,235225,80789,90355,1.1125,24.2,2.3,1,0,-7192,-4889,2843
48401,Rusk County,18027,11713,68658,76315,1.1124,32.0,3.0,1,0,259,418,468
3643335,Long Beach city,15027,10299,140739,156343,1.1124,30.4,1.1,1,0,-82,137,179
0136448,Hueytown city,5761,3671,62784,72003,1.1123,33.2,3.1,1,0,-6,93,91
0600884,Alhambra city,30425,22425,88024,98704,1.1123,24.6,1.7,1,0,-1165,-689,1653
1706613,Bloomington city,34892,24978,77384,86653,1.1123,21.6,6.8,1,0,1797,2010,892
48421,Sherman County,843,603,61250,67763,1.1122,26.1,2.4,0,0,25,21,11
0644028,Los Banos city,13403,10461,68171,76434,1.1122,21.1,0.9,1,0,-467,-322,-120
18133,Putnam County,14142,9556,78378,85951,1.1122,29.4,3.0,1,0,433,414,335
28077,Lawrence County,4407,2816,43531,48756,1.1121,33.8,2.3,1,0,-58,34,54
1676870,Star city,5251,3455,97936,108739,1.1121,33.4,0.8,1,0,-65,-58,-56
1213000,Clewiston city,2698,1681,57222,65298,1.1121,32.6,5.1,0,0,127,127,58
1919945,Denison city,3091,2175,65684,73695,1.1121,21.2,8.5,0,0,181,156,57
28049,Hinds County,89578,62636,49402,54890,1.112,26.5,3.6,1,0,-4600,-3076,2202
5144984,Leesburg town,16660,13686,145205,160880,1.112,15.4,2.4,1,0,290,491,100
28065,Jefferson Davis County,4453,2370,38548,42798,1.112,45.8,0.9,0,0,-43,-6,62
1235875,Jupiter town,25618,16152,110240,121926,1.112,36.0,0.9,1,0,-805,-659,-501
20169,Saline County,22523,15021,65422,73395,1.112,27.8,5.5,1,0,1187,1115,589
1983910,West Des Moines city,32233,22882,86594,97624,1.112,21.1,8.0,1,0,1782,1828,1064
3981928,Wauseon city,3056,2237,64477,75027,1.1119,23.5,3.3,0,0,135,149,115
2577890,West Springfield Town city,12732,9155,69371,76686,1.1119,24.7,3.4,0,0,-221,169,180
2844520,Madison city,9759,7021,119338,134595,1.1119,26.9,1.2,1,0,24,45,-50
30099,Teton County,2469,1460,70430,79243,1.1119,34.8,6.1,1,0,108,133,124
3728000,Greensboro city,123984,87518,61515,68800,1.1119,23.3,6.1,1,0,141,2007,4135
1709642,Burbank city,9539,6512,80116,89479,1.1118,29.6,2.1,1,0,47,58,53
1933060,Grimes city,6117,5067,120037,132504,1.1118,12.2,5.0,1,0,177,196,174
5514575,Chippewa Falls city,6607,3889,57873,63802,1.1118,33.4,7.7,1,0,173,143,183
2026725,Goddard city,1955,1520,94004,106673,1.1117,19.5,2.7,1,0,-41,-46,-44
4955100,North Ogden city,6784,4869,113722,128233,1.1117,25.2,3.0,1,0,4,21,7
2639800,Hudsonville city,2830,2079,91280,101391,1.1117,24.5,2.0,0,0,24,39,37
1727884,Freeport city,10841,6527,51723,57500,1.1116,32.6,7.2,0,0,203,421,454
1921000,Des Moines city,90105,65392,65932,73731,1.1116,20.2,7.2,1,0,2257,3454,1690
1240875,Live Oak city,2207,1544,59375,66540,1.1116,23.1,7.0,0,0,264,321,327
72003,Aguada Municipio,13100,7485,21501,24035,1.1116,41.7,1.1,1,0,253,281,496
3466570,Secaucus town,8704,6734,139821,150598,1.1116,21.5,1.1,1,0,19,139,101
0833640,Gunnison city,3046,1670,62189,72669,1.1116,16.3,28.9,0,0,1,-42,19
21217,Taylor County,10260,6846,60456,67288,1.1115,28.3,5.0,1,0,356,335,274
48253,Jones County,5915,3663,59464,66357,1.1115,33.1,5.0,1,0,91,132,191
1239550,Lauderhill city,27320,19462,51165,57397,1.1115,26.9,1.9,1,0,27,-1053,-214
47173,Union County,7931,5261,62727,71099,1.1114,30.5,3.1,1,0,141,134,89
05115,Pope County,24348,16261,57344,64311,1.1114,27.7,5.5,1,0,776,1050,1059
16023,Butte County,1073,735,53015,58690,1.1114,30.8,0.7,0,0,28,5,3
34031,Passaic County,178936,128005,87522,97962,1.1114,26.8,1.6,1,0,-5915,-1857,2517
4960930,Pleasant Grove city,11329,8414,101073,113603,1.1113,18.8,7.0,1,0,554,329,240
4976680,Tooele city,12354,9408,96221,107824,1.1113,19.6,4.3,1,0,212,145,68
4031750,Guymon city,3902,2972,60075,66745,1.1113,16.0,7.8,0,0,326,366,319
2617020,Coldwater city,4458,2888,50781,56891,1.1112,30.6,4.6,1,0,-41,-8,130
4870808,Sugar Land city,38485,26442,136217,151244,1.1112,29.9,1.4,1,0,223,509,-100
18065,Henry County,18642,12092,63150,70401,1.1112,32.0,3.1,1,0,719,630,470
0427400,Gilbert town,96363,76013,122551,137086,1.1112,18.1,3.0,1,0,-575,741,-1076
0623182,Fairfield city,38757,27182,101895,113368,1.1112,26.6,3.3,1,0,-2111,-2182,-1364
22101,St. Mary Parish,18463,12003,52576,59228,1.1111,31.3,3.7,1,0,90,257,479
1729730,Glendale Heights village,11196,8355,86545,97006,1.1111,20.2,5.2,1,0,-55,236,259
01051,Elmore County,32856,22826,78243,87320,1.1111,27.7,2.8,1,0,1047,1027,993
37111,McDowell County,18638,12235,57168,64406,1.1111,32.1,2.2,1,0,365,427,623
51187,Warren County,15339,11130,84682,94904,1.1111,25.6,1.8,1,0,331,312,338
3620313,Depew village,6672,4580,73556,82517,1.1111,30.2,1.1,1,0,141,73,-3
3752760,Pleasant Garden town,1909,1346,88204,97026,1.111,27.5,2.0,0,0,-56,-47,
45015,Berkeley County,93711,67236,84358,93649,1.111,24.6,3.7,1,0,-592,-285,450
1258715,Port St. Lucie city,83952,55938,80648,90798,1.1109,32.9,0.5,1,0,-1685,-1878,-1640
0862000,Pueblo city,46414,29818,56664,63705,1.1109,31.2,4.6,1,0,-316,266,729
0918430,Danbury city,33071,22850,83393,96687,1.1109,29.1,1.8,1,0,-493,-442,
1234132,"Islamorada, Village of Islands village",3152,2014,87222,102899,1.1109,36.1,0.0,0,0,-40,12,1
0670742,Seaside city,10371,7489,85311,91573,1.1108,23.8,4.0,1,0,14,-269,-95
0683668,Watsonville city,15151,10634,78393,87317,1.1108,27.0,2.8,1,0,37,-77,479
51199,York County,26968,18837,109956,124356,1.1108,27.0,3.1,1,0,-36,226,-59
0165040,Roanoke city,2344,1557,47105,52451,1.1107,32.8,0.8,0,0,84,107,102
13245,Richmond County,76694,53314,55637,62334,1.1107,26.3,4.2,1,0,-3071,-1312,2459
72053,Fajardo Municipio,13169,7901,25563,28462,1.1107,38.6,1.4,1,0,-311,-347,-101
1738570,Joliet city,51055,39995,92201,101813,1.1106,19.5,2.2,1,0,279,445,319
0864255,Rifle city,3796,2775,80000,90193,1.1105,15.8,11.1,1,0,34,34,54
2829340,Greenwood city,5373,3571,35473,39397,1.1105,30.8,2.7,0,0,-36,-155,222
3734200,Jacksonville city,22688,13463,57697,63515,1.1105,16.4,24.2,1,0,-1152,-1189,634
13163,Jefferson County,5751,3784,53014,58971,1.1105,32.4,1.8,1,0,257,259,250
0642006,Livingston city,3520,2716,74494,82727,1.1104,18.6,4.2,1,0,-3,39,104
1762783,Rantoul village,5374,3842,48691,54227,1.1104,24.5,4.1,0,0,157,250,89
1717887,Crystal Lake city,14806,10797,108418,120350,1.1104,24.5,2.6,1,0,196,101,92
48121,Denton County,360392,282626,111498,124385,1.1103,17.5,4.1,1,0,1144,159,164
29033,Carroll County,3522,2318,62154,69831,1.1103,30.7,3.5,1,0,178,185,180
2014600,Coffeyville city,3524,2295,45670,50829,1.1102,30.6,4.3,0,0,89,147,162
0673080,South Gate city,25199,18955,74571,82711,1.1102,23.1,1.7,1,0,-813,-563,895
3440770,Little Silver borough,2245,1525,240853,261490,1.1102,32.1,0.0,0,0,2,10,13
13217,Newton County,41203,30956,77179,86812,1.1102,23.4,1.5,1,0,-441,-349,102
53021,Franklin County,29890,22821,86714,96533,1.1101,19.3,4.4,1,0,382,374,372
4050050,Muskogee city,14821,9976,50213,55746,1.1101,28.0,4.7,1,0,286,522,947
0667042,San Gabriel city,12612,8911,90488,101155,1.11,27.9,1.5,1,0,-354,-23,499
5335415,Kent city,47156,36750,92302,102484,1.11,18.3,3.7,1,0,-1889,-1328,716
47029,Cocke County,15509,9352,48016,53004,1.11,35.7,4.0,0,0,161,189,415
17045,Edgar County,7567,4607,59941,66562,1.1099,33.5,5.6,1,0,465,455,219
0877290,Thornton city,50566,39338,103088,114602,1.1099,17.1,5.1,1,0,-858,-767,-76
0203000,Anchorage municipality,108597,80141,103284,114653,1.1099,20.8,5.4,1,0,2174,1307,1375
02020,Anchorage Municipality,108597,80141,103284,114653,1.1099,20.8,5.4,1,0,2174,1307,1375
37119,Mecklenburg County,466527,360658,87005,97509,1.1099,18.1,4.6,1,0,-3132,6664,6324
1825324,Frankfort city,6002,4099,57412,64284,1.1098,23.1,8.6,1,0,325,402,336
5129968,Front Royal town,5976,4384,64838,76506,1.1098,24.5,2.1,0,0,199,277,219
05119,Pulaski County,172409,118169,62873,69597,1.1098,26.0,5.5,1,0,1542,3460,5124
28089,Madison County,43917,31581,83441,92272,1.1098,24.5,3.6,1,0,756,574,592
2481275,Walkersville town,2423,1711,130893,141773,1.1097,27.5,1.9,0,0,31,34,32
4971070,South Salt Lake city,10940,8648,72152,80713,1.1097,11.2,9.7,1,0,119,320,158
4869908,Stafford city,6643,4995,87432,97408,1.1096,16.6,8.2,1,0,125,300,344
5537825,Janesville city,28326,19061,73446,81705,1.1096,28.8,3.9,1,0,1162,1223,953
2911692,Caruthersville city,2276,1502,34652,38214,1.1096,26.6,7.4,0,0,-123,-145,36
3445690,Metuchen borough,5450,4042,158052,172746,1.1096,25.4,0.5,1,0,96,145,47
12075,Levy County,18562,10952,56750,64119,1.1096,39.4,1.6,1,0,260,482,520
1257425,Plantation city,37137,27208,92541,104457,1.1096,25.0,1.8,1,0,-1996,-2275,-1228
13137,Habersham County,16753,11033,67309,75541,1.1096,31.6,2.6,1,0,298,424,449
1733383,Harvey city,7512,4830,42429,46227,1.1096,30.4,5.3,0,0,-408,-452,71
32005,Douglas County,21325,11485,90754,102752,1.1095,45.1,1.1,1,0,-60,76,82
0622412,El Segundo city,7437,5687,150737,167682,1.1095,21.9,1.6,1,0,291,569,548
3448210,Morris Plains borough,2566,1923,154923,185880,1.1095,25.1,0.0,1,0,56,101,-17
48291,Liberty County,31183,23151,68703,75074,1.1094,22.3,3.5,1,0,422,641,311
1765000,Rockford city,61324,40715,54752,60804,1.1094,28.9,4.7,1,0,-465,741,1930
35055,Taos County,15549,8552,58950,65481,1.1094,44.0,1.0,0,0,-24,-20,135
0982800,West Haven city,20938,14870,74382,82441,1.1093,24.6,4.4,1,0,-306,81,
1743536,Lincoln city,6102,3650,57340,62795,1.1093,31.6,8.5,1,0,406,518,56
0664000,Sacramento city,200321,147172,87321,97203,1.1093,22.9,3.7,1,0,-6289,-4901,641
1235000,Jacksonville city,394370,285514,69872,77683,1.1093,23.1,4.5,1,0,-12180,-6873,4061
1783245,Woodridge village,13278,9992,101000,111642,1.1093,21.7,3.1,1,0,229,163,113
2904222,Bellefontaine Neighbors city,4203,2528,49170,53889,1.1092,39.9,0.0,0,0,-275,-303,75
19021,Buena Vista County,7546,5123,71719,80324,1.1092,25.4,6.7,1,0,492,456,217
08005,Arapahoe County,257232,190942,101087,112226,1.1092,22.1,3.7,1,0,-4192,-4168,-297
3715260,Cramerton town,2356,1728,82160,93694,1.1091,23.3,3.4,0,0,71,158,79
1359735,Peachtree Corners city,17799,13079,82139,94018,1.1091,20.1,6.4,1,0,-803,-99,-80
1263650,Sanford city,24875,18699,66891,76042,1.1091,20.8,4.0,1,0,-1448,-1305,208
0616378,Coronado city,7303,4476,134534,150447,1.109,35.8,2.9,1,0,-48,-67,-21
4972280,Springville city,10986,7905,89816,98674,1.109,21.2,6.8,1,0,51,191,133
1276600,West Palm Beach city,52522,34474,73446,81475,1.109,31.8,2.6,1,0,-2244,-2437,-46
48429,Stephens County,3623,2180,58008,65490,1.109,34.7,5.2,0,0,108,122,180
2302795,Bangor city,14581,9866,59942,66495,1.1089,27.5,4.9,1,0,261,508,584
1221150,Estero village,18573,6974,104102,114667,1.1089,61.3,1.2,1,0,-78,-150,-134
4833560,Hidalgo city,3909,3163,59441,65548,1.1089,18.7,0.4,1,0,38,67,72
1644290,Kuna city,9203,7278,96219,105072,1.1088,18.0,2.9,1,0,165,138,86
1738934,Kankakee city,9122,6513,47514,53724,1.1087,23.4,5.2,1,0,-170,-158,410
15009,Maui County,55841,35793,97161,108328,1.1087,34.7,1.2,1,0,-85,-378,332
1982425,Waterloo city,29283,19571,57480,63683,1.1087,26.3,6.8,1,0,885,1402,499
2252040,Morgan City city,4114,2737,56474,63440,1.1087,29.4,4.0,0,0,57,124,163
2689140,Ypsilanti city,8790,6071,46588,51117,1.1087,13.7,17.2,1,0,-685,-488,20
3712000,Charlotte city,368788,287292,82068,91964,1.1086,16.8,5.3,1,0,-5930,528,5346
4827000,Fort Worth city,342126,264595,79507,89540,1.1086,18.0,4.7,1,0,-3773,-1246,2305
1319000,Columbus city,81415,57938,58073,64421,1.1086,24.4,4.4,1,0,325,1974,3193
13215,Muscogee County,81415,57938,58073,64421,1.1086,24.4,4.4,1,0,325,1974,3193
08091,Ouray County,2623,1474,91020,100000,1.1086,42.8,1.0,1,0,2,-17,-17
0643280,Los Altos city,10840,7211,250001,273269,1.1086,32.7,0.8,0,0,279,369,-121
41059,Umatilla County,28707,19746,67728,75698,1.1086,27.3,3.9,1,0,715,1130,1127
2503690,Barnstable Town city,21413,12480,91982,103903,1.1085,40.5,1.2,1,0,-654,-492,12
0627000,Fresno city,180450,133322,70991,78420,1.1085,21.7,4.4,1,0,-3656,-2148,-87
0107000,Birmingham city,88788,59850,46051,51213,1.1084,25.6,7.0,1,0,-3628,-3642,2166
0409690,Camp Verde town,4651,2536,69203,77020,1.1084,44.3,1.2,0,0,275,218,19
5322080,Ephrata city,3224,2277,69551,74485,1.1084,24.7,4.7,0,0,76,103,69
3657001,Pelham village,2291,1702,184375,200000,1.1084,24.9,0.8,1,0,61,58,71
0427820,Glendale city,88633,64797,73530,81734,1.1084,22.0,4.9,1,0,-1022,-1197,-603
3649891,Newark village,3933,2669,60006,66515,1.1084,30.0,2.1,0,0,110,200,52
22041,Franklin Parish,7525,4655,47020,51942,1.1084,34.0,4.1,1,0,294,261,225
23021,Piscataquis County,8385,5094,61345,67490,1.1083,35.9,3.3,1,0,192,222,211
26031,Cheboygan County,11159,6321,62875,70674,1.1083,41.5,1.8,1,0,170,189,188
51163,Rockbridge County,9552,5275,65469,73016,1.1082,42.7,2.1,1,0,191,227,261
3120260,Gretna city,3237,2514,123992,137788,1.1082,21.0,1.3,1,0,73,77,66
3406340,Bloomingdale borough,2898,2143,127500,140872,1.1082,22.7,3.3,0,0,3,26,16
3973446,South Lebanon village,2222,1741,104511,122500,1.1082,15.8,5.8,0,0,20,33,23
4852356,North Richland Hills city,27446,19491,97305,107626,1.1082,26.7,2.3,1,0,367,360,319
3362900,Portsmouth city,10902,7510,106219,116699,1.1081,27.4,3.8,1,0,-40,-28,156
4856384,Pearsall city,2721,1698,49198,54237,1.1081,24.9,12.7,1,0,-68,-25,106
1250750,Ocala city,27152,17764,56376,62208,1.108,30.3,4.3,1,0,-1088,-1322,-166
2815380,Columbus city,10006,6530,42235,47987,1.108,31.2,3.5,1,0,-354,-34,563
3629333,Glens Falls city,6960,4873,67788,74695,1.1079,23.1,6.9,1,0,302,414,174
13281,Towns County,5924,2866,59135,66027,1.1079,48.6,3.0,0,0,43,34,34
3480270,Westwood borough,4049,2728,165781,177488,1.1079,32.2,0.4,1,0,215,260,-5
0801090,Alamosa city,4084,2615,49688,54753,1.1078,23.0,13.0,0,0,244,266,173
37139,Pasquotank County,15785,10643,66589,72222,1.1078,29.5,3.0,1,0,-222,-5,173
2302100,Augusta city,9453,6128,47979,53923,1.1078,30.5,4.6,1,0,-230,-84,213
49001,Beaver County,2518,1674,79360,89766,1.1078,28.0,5.6,0,0,124,131,83
2283335,Youngsville city,6110,4992,105876,115862,1.1078,18.3,0.0,0,0,-44,-43,-13
0822860,Eaton town,2156,1555,106294,121832,1.1077,24.2,3.7,0,0,-15,1,5
0660984,Rio Vista city,5013,1852,89306,97830,1.1077,60.2,2.9,0,0,-48,-21,39
3647042,Middletown city,9970,7531,79346,91566,1.1077,23.4,1.1,1,0,25,73,37
4211000,Camp Hill borough,3330,2339,115761,127010,1.1076,28.0,1.8,1,0,64,43,80
51033,Caroline County,11988,8596,87407,96292,1.1076,26.7,1.6,1,0,31,77,105
4955210,North Salt Lake city,8066,6126,101447,113672,1.1076,17.7,6.3,1,0,229,138,111
48201,Harris County,1757164,1334872,74983,83047,1.1075,19.6,4.4,1,0,-2975,8487,32871
3570500,Santa Fe city,41921,24311,73482,81619,1.1075,39.0,3.0,1,0,-163,143,360
1737907,Itasca village,3754,2954,114294,127390,1.1075,20.2,1.1,0,0,65,63,57
1328380,Fairburn city,6082,5136,91897,99711,1.1074,15.4,0.1,1,0,-131,-66,43
46031,Corson County,1128,764,46406,52000,1.1074,30.1,2.1,0,0,15,33,28
2260880,Plaquemine city,2576,1759,69366,70975,1.1074,29.4,2.3,0,0,-5,1,16
4927490,Fruit Heights city,1985,1273,140679,153338,1.1073,35.2,0.7,0,0,9,10,7
3126385,La Vista city,6819,4975,81961,92969,1.1073,18.5,8.6,1,0,293,254,224
0636000,Huntington Beach city,78307,54063,120919,134549,1.1073,29.4,1.6,1,0,-3676,-1779,3754
08003,Alamosa County,6648,4325,55397,60674,1.1073,25.5,9.4,1,0,299,307,236
08107,Routt County,11281,7953,106489,117900,1.1073,25.6,3.9,1,0,-19,-50,-21
3764740,Statesville city,12286,8632,52880,60684,1.1072,26.8,3.0,1,0,-2,208,294
3615400,Chestnut Ridge village,2769,1761,111725,127953,1.1072,36.4,0.0,0,0,41,40,61
0622020,Elk Grove city,55592,42908,125924,139609,1.1072,22.2,0.6,1,0,-1502,-318,-1047
0613392,Chula Vista city,85710,65289,108032,119261,1.1072,21.8,2.0,1,0,-3368,-3436,2191
3962848,Piqua city,8878,6133,67796,72203,1.1072,25.1,5.8,1,0,383,420,220
3639232,Kenmore village,7044,5214,77639,88346,1.1072,23.3,2.7,1,0,168,262,302
28087,Lowndes County,23006,15722,53812,59376,1.1072,28.3,3.4,1,0,299,836,1160
0636448,Indio city,31250,20305,77167,85035,1.1071,32.7,2.3,1,0,428,433,-217
2563345,Southbridge Town city,7260,5365,66287,71917,1.1071,22.1,4.0,0,0,-31,52,126
5539225,Kenosha city,40333,29744,71239,79283,1.1071,22.2,4.1,1,0,438,1065,623
2232755,Hammond city,7927,5396,48166,52767,1.1071,20.7,11.2,1,0,-511,-430,139
40109,Oklahoma County,328101,230702,66679,74237,1.107,23.7,6.0,1,0,5370,11638,10332
4036300,Hugo city,2232,1434,33917,37792,1.107,30.2,5.6,0,0,51,38,149
3430420,Hasbrouck Heights borough,4474,2992,123734,135088,1.107,31.4,1.7,1,0,57,56,57
0174352,Sylacauga city,5325,3658,50017,55363,1.107,27.4,3.9,0,0,262,244,304
1237225,LaBelle city,1727,1363,53309,61326,1.1069,21.1,0.0,0,0,17,-167,-180
3681677,White Plains city,25578,17432,110763,124555,1.1069,30.5,1.4,1,0,-582,-386,320
37181,Vance County,16147,10265,50465,55763,1.1069,33.0,3.4,1,0,355,501,703
4843096,Live Oak city,6636,4785,79696,91472,1.1069,21.1,6.8,0,0,23,349,532
05063,Independence County,14638,9762,56609,62823,1.1069,28.7,4.6,1,0,451,682,625
12125,Union County,4316,2876,64146,70941,1.1068,27.9,5.4,0,0,111,113,116
2946586,Maryland Heights city,12592,9612,86436,96957,1.1068,17.2,6.5,1,0,839,847,644
0145784,Madison city,22496,16815,134655,145824,1.1068,21.8,3.4,1,0,318,397,143
32027,Pershing County,1736,1140,66902,76699,1.1067,30.1,4.3,1,0,97,132,86
4817000,Corpus Christi city,118741,81866,67394,74943,1.1067,25.8,5.2,1,0,-194,1892,2149
4958730,Payson city,6826,5169,89905,99026,1.1067,19.5,4.8,1,0,27,102,50
1776199,Troy city,4389,3402,112434,120873,1.1067,22.3,0.2,1,0,93,82,91
3451660,New Milford borough,6216,4540,114889,124565,1.1067,25.7,1.3,1,0,132,149,165
3471220,Stratford borough,2605,2035,98427,109050,1.1067,20.3,1.6,0,0,67,56,41
0648788,Montclair city,10652,7913,77659,85412,1.1066,22.5,3.2,1,0,-526,-756,-319
4740160,Lafayette city,1941,1346,51736,56800,1.1066,24.1,6.5,0,0,67,103,119
06037,Los Angeles County,3416449,2509855,90112,99963,1.1066,24.0,2.5,1,0,-79977,-70310,91147
1253000,Orlando city,131179,103446,72336,80255,1.1065,17.0,4.1,1,0,-9589,-8664,-1188
40017,Canadian County,58227,43391,87751,98134,1.1065,22.9,2.6,1,0,1093,1256,1227
5353545,Pasco city,24748,19112,85586,95827,1.1065,18.1,4.7,1,0,77,121,184
01015,Calhoun County,45015,29775,55029,60974,1.1065,29.9,3.9,1,0,924,1613,1896
32003,Clark County,862518,621740,76472,84894,1.1064,25.1,2.8,1,0,-26768,-21837,-2337
3738320,Lincolnton city,5023,3142,46320,51747,1.1064,27.2,10.2,0,0,-143,2,162
4982840,West Bountiful city,1892,1439,135179,141284,1.1063,22.5,1.5,1,0,-8,-8,-17
21121,Knox County,11711,7871,32527,35479,1.1061,29.6,3.2,0,0,-381,-219,430
5572975,Sheboygan city,21361,14762,62927,70248,1.106,25.0,5.9,1,0,1228,1334,758
1077580,Wilmington city,31655,23277,58671,64893,1.106,23.8,2.7,1,0,-915,-713,447
46087,McCook County,2221,1515,83852,95248,1.106,25.6,6.2,1,0,111,81,-4
4858016,Plano city,112438,84696,112253,124784,1.1059,21.4,3.3,1,0,1244,929,911
2406800,Berlin town,1780,1276,81438,93218,1.1058,25.5,2.8,0,0,7,-7,15
49043,Summit County,15730,11477,138114,150674,1.1058,24.6,2.4,1,0,109,109,110
1852740,New Castle city,7188,4962,51606,57199,1.1058,25.9,5.0,1,0,272,406,323
3146030,South Sioux City city,4766,3405,68223,73908,1.1058,21.0,7.6,0,0,240,291,252
0857630,Parker town,21789,17281,133369,146647,1.1057,16.2,4.5,1,0,-81,179,-79
4055150,Okmulgee city,4443,2886,41848,46411,1.1057,29.4,5.6,1,0,-92,-47,255
0657456,Pittsburg city,23781,17585,99861,110443,1.1057,23.2,2.8,1,0,-1698,-1703,544
0644000,Los Angeles city,1439097,1076598,81939,91042,1.1057,21.8,3.4,1,0,-34676,-37700,36584
02050,Bethel Census Area,4828,3750,73996,81049,1.1056,19.8,2.5,1,0,104,131,135
48493,Wilson County,18185,12799,94565,105231,1.1056,28.3,1.3,1,0,371,286,328
13039,Camden County,21693,15058,74378,82136,1.1056,24.7,5.9,1,0,235,234,219
4831928,Haltom City city,17686,13197,59057,65553,1.1056,20.5,4.9,1,0,-311,-552,235
1733695,Hazel Crest village,4828,3038,68393,76775,1.1056,37.0,0.1,0,0,82,146,69
20209,Wyandotte County,61562,43805,63631,71273,1.1056,24.2,4.7,1,0,647,1421,1154
1770122,Skokie village,24382,16215,95337,106464,1.1056,32.7,0.8,1,0,219,267,68
1755912,Olney city,3599,2260,59980,66307,1.1055,33.0,4.2,0,0,214,237,129
2914572,Clayton city,6222,4236,123000,134701,1.1055,26.0,6.0,0,0,81,131,83
1841535,Lake Station city,4694,3403,59591,66125,1.1054,22.9,4.6,0,0,79,125,82
4865000,San Antonio city,554581,397880,65056,72138,1.1053,22.4,5.8,1,0,-11306,-1366,15936
30027,Fergus County,5303,3216,63706,70614,1.1053,35.0,4.4,1,0,189,194,235
1747774,Maywood village,7413,5426,68815,76790,1.1053,24.8,2.0,1,0,-249,-151,1
20095,Kingman County,3166,2079,59842,65891,1.1053,28.0,6.3,0,0,196,238,140
2462850,Poolesville town,2034,1509,205919,226352,1.1052,25.8,0.0,0,0,8,9,1
0603162,Atwater city,9872,7203,64472,70677,1.1052,24.2,2.8,1,0,35,139,84
37021,Buncombe County,101855,65769,74436,82310,1.1052,33.4,2.0,1,0,-61,413,1494
31129,Nuckolls County,1919,1122,73976,80903,1.1052,38.6,3.0,1,0,48,38,15
22051,Jefferson Parish,177003,119036,65252,72401,1.1052,30.0,2.8,1,0,-1239,854,2662
1262885,St. Pete Beach city,5000,2441,114583,122204,1.1052,50.6,0.6,0,0,29,27,29
1858662,Pendleton town,2060,1432,86806,91491,1.1051,28.3,2.2,1,0,67,72,64
4532245,Hardeeville city,5238,2499,78365,87822,1.1051,47.7,4.6,0,0,40,48,56
5506350,Bellevue village,7042,4673,84672,95480,1.105,28.5,5.2,1,0,703,632,447
28069,Kemper County,3223,2006,46431,51387,1.105,35.7,2.0,0,0,38,63,152
0604982,Bellflower city,23802,18278,78722,87213,1.105,21.4,1.8,1,0,-1450,-1342,1009
5553000,Milwaukee city,232520,171640,54234,60085,1.1049,19.6,6.5,1,0,-5299,1549,7565
2179698,Villa Hills city,2739,1744,107859,120541,1.1049,34.9,1.4,0,0,44,37,42
1814932,Connersville city,5409,3436,48854,53500,1.1049,32.5,3.9,0,0,45,152,172
46111,Sanborn County,946,606,78750,86290,1.1048,31.3,4.7,0,0,32,32,25
31135,Perkins County,1192,754,72778,78866,1.1047,34.2,2.5,0,0,38,25,-2
28143,Tunica County,3800,2756,39364,43348,1.1047,25.4,2.1,0,0,-580,-677,249
01053,Escambia County,12808,8048,48225,53270,1.1047,34.7,2.5,1,0,368,422,477
3712860,Clayton town,11242,9121,78822,89743,1.1047,17.1,1.7,1,0,-372,-69,164
51183,Sussex County,3785,2496,63530,72266,1.1045,33.2,0.9,0,0,57,92,36
4550875,North Charleston city,49185,36732,62956,70796,1.1045,19.4,5.9,1,0,-2275,-1660,698
1956505,Newton city,6772,4137,57771,64882,1.1045,32.7,6.2,1,0,143,196,259
29127,Marion County,11323,7276,62903,69951,1.1045,30.8,5.0,1,0,558,588,642
1210250,Cape Canaveral city,6061,3564,67276,72629,1.1044,40.0,1.2,0,0,219,269,178
3755000,Raleigh city,203443,152453,85395,95026,1.1044,18.7,6.4,1,0,-936,3412,4310
05123,St. Francis County,7783,5133,42574,47944,1.1043,30.7,3.3,1,0,-157,58,457
40041,Delaware County,17161,9651,56676,62101,1.1043,41.2,2.6,1,0,251,494,571
12097,Osceola County,142794,108266,72637,79832,1.1043,21.2,3.0,1,0,-5699,-5884,-1995
0646898,Merced city,27950,21338,63122,71798,1.1042,19.6,4.0,1,0,-1350,-748,349
17165,Saline County,10024,6449,53117,59089,1.1042,32.8,2.9,1,0,241,186,160
4227552,Franklin Park borough,5399,4030,176875,199717,1.1042,25.2,0.2,1,0,47,48,37
0563800,Sherwood city,14077,9856,81328,90900,1.1042,26.3,3.7,1,0,328,327,323
2874840,Tupelo city,15553,11112,66257,74014,1.1041,24.7,3.8,1,0,114,266,276
3966390,Reynoldsburg city,17280,12547,72972,78536,1.104,24.8,2.6,1,0,131,371,409
08049,Grand County,7475,5236,88612,99155,1.104,27.4,2.5,1,0,166,185,4
3904720,Beavercreek city,19453,13014,110088,122265,1.104,28.3,4.8,1,0,518,330,644
3955216,New Philadelphia city,8235,5569,58547,64821,1.1039,29.4,3.0,0,0,212,391,556
4817060,Corsicana city,8587,5771,57212,63332,1.1039,28.0,4.8,1,0,-61,140,381
4206504,Birdsboro borough,2132,1573,86290,95289,1.1039,22.4,3.8,1,0,-64,-46,-32
5338038,Lakewood city,26500,18021,74720,82501,1.1039,26.1,5.9,1,0,252,232,-43
4238288,Johnstown city,8953,6009,37888,42601,1.1039,30.0,2.9,1,0,283,246,231
06021,Glenn County,9810,6597,67139,73857,1.1038,30.5,2.2,1,0,26,145,213
4924850,Farr West city,2483,1869,127574,138688,1.1038,24.0,0.8,1,0,6,6,11
3701720,Archdale city,4809,3036,64757,70892,1.1038,34.9,2.0,1,0,135,149,76
51059,Fairfax County,414101,306648,153637,169834,1.1038,23.8,2.1,1,0,9286,14254,-120
21087,Green County,4421,2907,46798,51601,1.1038,31.9,2.3,0,0,50,105,109
02195,Petersburg Borough,1371,808,75125,82830,1.1037,36.8,4.3,0,0,93,122,57
4872176,Temple city,34514,24339,68204,75432,1.1037,23.9,5.6,1,0,375,825,718
4131250,Gresham city,41801,30114,77795,85397,1.1037,24.0,4.0,1,0,-2137,-1020,305
2947648,Mexico city,4554,2958,50873,56448,1.1037,30.6,4.5,0,0,123,172,210
48417,Shackelford County,1293,870,73047,81162,1.1037,32.0,0.7,0,0,56,69,58
13127,Glynn County,35543,21579,69799,77531,1.1037,36.2,3.1,1,0,357,975,1350
1315172,Chamblee city,12423,10215,84452,92204,1.1037,12.8,5.0,1,0,-1119,-654,-93
4253696,New Holland borough,2330,1521,63182,69938,1.1037,28.2,6.5,0,0,106,75,-13
13299,Ware County,12957,8515,47448,52917,1.1037,31.9,2.4,1,0,267,309,578
21051,Clay County,7288,5157,40900,44760,1.1036,26.8,2.5,1,0,-16,36,211
1761067,Pontoon Beach village,2377,1786,62861,71368,1.1036,21.2,3.7,0,0,-16,74,56
4911440,Cedar Hills city,2591,2103,139008,154970,1.1036,18.8,0.0,1,0,-5,4,-28
13115,Floyd County,36856,24946,65565,72547,1.1036,27.9,4.5,1,0,910,1252,1366
3918000,Columbus city,390528,294310,66082,73616,1.1036,17.5,7.2,1,0,-5107,6913,12139
5164000,Portsmouth city,40288,27974,60491,66824,1.1036,25.6,4.9,1,0,-2063,-1568,549
51740,Portsmouth city,40288,27974,60491,66824,1.1036,25.6,4.9,1,0,-2063,-1568,549
1321184,Dacula city,2206,1770,100821,112357,1.1035,18.7,1.0,0,0,25,-1,-13
0654008,Orange Cove city,2403,1838,46629,53254,1.1035,20.2,3.3,1,0,-205,-211,52
46047,Fall River County,3632,2142,67917,77599,1.1035,39.5,1.6,0,0,84,169,157
0606434,Big Bear Lake city,2308,1556,76250,86213,1.1034,31.1,1.5,0,0,10,-23,-32
2683060,Walled Lake city,3313,2469,72055,78774,1.1034,25.1,0.4,0,0,-92,-89,9
4566580,Simpsonville city,10143,7598,82457,97241,1.1033,21.9,3.2,0,0,296,375,316
3641135,Lancaster village,4850,3314,66148,75382,1.1033,31.0,0.7,0,0,127,197,55
2731040,International Falls city,2926,1630,57662,64062,1.1033,36.3,8.0,0,0,83,134,92
49011,Davis County,115919,87750,110884,122519,1.1033,20.7,3.6,1,0,610,455,463
4248360,Meadville city,4742,3112,43308,48129,1.1032,30.7,3.7,0,0,-231,-189,242
4876672,Watauga city,7951,5965,91171,100187,1.1032,22.5,2.5,1,0,-197,-207,-104
01107,Pickens County,6764,4299,46274,51632,1.1032,34.8,1.6,0,0,108,122,107
2067625,Spring Hill city,3277,2589,112428,127476,1.1032,15.2,5.8,0,0,12,43,13
3544490,Lovington city,3415,2721,68821,75525,1.1032,17.9,2.5,0,0,76,77,57
1806220,Bluffton city,4550,3049,57539,63610,1.1031,29.3,3.6,0,0,263,299,188
0541000,Little Rock city,87858,60857,63003,69765,1.1031,24.7,6.0,1,0,-83,1274,2592
47149,Rutherford County,129431,97118,85470,94808,1.1031,18.9,6.1,1,0,-236,294,895
2139142,Independence city,9813,7988,102361,114092,1.1031,17.4,1.2,1,0,144,86,107
0128552,Fultondale city,3938,2772,73575,80388,1.103,22.9,6.7,0,0,24,63,69
4878544,White Settlement city,6509,4648,56784,63211,1.103,23.8,4.8,1,0,-278,-126,134
1859328,Peru city,4440,2904,46159,50786,1.103,31.2,3.4,0,0,-37,-79,119
4815436,Cleveland city,2789,2122,54519,60179,1.103,20.8,3.1,0,0,40,28,33
49039,Sanpete County,8888,5684,70083,77031,1.103,28.8,7.3,1,0,366,356,126
4971180,South Weber city,2390,1926,138600,153401,1.103,16.9,2.5,1,0,13,19,8
2036000,Kansas City city,57016,40607,62401,69657,1.1029,24.3,4.5,1,0,496,1066,1075
2534550,Lawrence city,31142,24225,60433,66698,1.1029,17.2,5.0,1,0,-165,-1236,1339
56013,Fremont County,15037,9896,64904,73157,1.1029,31.3,2.9,1,0,485,708,545
47103,Lincoln County,14849,9808,64667,72393,1.1029,30.8,3.2,1,0,495,562,411
1304140,Auburn city,3028,2393,77034,86346,1.1028,17.0,4.0,1,0,112,54,9
0657540,Placerville city,4775,2979,67274,76543,1.1028,36.6,1.0,0,0,-130,19,-89
4867496,Sherman city,18304,12575,58859,65725,1.1028,24.8,6.5,1,0,-419,-421,56
3405170,Bergenfield borough,9322,6745,130045,141021,1.1027,26.6,1.1,1,0,152,212,182
20167,Russell County,3100,1738,62392,69360,1.1027,37.9,6.0,0,0,121,139,133
1757654,Park City city,2745,1945,60171,66594,1.1026,21.5,7.7,0,0,76,94,37
4770580,Spring Hill city,19820,15712,112013,123714,1.1025,18.9,1.8,1,0,141,191,145
0455000,Phoenix city,610442,458013,81332,89961,1.1025,20.3,4.6,1,0,-7100,-3498,3058
2635520,Grosse Pointe Farms city,4084,2621,161208,177385,1.1025,35.7,0.1,1,0,-1,-5,31
3418400,Dumont borough,6534,4841,126071,139028,1.1025,25.1,0.9,1,0,54,79,72
48157,Fort Bend County,292713,226787,114041,126241,1.1024,20.2,2.3,1,0,-1466,-393,-1555
0980000,Waterbury city,45663,32516,51886,57738,1.1024,25.5,3.3,1,0,-2551,-2274,
4842568,Liberty city,2876,2133,53833,61143,1.1023,24.4,1.5,0,0,-245,-217,25
5135000,Hampton city,58057,39834,69621,77183,1.1023,26.1,5.3,1,0,-2519,-1166,1342
51650,Hampton city,58057,39834,69621,77183,1.1023,26.1,5.3,1,0,-2519,-1166,1342
3725980,Gibsonville town,3734,2669,95861,101762,1.1023,26.3,2.2,0,0,-84,-85,-78
0639290,La Habra city,20538,15040,100106,110311,1.1023,25.0,1.7,1,0,-1232,-956,999
51091,Highland County,1003,551,65625,73773,1.1022,44.8,0.3,0,0,4,9,14
50013,Grand Isle County,3140,2074,97396,107881,1.1021,33.0,0.9,1,0,9,10,12
2224565,Eunice city,4129,2766,35436,39424,1.1021,28.8,4.2,0,0,-104,-162,192
51149,Prince George County,12919,9126,84897,96231,1.1021,26.0,3.3,1,0,-65,59,141
1700243,Addison village,12832,9065,90431,99560,1.1021,27.0,2.3,1,0,768,705,308
13139,Hall County,73551,50739,80901,89127,1.1021,27.2,3.8,1,0,559,813,1374
06069,San Benito County,20561,15181,114394,127824,1.102,24.7,1.5,1,0,-165,-182,192
4775940,Union City city,4340,2922,50870,55620,1.1019,30.2,2.5,0,0,153,199,300
0653070,Oakley city,13685,10821,137677,148515,1.1019,20.6,0.3,1,0,97,173,408
3678674,Watervliet city,5090,3361,57919,60653,1.1018,29.1,4.9,0,0,217,361,86
4931120,Grantsville city,3926,3062,101349,112580,1.1018,18.0,4.0,1,0,26,20,16
2636280,Hamtramck city,7120,5662,39293,43611,1.1018,17.0,3.5,1,0,-118,-220,141
3761200,Shelby city,9533,5810,48376,52984,1.1018,33.7,5.4,0,0,-213,-215,161
4848684,Mineral Wells city,5757,3857,55929,61237,1.1017,28.4,4.6,0,0,-4,93,295
16053,Jerome County,8277,5910,71724,78942,1.1017,23.9,4.7,1,0,231,208,138
0682954,Visalia city,47089,34679,81989,92514,1.1017,24.1,2.3,1,0,504,341,432
4840204,La Feria city,2631,1460,45081,49639,1.1017,43.0,1.5,0,0,-27,-89,-4
48363,Palo Pinto County,11234,7284,67674,74234,1.1017,31.7,3.5,1,0,109,244,386
37051,Cumberland County,129758,92248,61291,67815,1.1017,22.2,6.7,1,0,-1773,-1146,3519
13317,Wilkes County,4133,2312,52043,59098,1.1017,40.9,3.2,0,0,82,104,222
0174688,Tallassee city,2024,1394,66752,76550,1.1016,30.4,0.7,0,0,149,196,201
28011,Bolivar County,11915,7881,39585,43689,1.1016,29.6,4.2,1,0,-70,-47,476
13103,Effingham County,24287,18436,88438,98721,1.1016,21.3,2.8,1,0,576,475,382
4859696,Prosper town,11239,9547,195281,214513,1.1016,14.7,0.4,0,0,170,192,-106
4833848,Highland Village city,5548,4086,159828,175853,1.1016,26.4,0.0,1,0,-13,-21,-11
21169,Metcalfe County,4100,2771,51473,56194,1.1015,29.2,3.2,0,0,70,111,147
1704845,Belleville city,17646,12752,63535,70640,1.1015,24.0,3.7,1,0,363,571,307
0949880,Naugatuck borough,12736,9587,96324,107212,1.1015,23.1,1.6,1,0,289,293,
40153,Woodward County,7925,5271,61417,67815,1.1014,28.0,5.5,1,0,411,381,348
1373704,Stockbridge city,14320,10987,70136,76053,1.1014,20.5,2.8,1,0,-341,-108,-7
08087,Morgan County,11069,7748,73278,79986,1.1014,26.6,3.4,1,0,192,257,370
3463000,Ridgewood village,8903,6649,208211,226215,1.1013,24.6,0.7,0,0,161,214,60
0157048,Opelika city,13467,9271,65004,69835,1.1013,29.2,1.9,1,0,-22,103,205
27043,Faribault County,6079,3740,66815,74046,1.1013,34.5,4.0,1,0,215,197,111
5157000,Norfolk city,94965,67849,66109,72750,1.1012,22.1,6.4,1,0,-2515,-1352,819
51710,Norfolk city,94965,67849,66109,72750,1.1012,22.1,6.4,1,0,-2515,-1352,819
4850472,Navasota city,2735,1813,51276,58229,1.1012,30.7,3.0,0,0,0,104,-15
13177,Lee County,12287,9157,89168,98536,1.1011,21.6,3.9,0,0,395,396,316
28139,Tippah County,8017,5564,52542,59133,1.1011,28.1,2.5,0,0,279,221,253
3727280,Graham city,8095,5703,56239,62059,1.1011,25.6,3.9,1,0,94,211,299
0600296,Adelanto city,9253,7490,68685,74839,1.1011,16.6,2.5,1,0,-174,-200,41
2825340,Forest city,1682,1192,49724,54535,1.101,26.0,3.2,0,0,-10,24,136
2722814,Fridley city,11928,8262,77680,84778,1.101,24.5,6.2,1,0,269,366,93
4834220,Hitchcock city,2712,1946,74157,80833,1.101,23.0,5.2,1,0,-16,20,48
0854330,Northglenn city,14570,11329,84030,94423,1.1009,19.7,2.6,1,0,-640,-479,60
01109,Pike County,12484,7941,48677,53769,1.1009,26.4,10.0,1,0,-98,-119,239
5540550,Kronenwetter village,3308,2621,115044,128647,1.1009,18.7,2.1,1,0,45,19,76
51081,Greensville County,3199,2059,54668,61807,1.1006,32.1,3.6,0,0,0,-6,152
21013,Bell County,9939,6395,31354,35032,1.1006,31.1,4.6,0,0,-136,-266,331
0510720,Camden city,4086,2785,49361,53951,1.1005,30.5,1.3,0,0,52,92,219
2707966,Brooklyn Park city,29148,22590,89891,102060,1.1004,19.7,2.8,1,0,379,383,268
10005,Sussex County,106441,58030,81497,90161,1.1004,44.3,1.2,1,0,482,655,1024
1330340,Flowery Branch city,4244,3194,103942,115730,1.1004,19.0,5.7,0,0,-38,6,-44
3723760,Fletcher town,3372,2309,75272,82775,1.1004,31.5,0.0,1,0,69,33,3
3743480,Mint Hill town,10262,7193,100860,111156,1.1003,28.6,1.3,1,0,240,159,116
01005,Barbour County,9128,5508,46042,50468,1.1003,35.6,4.1,1,0,95,132,289
4260120,Phoenixville borough,8843,6803,102138,113689,1.1003,19.5,3.6,1,0,40,114,203
16037,Custer County,1943,896,67574,71450,1.1003,51.5,2.4,1,0,20,31,33
1730926,Granite City city,11562,7774,59205,64720,1.1002,30.7,2.0,1,0,154,240,163
1770590,South Beloit city,3339,2519,78616,89318,1.1002,21.1,3.5,0,0,195,197,196
48279,Lamb County,4677,3142,60760,67167,1.1002,28.3,4.6,1,0,132,193,296
48439,Tarrant County,782419,591242,84207,93557,1.1002,20.3,4.1,1,0,-6715,-1125,4988
1251200,Okeechobee city,2053,1423,57044,62385,1.1001,30.2,0.5,0,0,120,276,146
2128558,Fort Mitchell city,3594,2852,86310,97452,1.1001,15.9,4.7,0,0,333,241,156
0826600,Firestone town,6323,5225,120150,134383,1.1001,15.3,2.1,1,0,35,60,35
0616742,Covina city,16292,11820,98671,109454,1.1,25.5,1.9,1,0,-444,-326,640
13119,Franklin County,8994,6056,53046,57748,1.1,30.3,2.4,1,0,221,258,393
4857980,Plainview city,7161,4720,44768,49191,1.0999,26.7,7.4,1,0,259,81,334
1733435,Harwood Heights village,3637,2529,81086,92130,1.0999,29.1,1.4,0,0,134,66,101
3970380,Sandusky city,10973,7560,50139,55250,1.0999,24.6,6.5,1,0,-97,264,364
22067,Morehouse Parish,9769,6276,39454,43601,1.0998,33.1,2.7,1,0,92,128,174
4055000,Oklahoma City city,280065,202582,68656,75801,1.0996,21.8,5.8,1,0,5438,10111,9068
05035,Crittenden County,18203,12564,55358,61653,1.0996,26.7,4.3,1,0,294,967,651
0633000,Hayward city,49631,37632,113318,126067,1.0996,22.4,1.7,1,0,-2472,-1985,1810
0566080,Springdale city,29624,22264,69787,76846,1.0995,18.6,6.3,1,0,1481,1860,1080
4500550,Aiken city,13275,7264,76746,84731,1.0995,40.0,5.3,1,0,62,291,343
1245060,Miami Gardens city,35118,24350,63627,71223,1.0994,29.0,1.7,1,0,-1347,-1451,-388
51079,Greene County,8032,5459,89808,99921,1.0994,30.4,1.7,0,0,250,242,71
2303355,Bath city,4335,2559,69390,79478,1.0993,34.1,6.9,1,0,57,72,45
1761314,Posen village,1512,1221,73051,77278,1.0993,19.2,0.0,0,0,-34,-26,33
4814920,Cibolo city,10986,8834,122365,134185,1.0993,18.3,1.3,1,0,-16,81,-270
06071,San Bernardino County,674915,505223,85478,94919,1.0993,22.6,2.5,1,0,-12195,-13779,-10822
1764343,River Grove village,4196,2921,69858,78657,1.0993,26.8,3.6,1,0,296,384,31
1217200,Deltona city,33684,23753,76924,84621,1.0993,27.9,1.6,1,0,-406,-412,-157
3604253,Ballston Spa village,2120,1711,101667,114046,1.0993,15.4,3.9,0,0,83,52,30
0623616,Farmersville city,2581,2072,60804,66927,1.0993,19.7,0.0,0,0,-61,-46,47
1844658,Logansport city,6768,4638,47291,52692,1.0993,28.3,3.2,1,0,135,185,283
1732525,Hampshire village,2604,2183,94773,107063,1.0992,16.2,0.0,1,0,58,-112,-210
4849068,Mont Belvieu city,3061,2465,132781,147605,1.0992,14.4,5.1,1,0,83,92,58
4875236,Venus town,1689,1493,106023,116140,1.0991,6.5,5.2,0,0,-19,-11,-16
72054,Florida Municipio,4749,2989,22332,24498,1.0991,35.8,1.2,0,0,16,-37,151
0514140,Clarksville city,3895,2542,37373,42027,1.0991,25.9,8.8,1,0,-136,121,156
3458350,Phillipsburg town,6556,4784,68324,73558,1.099,24.3,2.7,0,0,-282,-244,163
3465130,Rumson borough,2451,1721,250001,266382,1.099,29.8,0.0,0,0,17,21,11
3904878,Bedford city,6136,3856,57308,62341,1.099,30.0,7.1,1,0,0,176,97
1253575,Oviedo city,13550,10778,117070,130634,1.099,17.2,3.2,1,0,-62,73,-78
2412400,Cambridge city,5629,3672,47323,51915,1.099,32.3,2.5,1,0,-270,-172,41
06023,Humboldt County,54922,34208,61160,67744,1.099,31.3,6.4,1,0,-391,-353,-383
0634120,Hollister city,12593,9697,111834,123360,1.0989,21.3,1.7,1,0,-201,-294,-2
0615044,Compton city,24011,18395,78465,86310,1.0989,21.0,2.4,1,0,-521,-476,480
0603204,Auburn city,6055,3593,82674,91579,1.0989,38.5,2.1,0,0,-51,-75,23
4547275,Moncks Corner town,5194,4193,91500,100317,1.0988,17.3,1.9,0,0,-26,-104,-69
40049,Garvin County,10110,6805,58556,64385,1.0988,28.3,4.3,1,0,423,523,440
3977000,Toledo city,118662,82743,49724,54605,1.0988,24.9,5.4,1,0,-330,1114,3899
0159472,Phenix City city,15783,11648,50053,55033,1.0988,22.0,4.2,1,0,-365,-149,381
2720618,Farmington city,8313,6946,123673,136020,1.0987,15.0,1.4,1,0,9,17,14
1751349,Mundelein village,11632,8225,108340,120853,1.0987,25.9,3.4,1,0,379,246,240
3407600,Bridgeton city,7481,5898,55781,60915,1.0987,17.2,4.0,1,0,85,-4,-105
0625296,Fortuna city,4925,3205,62289,71906,1.0986,27.6,7.4,0,0,144,131,0
3474540,Union Beach borough,2203,1755,119250,130643,1.0986,17.6,2.7,0,0,-22,-18,-1
1243000,Marathon city,4018,2545,89355,98995,1.0986,34.1,2.6,1,0,-10,43,11
5186720,Winchester city,11492,8066,63974,71020,1.0985,26.3,3.5,1,0,27,-43,421
51840,Winchester city,11492,8066,63974,71020,1.0985,26.3,3.5,1,0,27,-43,421
38075,Renville County,969,662,74301,81301,1.0985,27.2,4.4,0,0,32,23,6
49051,Wasatch County,12880,9269,117608,128673,1.0985,23.0,5.1,1,0,-1,-36,-21
4257720,Palmyra borough,2936,1986,77469,85934,1.0985,29.4,3.0,1,0,224,246,206
2220435,Denham Springs city,4017,2587,71569,80951,1.0984,33.7,1.9,0,0,177,139,54
3706140,Black Mountain town,3601,1598,77042,83427,1.0984,54.8,0.8,0,0,-207,-141,15
3966152,Reminderville city,2384,1599,106905,118854,1.0984,32.9,0.0,0,0,38,22,32
0824950,Erie town,11748,9588,173349,193930,1.0983,17.1,1.3,1,0,226,264,-119
1778929,Warrenville city,5730,4222,100321,110130,1.0983,22.8,3.5,1,0,22,-4,-21
29213,Taney County,22788,13795,56497,63421,1.0983,34.8,4.7,1,0,593,960,997
2960788,Raytown city,12492,8808,68840,76634,1.0983,26.3,3.2,1,0,115,359,298
55051,Iron County,3109,1756,60625,66533,1.0983,41.8,1.7,1,0,63,57,7
5581775,Union Grove village,2129,1527,107482,114638,1.0982,23.1,5.2,0,0,140,128,
12039,Gadsden County,16872,10713,48801,53408,1.0982,33.7,2.9,1,0,-170,-145,231
4753460,Nolensville town,4500,3796,177148,193215,1.0982,15.6,0.0,1,0,72,78,1
02130,Ketchikan Gateway Borough,5732,4013,92885,103189,1.0982,28.2,1.8,1,0,107,140,67
02090,Fairbanks North Star Borough,36359,25948,88267,98518,1.0982,20.6,8.0,1,0,762,418,72
1254075,Palm Beach Gardens city,27294,14833,106947,118410,1.0982,44.5,1.2,1,0,-1095,-1039,-750
18097,Marion County,400432,292081,66346,73165,1.0982,21.3,5.8,1,0,5729,12678,8672
06049,Modoc County,3267,1695,59455,65525,1.0981,46.7,1.4,0,0,78,95,75
48163,Frio County,5437,3587,66010,70824,1.098,27.7,6.3,0,0,365,332,199
0655184,Palm Desert city,24690,12091,77513,85262,1.098,49.9,1.2,1,0,-995,-1043,-247
28125,Sharkey County,1422,874,40000,43919,1.098,34.0,4.5,0,0,68,77,49
08083,Montezuma County,11269,6641,65244,71386,1.098,38.3,2.8,1,0,131,179,136
5625620,Evanston city,4526,3024,76516,85383,1.098,27.0,6.2,1,0,192,224,173
13033,Burke County,9184,6155,53014,58805,1.0979,29.9,3.1,1,0,315,270,187
2657760,Niles city,5016,3213,51376,57755,1.0977,28.9,7.0,1,0,130,218,156
4770500,Springfield city,6893,5015,59465,65227,1.0977,21.6,5.7,1,0,130,197,112
0633056,Healdsburg city,4651,2973,103554,117266,1.0976,32.2,3.8,0,0,-80,-121,69
37079,Greene County,6912,4558,53244,57752,1.0976,32.7,1.4,1,0,151,215,255
5156000,Newport News city,76112,53887,69634,76112,1.0976,23.0,6.2,1,0,-1054,843,2186
51700,Newport News city,76112,53887,69634,76112,1.0976,23.0,6.2,1,0,-1054,843,2186
2702908,Austin city,10110,6754,68057,72954,1.0976,29.2,4.0,1,0,345,435,203
1718563,Danville city,11901,7296,45957,50616,1.0975,32.0,6.7,1,0,-84,-174,428
1832242,Hartford City city,2717,1623,41752,46614,1.0975,36.3,4.0,0,0,8,33,46
1845990,Madison city,4924,3067,61183,67904,1.0974,32.7,5.0,0,0,368,387,316
4867832,Silsbee city,2610,1609,59907,65763,1.0974,32.8,5.6,0,0,108,159,57
1380956,Waycross city,5394,3583,38301,42237,1.0974,31.1,2.5,0,0,-185,-161,325
5552200,Milton city,2485,1740,85959,89596,1.0973,25.9,4.1,1,0,199,191,170
3656660,Patchogue village,5325,4009,107306,117394,1.0973,23.1,1.7,0,0,-221,-266,154
1639700,Idaho Falls city,24728,17120,73110,79807,1.0973,24.4,6.4,1,0,940,1177,1011
1731589,Greenville city,2284,1428,62089,69329,1.0973,31.6,5.9,0,0,129,93,21
5346020,Milton city,3278,2354,96540,105011,1.0973,26.1,2.0,1,0,-127,-156,-92
0603526,Bakersfield city,129625,99406,80540,88612,1.0973,20.0,3.3,1,0,-1641,-1235,-339
21213,Simpson County,8025,5660,59858,65618,1.0973,24.5,5.0,1,0,182,303,306
4164600,St. Helens city,5403,3959,82865,90168,1.0972,23.6,3.1,1,0,104,67,15
1249225,North Bay Village city,3569,2959,84405,91680,1.0972,15.8,1.3,0,0,-415,-378,26
20175,Seward County,7257,5423,63827,70082,1.0971,18.5,6.8,0,0,111,207,434
1276582,Weston city,21773,17766,139825,151505,1.0971,18.0,0.4,1,0,-658,-332,-1012
35035,Otero County,24480,16138,55876,61620,1.0971,28.8,5.3,1,0,384,556,594
0669196,Santa Maria city,29505,21513,84746,91085,1.0971,22.2,4.8,1,0,-1731,-1723,1054
37011,Avery County,6791,4103,61428,69609,1.097,38.4,1.2,0,0,143,102,30
13091,Dodge County,6881,4545,51587,56292,1.097,30.4,3.6,1,0,243,277,248
0157000,Oneonta city,2730,1818,53980,61349,1.0969,28.9,4.5,0,0,154,215,22
2430325,Frederick city,33584,24812,97069,106334,1.0969,22.6,3.5,1,0,67,210,432
5587725,Windsor village,3480,2674,120048,133403,1.0969,18.9,4.2,0,0,60,74,74
3431620,Hightstown borough,2078,1335,108987,121643,1.0969,29.7,6.0,0,0,102,72,67
2057625,Pratt city,2463,1363,63819,68388,1.0969,36.6,8.1,0,0,127,126,116
0111416,Calera city,6686,5387,87194,98743,1.0968,14.7,4.7,0,0,19,97,95
13247,Rockdale County,34437,24918,77247,85577,1.0968,26.0,1.6,1,0,-382,-253,130
54101,Webster County,2899,1676,43839,47750,1.0968,39.1,3.1,0,0,-2,20,35
4872530,The Colony city,18591,15017,114511,128727,1.0968,16.2,3.0,1,0,251,338,251
3656979,Peekskill city,10777,7522,85954,94684,1.0967,27.0,3.2,1,0,-527,-539,77
24035,Queen Anne's County,19907,13216,112826,123904,1.0967,33.1,0.5,1,0,-41,45,106
47157,Shelby County,362741,256206,63767,70466,1.0967,25.0,4.4,1,0,-5379,-1375,5744
0672996,South El Monte city,5087,3571,72990,78255,1.0966,28.6,1.2,0,0,-280,-283,154
5163768,Poquoson city,4728,3279,120972,131194,1.0966,30.1,0.5,1,0,2,11,5
51735,Poquoson city,4728,3279,120972,131194,1.0966,30.1,0.5,1,0,2,11,5
41011,Coos County,28731,16064,62143,68024,1.0966,41.0,3.1,1,0,478,472,629
1826386,Garrett city,2827,1874,64179,69074,1.0966,25.0,8.7,1,0,31,45,41
4219576,Dormont borough,4113,3062,80526,90106,1.0966,22.1,3.4,1,0,244,229,140
37083,Halifax County,20383,12899,45590,49824,1.0965,34.6,2.1,1,0,-183,28,598
3739700,Lumberton city,6901,4835,42877,46515,1.0965,26.3,3.7,1,0,-337,-271,343
51107,Loudoun County,143032,116392,181765,199979,1.0965,17.3,1.4,1,0,4034,4244,-337
13269,Taylor County,3179,1946,41788,45632,1.0964,34.4,4.4,0,0,101,186,143
17129,Menard County,5228,3491,82176,93053,1.0964,30.0,3.2,1,0,100,81,50
3419390,East Orange city,28328,20690,60830,66862,1.0964,24.1,2.8,1,0,-270,-828,324
1770850,South Holland village,7411,5063,85280,93084,1.0964,31.7,0.0,0,0,-274,-285,-141
72055,Guánica Municipio,5782,3200,17633,19110,1.0964,41.6,3.0,0,0,238,245,94
5182000,Virginia Beach city,179851,128474,92968,102127,1.0963,24.8,3.8,1,0,-2431,277,329
51810,Virginia Beach city,179851,128474,92968,102127,1.0963,24.8,3.8,1,0,-2431,277,329
08045,Garfield County,23404,16800,91131,100999,1.0963,23.8,4.5,1,0,128,15,-62
0563710,Sheridan city,2057,1251,62453,70346,1.0963,34.6,4.6,0,0,68,69,47
3503820,Anthony city,3136,1859,38132,41046,1.0963,37.8,3.0,0,0,-87,-111,117
3431470,Highland Park borough,6436,5230,104694,115705,1.0962,15.0,3.7,0,0,168,174,307
13223,Paulding County,60008,47631,98031,108377,1.0961,19.5,1.1,1,0,-240,-203,-118
4815364,Cleburne city,11519,8420,70656,78559,1.0961,22.5,4.4,1,0,-47,344,299
0639220,Laguna Hills city,11292,7679,128851,139835,1.0961,30.4,1.6,1,0,-722,-400,318
0681344,Upland city,27402,19851,105830,118835,1.0961,25.2,2.3,1,0,-747,-616,-468
1672100,Sandpoint city,4038,2783,72289,79603,1.096,28.3,2.8,1,0,-77,5,94
24031,Montgomery County,389210,278746,132450,145050,1.096,26.4,2.0,1,0,873,5609,1245
5315290,Covington city,7377,5777,134502,148434,1.096,19.3,2.3,1,0,-55,81,54
48113,Dallas County,982737,744768,76547,84147,1.096,19.3,4.9,1,0,-13119,-6046,8916
0650076,Murrieta city,36145,27650,114081,125454,1.096,22.7,0.8,1,0,-1652,-1302,-1411
4856000,Pasadena city,49560,36368,64927,72305,1.096,20.9,5.7,1,0,-42,353,1401
1781087,Wheeling village,15171,10978,85205,93825,1.0959,25.5,2.1,1,0,-30,135,161
1842624,Lebanon city,7371,4921,65154,72335,1.0958,26.3,6.9,0,0,290,367,130
3477270,Washington borough,3091,2441,81336,86510,1.0958,20.3,0.7,1,0,10,48,96
46105,Perkins County,1309,751,66908,74146,1.0958,39.0,3.6,1,0,44,40,22
56043,Washakie County,3394,2080,65714,74574,1.0957,34.9,3.8,1,0,221,181,59
4939920,Kanab city,2160,1486,85486,91432,1.0957,26.6,4.6,0,0,93,96,
3421000,Elizabeth city,46121,35346,66555,72340,1.0957,20.1,3.3,1,0,-2430,-1572,670
4075450,Tuttle city,2874,2118,103994,114937,1.0956,25.4,0.9,1,0,57,38,66
5107480,Big Stone Gap town,1562,918,54581,61875,1.0956,34.6,6.6,0,0,191,290,133
5501550,Altoona city,3856,2512,84552,91570,1.0956,25.9,8.9,0,0,356,346,321
29139,Montgomery County,4640,3014,65500,71880,1.0956,30.4,4.7,1,0,201,206,215
3937464,Ironton city,4562,2820,47648,51746,1.0956,34.9,3.3,0,0,25,69,246
0827810,Fort Morgan city,4184,2990,64158,69910,1.0956,27.4,1.1,1,0,219,143,163
4568290,Spartanburg city,15924,10588,51964,57283,1.0954,28.7,4.8,1,0,-961,-596,386
47125,Montgomery County,87759,67631,75613,82785,1.0954,16.3,6.6,1,0,862,1773,2502
3111370,Crete city,2400,1839,77209,84402,1.0954,19.2,4.2,0,0,132,180,166
4833146,Helotes city,2945,2113,132675,142669,1.0953,28.3,0.0,1,0,-9,2,-15
3528460,Gallup city,6919,4668,58303,61963,1.0953,29.8,2.7,1,0,283,353,357
1760352,Plano city,4162,3401,86271,96546,1.0952,16.7,1.6,0,0,-60,-65,96
1362524,Powder Springs city,6493,4949,105070,115004,1.0952,21.5,2.3,1,0,-2,11,17
37019,Brunswick County,69124,36424,77024,84408,1.0952,45.3,2.0,1,0,192,173,320
1224000,Fort Lauderdale city,80999,55762,83130,92339,1.0951,28.9,2.2,1,0,-1307,-787,-501
22117,Washington Parish,17716,11143,45380,49684,1.0951,32.3,4.8,1,0,239,383,266
3429070,Haledon borough,3146,2277,95870,100337,1.0951,24.9,2.7,1,0,-152,-138,11
4877956,West University Place city,5157,3654,250001,271789,1.0951,28.4,0.8,0,0,81,81,23
1765442,Romeoville village,13296,10218,106325,115568,1.0951,21.3,1.9,1,0,-45,-84,-91
13019,Berrien County,7045,4908,52876,58870,1.0951,27.6,2.7,0,0,56,135,221
1759026,Peoria Heights village,2898,2045,60099,65828,1.095,24.8,4.6,0,0,222,231,42
0452930,Paradise Valley town,5149,2775,247159,244451,1.095,46.1,0.0,0,0,42,39,40
31181,Webster County,1493,920,64347,72159,1.095,31.9,6.4,1,0,63,57,22
0623126,Exeter city,3262,2336,75769,82933,1.095,27.7,0.7,1,0,114,172,205
0616350,Corona city,49247,37902,109242,120067,1.095,21.5,1.6,1,0,-1631,-1712,-1599
3678960,Webster village,2851,2031,70495,78438,1.095,24.7,4.1,0,0,192,162,75
3461980,Raritan borough,3326,2555,107672,120963,1.095,19.9,3.3,0,0,-64,-77,70
0639710,Lakeport city,2039,1214,68518,71984,1.0949,39.3,1.1,0,0,25,20,21
2260530,Pineville city,5879,3853,49774,54477,1.0949,29.1,5.4,0,0,-52,9,246
13179,Liberty County,23998,17412,60456,66486,1.0949,18.5,8.9,1,0,99,-251,120
4009050,Broken Arrow city,44384,30840,86765,95328,1.0949,27.1,3.4,1,0,951,844,835
3975014,Streetsboro city,7485,5397,90274,95978,1.0948,26.0,1.9,1,0,285,369,385
4737960,Jefferson City city,3188,2472,60638,67300,1.0948,17.7,4.8,0,0,174,197,238
4876816,Waxahachie city,15918,11798,85723,93835,1.0948,21.5,4.4,1,0,152,338,77
1840788,Lafayette city,32242,22021,53716,59135,1.0948,20.2,11.5,1,0,-652,218,1564
20119,Meade County,1502,976,71852,79323,1.0947,30.8,4.2,1,0,69,47,8
5667235,Rock Springs city,9625,7024,69168,76623,1.0946,19.7,7.3,1,0,311,358,256
28137,Tate County,11018,7774,69704,75383,1.0946,26.9,2.6,1,0,211,256,263
5136648,Herndon town,7796,6226,148000,163228,1.0946,18.3,1.8,1,0,260,369,105
1845648,McCordsville town,4136,3103,110692,124357,1.0946,22.9,2.0,1,0,14,29,14
1353004,Morrow city,1726,1254,73693,79167,1.0946,23.5,3.8,0,0,-94,-32,80
3768400,Trinity city,2707,1775,82664,86806,1.0946,34.4,0.0,0,0,113,102,86
12013,Calhoun County,4636,3029,50517,55819,1.0946,32.5,2.2,0,0,0,30,47
16059,Lemhi County,3458,1864,53202,59240,1.0945,43.3,2.8,0,0,68,53,26
4920120,Draper city,16981,13489,128910,141877,1.0945,16.7,3.8,1,0,13,285,-41
2825100,Flowood city,4684,3339,83880,97538,1.0945,23.3,5.4,1,0,149,226,196
1362328,Port Wentworth city,5049,4060,79731,86521,1.0945,15.0,4.6,0,0,-79,-155,-125
0665000,San Bernardino city,64199,49216,67415,74923,1.0945,20.1,3.3,1,0,-3329,-2086,-476
51073,Gloucester County,15274,10007,84306,91763,1.0945,33.2,1.3,1,0,318,162,114
12005,Bay County,78778,54531,73533,80366,1.0944,27.1,3.7,1,0,-781,-534,719
37007,Anson County,8548,5346,47302,53340,1.0944,35.9,1.6,1,0,86,151,385
4121550,Eagle Point city,3858,2356,84126,92742,1.0944,38.9,0.0,0,0,214,174,160
4861196,Red Oak city,5347,4230,104561,116613,1.0943,16.9,4.0,0,0,-64,-279,-299
1329528,Fitzgerald city,3858,2710,37323,41347,1.0943,24.4,5.4,0,0,227,270,133
21021,Boyle County,12045,7742,61159,66986,1.0943,31.2,4.5,1,0,317,313,313
51125,Nelson County,6364,3646,72589,81365,1.0943,41.9,0.8,0,0,97,125,63
0675000,Stockton city,99093,73173,79907,87371,1.0943,23.4,2.7,1,0,-1321,-732,153
4842508,Lewisville city,51915,41903,89233,97507,1.0943,14.3,5.0,1,0,-344,701,504
4241432,Lansdale borough,7330,5606,88229,95494,1.0942,21.3,2.2,1,0,-58,-73,114
0652526,Norwalk city,27216,20271,100085,109505,1.0941,24.5,1.1,1,0,-1042,-988,678
3973264,South Euclid city,8604,6100,81297,88846,1.0941,27.8,1.3,1,0,128,219,254
2638460,Hillsdale city,2654,1769,51038,56162,1.094,25.7,7.6,1,0,54,103,127
5303180,Auburn city,30393,23091,97884,106072,1.094,21.5,2.6,1,0,22,94,595
2466635,Riverdale Park town,2349,1880,120043,131178,1.094,15.0,5.0,0,0,16,35,39
5415628,Clarksburg city,6753,4419,47386,51231,1.0939,29.0,5.6,1,0,-5,100,163
4964340,Riverton city,13727,10830,126910,139376,1.0939,20.2,0.9,1,0,-59,75,-66
3611000,Buffalo city,119630,85318,50041,54739,1.0938,23.3,5.4,1,0,-4355,-2897,3941
0463470,San Luis city,9562,7513,59400,65280,1.0938,20.5,0.9,0,0,542,687,615
28131,Stone County,6705,4590,61413,67976,1.0938,29.4,2.1,0,0,119,146,205
3726880,Goldsboro city,15145,9523,48540,52852,1.0938,30.1,7.0,1,0,13,7,975
48021,Bastrop County,36868,25806,86226,94317,1.0938,26.9,3.1,1,0,470,657,641
28083,Leflore County,10203,6935,35277,38665,1.0938,28.8,3.3,1,0,1,-147,522
0641712,Lindsay city,3630,2859,53201,58333,1.0938,19.6,1.7,0,0,-107,74,91
3451000,Newark city,113384,87539,52060,57620,1.0937,19.6,3.2,1,0,-2312,-3671,1501
0545170,Mena city,2290,1409,47428,53783,1.0937,33.8,4.7,0,0,72,109,165
31071,Garfield County,701,400,62804,70000,1.0937,39.5,3.4,0,0,14,20,20
3479040,Westfield town,10900,7988,232629,241161,1.0936,25.9,0.8,0,0,375,407,82
40007,Beaver County,1673,978,64276,68115,1.0936,35.3,6.2,0,0,62,61,57
4023500,Elk City city,4976,3346,51272,57302,1.0936,26.8,5.9,0,0,40,112,162
06047,Merced County,86055,64098,65510,72218,1.0935,22.5,3.0,1,0,-1108,7,1242
1851732,Mount Vernon city,3055,1965,62263,72188,1.0935,31.4,4.3,0,0,141,140,100
04017,Navajo County,40063,24582,54606,59429,1.0935,35.0,3.6,1,0,882,1245,1552
0573310,Warren city,1867,1277,36788,41371,1.0934,29.6,2.0,0,0,-20,9,66
3911066,Campbell city,3297,2296,42909,47661,1.0934,27.7,2.7,0,0,-95,-62,24
5186160,Williamsburg city,5020,2587,75604,83007,1.0934,35.5,13.0,0,0,-16,-144,-99
51830,Williamsburg city,5020,2587,75604,83007,1.0934,35.5,13.0,0,0,-16,-144,-99
0564370,Siloam Springs city,6498,4939,72065,80008,1.0934,15.3,8.7,1,0,175,249,260
1724634,Evergreen Park village,7215,5233,95719,105643,1.0934,26.7,0.8,1,0,84,61,11
12091,Okaloosa County,85411,59267,81998,90412,1.0934,25.6,5.0,1,0,-738,-696,-192
48357,Ochiltree County,3680,2718,70183,78131,1.0934,20.7,5.4,0,0,43,94,122
3622876,East Rockaway village,3806,2779,124929,136554,1.0933,26.1,0.8,0,0,-68,-32,42
4869020,South Houston city,4998,3748,53497,58344,1.0933,22.7,2.3,0,0,-64,-15,20
16077,Power County,2815,1860,61146,66574,1.0933,32.1,1.8,0,0,145,159,168
35045,San Juan County,41732,27940,55872,61768,1.0933,30.8,2.3,1,0,323,543,1010
0150000,Mobile city,84639,56854,53558,58209,1.0933,27.5,5.3,1,0,-2893,-1513,2478
0468080,Somerton city,4964,3606,74015,78704,1.0932,21.0,6.3,0,0,240,260,266
15001,Hawaii County,74072,43753,78639,86603,1.0932,38.6,2.3,1,0,114,325,228
4528060,Gaffney city,4635,3081,41089,45167,1.0932,27.2,6.3,1,0,-320,-182,226
1245100,Miami Lakes town,11032,8398,101557,112330,1.0932,21.6,2.2,1,0,-73,-82,118
4838548,Keene city,2384,1696,51695,59915,1.0932,22.6,6.3,0,0,-12,53,89
4842016,Leander city,26326,22183,139048,151701,1.0931,13.6,2.1,1,0,396,662,281
4955980,Ogden city,33508,24666,72575,79161,1.093,19.0,7.4,1,0,675,720,334
3744960,Mount Holly city,7307,5926,79385,89154,1.093,17.4,1.5,1,0,118,146,96
2130700,Georgetown city,14899,11136,80088,88730,1.093,18.4,6.9,1,0,512,515,534
4251496,Mount Carmel borough,2385,1514,53021,59554,1.0929,35.9,0.6,0,0,106,151,116
0609780,California City city,4608,3142,60113,65762,1.0929,28.1,3.7,0,0,-62,-131,-70
51105,Lee County,8527,5330,41827,45904,1.0928,36.1,1.4,0,0,50,61,137
3985232,Willard city,2593,1564,53542,60147,1.0928,34.4,5.2,0,0,-65,5,125
5346685,Monroe city,6280,5037,110461,118653,1.0927,18.2,1.6,1,0,-129,-125,59
3986730,Wyoming city,3068,2310,165188,179136,1.0927,23.6,1.1,1,0,26,39,32
0616560,Cotati city,3195,2311,110750,119206,1.0927,24.2,3.5,1,0,-80,-68,144
48027,Bell County,142305,105381,68865,74902,1.0926,19.6,6.4,1,0,726,3157,3717
2641220,Ishpeming city,2514,1762,52754,59192,1.0926,25.8,4.1,0,0,52,52,68
0613210,Chino city,27261,21223,104682,113112,1.0926,20.8,1.3,1,0,-1048,-1228,-1239
48237,Jack County,2986,1973,68079,70936,1.0926,31.1,2.8,0,0,94,106,122
06107,Tulare County,143195,105988,71300,77687,1.0926,22.8,3.2,1,0,1640,2452,2231
0662000,Riverside city,95176,71011,91045,99670,1.0926,22.0,3.4,1,0,-3493,-3936,-2223
01045,Dale County,19727,12997,54963,60485,1.0925,29.9,4.2,1,0,384,575,924
1236950,Kissimmee city,27225,20783,53758,59705,1.0924,19.8,3.9,1,0,-1089,-1573,-600
31163,Sherman County,1325,778,63578,68170,1.0924,38.5,2.8,1,0,79,73,30
3421510,Englewood Cliffs borough,2010,1285,230611,245367,1.0924,36.1,0.0,0,0,-14,9,-1
2954038,Odessa city,2231,1515,100022,109314,1.0924,29.8,2.3,0,0,64,47,39
4729920,Goodlettsville city,8031,5487,70758,78449,1.0924,27.6,4.0,1,0,-5,241,105
4845012,Lucas city,2804,2392,221364,231786,1.0924,14.7,0.0,0,0,0,0,0
72043,Coamo Municipio,13776,8804,22045,24315,1.0923,34.9,1.2,1,0,-137,-188,-59
5574400,Slinger village,2710,1832,101404,114347,1.0923,29.0,3.4,0,0,78,56,66
0681666,Vallejo city,44798,31340,90171,98333,1.0923,27.9,2.1,1,0,-1903,-2127,-1031
1245750,Milton city,4722,3004,76301,87943,1.0923,25.0,11.4,1,0,125,370,470
0655380,Palos Verdes Estates city,4946,2892,242014,241794,1.0922,41.4,0.2,0,0,4,3,-52
48099,Coryell County,26986,19272,71301,77001,1.0921,23.1,5.5,1,0,1089,1687,1848
3049525,Miles City city,3608,2506,67727,73717,1.0921,26.8,3.7,1,0,90,99,65
5405332,Beckley city,7050,4413,45826,50044,1.0921,33.1,4.3,0,0,-295,-170,320
2908236,Brentwood city,4091,2838,99719,109005,1.092,22.3,8.3,0,0,285,227,199
4863572,Rowlett city,23352,17587,112081,121822,1.092,21.2,3.5,1,0,-290,-36,-56
1884752,Winchester city,2139,1290,52439,59925,1.092,31.8,7.9,0,0,33,70,
4573105,Union city,3904,2572,31914,35354,1.092,29.9,4.2,0,0,-3,-81,158
4215848,Conshohocken borough,4442,3616,122721,134638,1.0919,14.0,4.6,0,0,-39,78,-39
3979562,Van Wert city,4507,3087,55113,60134,1.0919,28.4,3.1,1,0,210,261,134
1842426,Lawrence city,19579,14287,74022,80579,1.0919,21.7,5.3,1,0,320,380,318
20195,Trego County,1367,784,81528,85569,1.0919,38.0,4.6,0,0,22,15,1
4816612,Coppell city,15500,12435,146235,160617,1.0919,19.1,0.7,1,0,523,619,192
1067310,Smyrna town,4869,3396,67048,74245,1.0919,25.7,4.6,0,0,-117,-56,122
1239875,Leesburg city,12833,7534,52880,57942,1.0918,40.4,0.9,1,0,-242,-216,-60
4115950,Cottage Grove city,4225,2792,80875,87656,1.0918,28.0,5.9,0,0,-25,-8,46
40139,Texas County,6824,4935,60069,65604,1.0917,22.3,5.4,1,0,498,558,454
4530895,Greenwood city,8866,6088,41150,45649,1.0916,27.4,3.9,1,0,315,471,550
3975602,Sunbury city,2894,2206,108787,118323,1.0916,22.0,1.8,1,0,39,38,39
2306925,Brewer city,4250,2785,66613,74173,1.0916,30.0,4.5,0,0,-44,104,192
2720420,Falcon Heights city,2039,1443,96528,106588,1.0916,26.2,3.0,0,0,47,34,10
1641320,Jerome city,4148,3209,66894,72294,1.0915,17.7,4.9,1,0,159,159,96
20153,Rawlins County,1170,685,67742,70272,1.0914,37.4,4.0,0,0,77,77,69
1249450,North Miami city,20171,15200,57188,62890,1.0914,21.9,2.7,1,0,-957,-1870,-193
1325720,East Point city,15855,12576,68598,73280,1.0914,17.3,3.4,1,0,-369,141,338
31175,Valley County,1796,1074,61852,68738,1.0913,36.6,3.6,1,0,130,125,55
0603666,Baldwin Park city,18282,13310,80663,87999,1.0913,25.1,2.1,1,0,-689,-660,473
0602000,Anaheim city,106317,80697,95227,103914,1.0913,20.9,3.2,1,0,-6808,-7096,4441
48505,Zapata County,4565,3010,39239,43150,1.0913,27.4,6.7,0,0,67,82,53
3771460,Waxhaw town,6815,5831,131894,143666,1.0913,14.1,0.4,1,0,13,52,37
4813024,Carrollton city,51995,40042,101396,110920,1.0912,20.0,3.0,1,0,990,694,516
2911656,Carthage city,5732,4142,51328,56962,1.0912,23.8,4.0,0,0,-203,12,413
0554200,Pea Ridge city,2905,2112,95521,105711,1.091,24.9,2.4,1,0,-17,-20,-19
5335275,Kennewick city,31372,21587,73576,80152,1.0909,27.5,3.7,1,0,595,642,589
5350360,Oak Harbor city,9774,7000,76084,84670,1.0908,20.2,8.2,1,0,-297,-306,1
5148952,Manassas city,14203,11157,113590,126252,1.0908,18.2,3.2,1,0,-27,31,109
51683,Manassas city,14203,11157,113590,126252,1.0908,18.2,3.2,1,0,-27,31,109
1248200,Newberry city,2867,2246,89552,101767,1.0908,21.7,0.0,0,0,33,21,23
1321380,Dalton city,12399,9104,63577,69914,1.0908,22.3,4.3,1,0,3,399,896
16009,Benewah County,4072,2547,59794,65088,1.0907,34.2,3.3,0,0,168,197,74
0509460,Bryant city,8262,6124,83024,91756,1.0907,21.0,4.9,1,0,302,205,184
1317776,College Park city,6175,4852,51635,59974,1.0906,16.5,4.9,0,0,-451,-142,215
4835000,Houston city,930404,694071,64813,71101,1.0906,19.9,5.5,1,0,-22911,-10170,25146
29211,Sullivan County,2040,1281,56964,60880,1.0905,34.0,3.2,0,0,67,72,85
1238950,Lake Wales city,6924,4098,56347,60103,1.0905,37.6,3.2,0,0,-415,-314,108
1667780,Rigby city,1944,1402,85056,86685,1.0905,23.8,4.1,0,0,153,157,151
05137,Stone County,5262,2883,40943,44315,1.0904,43.2,2.0,0,0,58,42,62
5517975,Cudahy city,8475,5892,66719,72939,1.0903,28.7,1.8,1,0,526,616,255
2955550,Overland city,6378,4680,61773,68862,1.0903,23.3,3.3,1,0,4,144,179
1256150,Perry city,2789,1844,40898,44610,1.0903,30.3,3.6,0,0,-111,-171,56
3440020,Leonia borough,3345,2248,129665,142270,1.0902,31.8,1.0,0,0,-66,-6,-39
4983470,West Valley City city,39617,30828,92209,100390,1.0902,17.4,4.8,1,0,-2,315,256
3632402,Harrison village,9222,6879,164250,192738,1.0901,25.3,0.1,0,0,227,179,238
5553675,Monona city,4159,2685,87773,99311,1.0901,29.9,5.5,1,0,55,82,74
5337900,Lake Stevens city,13773,11372,122336,134107,1.09,15.6,1.8,1,0,-341,-208,-45
08111,San Juan County,399,266,77824,83019,1.09,24.6,8.8,0,0,15,15,12
4880356,Wylie city,18701,15683,119522,130827,1.0899,15.3,0.8,1,0,-326,-175,-318
13189,McDuffie County,8149,5512,56733,62725,1.0899,30.4,2.0,1,0,121,180,172
37091,Hertford County,8285,5119,45537,49630,1.0899,36.5,1.7,1,0,-130,-137,156
1715599,Collinsville city,11061,7670,67612,74737,1.0899,27.5,3.1,1,0,330,423,219
4237784,Jeannette city,4316,2685,49188,53598,1.0899,32.6,5.2,1,0,-17,14,25
1964020,Polk City city,2184,1656,164389,174009,1.0899,23.5,0.7,0,0,10,10,5
0828360,Frederick town,5777,4662,129460,141875,1.0898,18.2,1.1,1,0,-5,-4,-6
0236400,Juneau city and borough,13167,9574,101661,111251,1.0898,24.5,2.8,1,0,243,230,303
02110,Juneau City and Borough,13167,9574,101661,111251,1.0898,24.5,2.8,1,0,243,230,303
32015,Lander County,2129,1631,89014,89856,1.0898,19.5,3.9,0,0,77,77,53
1224825,Freeport city,2534,1838,91985,98651,1.0898,18.8,8.6,0,0,-22,14,9
4944320,Lehi city,23886,19947,131299,144161,1.0898,11.6,4.9,1,0,334,528,142
48081,Coke County,1594,917,43333,48073,1.0897,40.8,1.7,0,0,18,24,93
4263624,Reading city,33164,25178,44091,48259,1.0897,19.3,4.7,1,0,-1874,-1735,1130
38005,Benson County,2025,1302,64033,70056,1.0897,30.0,5.7,1,0,70,65,31
5613150,Casper city,25565,17542,70218,75660,1.0897,26.3,5.1,1,0,605,703,504
2259340,Patterson city,2067,1426,49886,54366,1.0896,24.6,6.4,0,0,-84,-78,16
1741326,Lakemoor village,2483,1965,100414,110994,1.0895,18.3,2.5,0,0,92,79,67
3912000,Canton city,29302,20304,43188,47261,1.0895,24.6,6.1,1,0,-1062,-324,1305
22017,Caddo Parish,95771,64094,50705,55318,1.0894,29.7,3.4,1,0,-2094,-893,3254
4058700,Piedmont city,2861,2091,104441,116179,1.0894,26.9,0.0,1,0,15,23,3
5362288,SeaTac city,12134,9304,81104,88368,1.0894,20.8,2.6,1,0,-533,-422,285
0645778,Marina city,7760,5557,95955,103821,1.0893,23.9,4.5,1,0,-297,-260,280
5414610,Charles Town city,2799,2211,89263,99947,1.0893,19.8,1.3,0,0,34,14,10
1611260,Burley city,4232,2925,67468,73675,1.0892,23.8,7.1,1,0,90,112,146
13029,Bryan County,16603,13034,103408,112254,1.0892,19.5,2.0,1,0,70,90,77
1766040,Round Lake Beach village,8537,6969,86059,97079,1.0892,16.4,1.9,1,0,-100,38,28
4821424,Dripping Springs city,3015,2103,109364,124107,1.0891,27.4,2.9,0,0,-139,-46,7
13051,Chatham County,120383,82357,71097,77699,1.089,26.6,5.0,1,0,-3022,-1779,1508
4174850,Troutdale city,5971,4285,89337,99106,1.089,25.7,2.5,1,0,-108,-24,62
4459000,Providence city,71497,53746,68119,73790,1.089,19.4,5.5,1,0,-528,-476,126
0640704,Lathrop city,8782,7547,126421,137618,1.0889,13.7,0.4,1,0,-199,-114,-167
0602462,Arcadia city,19227,13771,113516,123068,1.0889,27.8,0.6,1,0,-662,-355,512
3910996,Cambridge city,5017,3363,42946,46796,1.0889,28.0,5.0,0,0,-118,-101,211
54095,Tyler County,3296,1950,63693,67674,1.0889,38.7,2.2,1,0,44,45,39
15003,Honolulu County,338868,218750,106195,116072,1.0889,32.1,3.3,1,0,-1734,-5601,757
1353060,Moultrie city,5786,3710,43670,46911,1.0889,31.1,4.8,1,0,62,63,225
0628000,Fullerton city,48117,34345,104286,114950,1.0888,24.0,4.6,1,0,-2586,-2189,1536
2204685,Bastrop city,3506,2488,32605,35716,1.0888,25.9,3.2,0,0,-16,-56,94
0839855,Johnstown town,7014,5490,128995,141985,1.0888,15.2,6.5,1,0,80,121,69
4845096,Luling city,2519,1646,54818,59691,1.0888,33.9,0.8,0,0,-104,-46,21
0105980,Bessemer city,10925,6818,39613,43133,1.0887,34.0,3.6,0,0,401,225,191
4252584,Nanticoke city,4415,3136,57462,62599,1.0887,27.4,1.6,0,0,116,98,182
3543370,Los Lunas village,6906,4484,62330,66605,1.0886,32.7,2.4,0,0,-52,-31,40
4037800,Jenks city,8960,7007,111004,120804,1.0885,18.8,3.0,1,0,205,178,218
3953550,Napoleon city,3801,2503,76639,85158,1.0885,29.1,5.1,1,0,196,197,148
1723074,Elgin city,39317,28913,90282,99423,1.0885,24.3,2.2,1,0,668,1081,477
72113,Ponce Municipio,55830,32428,19877,21639,1.0884,39.6,2.3,1,0,-70,-392,-660
0224230,Fairbanks city,12071,7978,73534,79924,1.0884,19.9,14.0,1,0,592,505,-172
17093,Kendall County,45372,35746,111601,120387,1.0884,20.1,1.1,1,0,-158,-47,215
2646000,Lansing city,51588,35428,54382,59146,1.0884,21.8,9.6,1,0,-297,575,1626
0552580,Osceola city,2505,1819,46202,49708,1.0884,19.2,8.1,0,0,-1,83,164
72097,Mayagüez Municipio,30020,15158,18295,19940,1.0883,39.4,10.1,1,0,-178,-594,59
24033,Prince George's County,347744,251215,101798,111044,1.0882,25.1,2.7,1,0,-509,-923,2658
0524430,Forrest City city,3831,2783,35689,39206,1.0882,24.0,3.3,0,0,-253,-260,279
4527070,Fountain Inn city,4570,3592,73585,80885,1.0882,16.9,4.5,0,0,-126,-87,31
4719700,Dayton city,3359,2035,49719,54137,1.0881,28.4,11.0,0,0,114,201,355
2954650,Olivette city,3508,2409,111660,121230,1.0881,30.7,0.6,0,0,94,50,86
2151024,Maysville city,3983,2491,39013,43287,1.0881,31.4,6.1,0,0,-187,-124,321
1750244,Monticello city,2675,1776,99449,106974,1.088,31.0,2.6,0,0,93,72,61
2761492,South St. Paul city,8425,6001,87994,94896,1.088,24.0,4.7,1,0,368,360,60
13151,Henry County,86704,66533,83146,92397,1.0879,21.7,1.6,1,0,-1333,-1096,-335
0684200,West Covina city,32892,23225,101065,110647,1.0879,28.1,1.3,1,0,-1863,-1861,1045
1304252,Austell city,3033,2525,72938,78652,1.0879,14.3,2.4,0,0,-7,14,-19
2680340,Traverse City city,7191,4619,74087,80926,1.0879,33.8,2.0,0,0,230,242,87
40055,Greer County,1948,1076,59406,63886,1.0879,34.0,10.7,0,0,39,43,57
72019,Barranquitas Municipio,10014,6032,23407,25774,1.0878,36.7,3.1,1,0,-9,105,261
2401600,Annapolis city,17998,12124,113860,124429,1.0878,30.5,2.1,1,0,-65,-65,67
3403580,Bayonne city,28951,21243,83887,90905,1.0878,23.9,2.7,1,0,314,449,867
4281824,Waynesboro borough,4737,3384,66956,72416,1.0877,22.7,5.9,1,0,39,165,281
4829000,Garland city,81954,60976,76320,83606,1.0877,21.1,4.5,1,0,-2884,-2614,416
17147,Piatt County,6924,4475,94811,100385,1.0877,32.1,3.2,1,0,184,175,120
13199,Meriwether County,8391,5231,57340,63645,1.0877,35.2,2.4,1,0,-28,99,272
0680854,Tustin city,27551,21471,112503,122277,1.0876,20.0,2.0,1,0,-2237,-1919,1033
28047,Harrison County,83358,57771,59479,64812,1.0876,27.1,3.6,1,0,-609,402,3188
0619766,Downey city,34876,26586,90699,99772,1.0875,22.2,1.6,1,0,-1543,-1256,1409
72007,Aguas Buenas Municipio,8932,5515,23072,25579,1.0875,37.0,1.2,0,0,243,382,364
5537900,Jefferson city,3312,2413,79006,88628,1.0874,25.4,1.7,1,0,122,141,109
1216525,Daytona Beach city,34652,21088,52058,57292,1.0874,32.1,7.0,1,0,-1493,-1507,1058
49045,Tooele County,23925,18975,106587,115634,1.0874,17.5,3.2,1,0,263,185,147
20101,Lane County,709,390,54526,62083,1.0874,42.5,2.5,0,0,14,18,7
1324768,Dunwoody city,21225,16220,121903,132905,1.0873,20.1,3.5,1,0,396,598,282
1948810,Manchester city,2538,1488,61191,68644,1.0873,32.7,8.7,0,0,68,92,95
1729171,Gilberts village,2812,2376,146333,156410,1.0873,15.0,0.5,0,0,32,38,10
5581250,Twin Lakes village,3067,1965,86222,98611,1.0873,35.5,0.4,0,0,138,86,34
0804000,Aurora city,145310,109927,88368,96989,1.0873,19.6,4.7,1,0,-4550,-3930,-761
0457380,Prescott city,22793,10002,70874,78395,1.0873,52.0,4.2,1,0,-212,-86,124
4864112,Saginaw city,9025,6631,97276,106299,1.0872,23.6,2.9,1,0,-214,-232,-228
1725141,Fairview Heights city,7221,4778,80930,85211,1.0872,30.9,2.9,1,0,420,473,266
13261,Sumter County,10986,7017,42653,47046,1.0872,30.1,6.0,0,0,-196,-1,415
21221,Trigg County,6060,3802,59857,65098,1.0871,34.2,3.1,0,0,91,95,149
2951644,Nevada city,3365,2157,42813,46659,1.0871,28.2,7.7,0,0,138,122,122
1772052,Spring Grove village,1943,1390,134210,146907,1.087,28.5,0.0,0,0,0,0,0
0659451,Rancho Cucamonga city,58835,44123,111895,120887,1.087,23.4,1.6,1,0,-2869,-2621,-2466
0668294,San Pablo city,9743,7707,79478,87491,1.0869,19.1,1.8,1,0,-35,-292,379
5485156,Weirton city,8707,5407,59575,64722,1.0869,36.5,1.4,0,0,349,415,319
35031,McKinley County,21353,14558,47668,51447,1.0868,30.0,1.8,1,0,318,473,745
35057,Torrance County,6052,3845,57842,63625,1.0868,34.4,2.1,0,0,211,304,160
48257,Kaufman County,50990,40710,89485,98916,1.0867,18.8,1.4,1,0,-376,-428,-133
4845672,McGregor city,2043,1495,72750,80509,1.0866,23.4,3.4,0,0,57,74,47
1911080,Carroll city,4696,2971,69706,70933,1.0866,32.3,4.5,1,0,226,218,30
4816624,Copperas Cove city,15697,11767,71225,76365,1.0865,19.3,5.7,1,0,799,968,1020
3413360,Clayton borough,3381,2339,90274,102327,1.0865,30.4,0.4,0,0,9,-10,25
2636700,Harper Woods city,5595,3991,65022,69598,1.0865,28.1,0.5,1,0,-171,-153,117
49033,Rich County,923,589,79009,85923,1.0864,32.6,3.6,0,0,30,31,13
3929428,Garfield Heights city,11946,8351,54593,60066,1.0864,25.8,4.3,0,0,-677,-452,327
2829700,Gulfport city,29287,20195,49919,54251,1.0864,26.9,4.2,1,0,-1797,-1399,1216
2855360,Pascagoula city,8734,5443,52222,55396,1.0864,30.7,7.0,1,0,-49,46,276
31009,Blaine County,197,93,69583,73661,1.0863,47.2,5.6,0,0,15,17,17
3650397,New Hyde Park village,3534,2408,142927,158696,1.0863,31.9,0.0,0,0,40,65,67
48103,Crane County,1632,1140,62212,68259,1.0863,24.1,6.1,0,0,39,38,25
45043,Georgetown County,27129,14415,68713,73759,1.0862,45.3,1.6,0,0,-18,32,213
4854132,Orange city,7122,4585,62891,67872,1.0862,30.6,5.0,0,0,-40,6,118
1750010,Monmouth city,3323,2205,61138,66737,1.0862,27.2,6.4,0,0,289,271,75
0683332,Walnut city,8665,5306,129449,141432,1.0862,38.2,0.5,1,0,-117,-85,-78
21081,Grant County,9224,6633,69178,74135,1.0862,24.4,3.6,1,0,474,454,273
3406790,Bound Brook borough,4605,3396,90571,96049,1.0862,25.4,0.8,0,0,-443,-372,-67
2270000,Shreveport city,75996,52220,48699,52794,1.0861,27.9,3.4,1,0,-2505,-1639,2760
47113,Madison County,40153,27071,60042,65220,1.0861,28.9,3.7,1,0,-139,112,778
1259200,Punta Gorda city,10235,3767,85779,93002,1.086,62.6,0.6,0,0,80,106,109
1271400,Temple Terrace city,11630,7871,69252,74962,1.086,25.9,6.4,1,0,-581,-498,49
3722920,Fayetteville city,82689,58098,58407,63676,1.086,21.7,8.0,1,0,-2112,-1944,2443
2907102,Bonne Terre city,1907,1400,46179,51429,1.0859,21.8,4.8,0,0,136,146,61
1852326,New Albany city,16389,11010,54710,60000,1.0859,27.2,5.6,1,0,-181,324,570
2939656,Ladue city,3428,2163,250001,263188,1.0858,36.9,0.0,0,0,65,59,23
13239,Quitman County,1067,468,40179,43636,1.0857,54.4,1.8,0,0,16,14,27
01013,Butler County,7597,4796,44755,48613,1.0857,35.0,1.8,1,0,149,214,283
16075,Payette County,9692,6090,67673,73180,1.0857,34.4,2.7,1,0,445,472,414
3725580,Gastonia city,32378,23140,64059,69487,1.0856,22.9,5.6,1,0,-91,306,494
1753559,North Chicago city,7036,4923,60172,65224,1.0855,20.3,9.8,0,0,-465,-495,110
4515355,Clover town,2713,2189,85450,93996,1.0855,19.1,0.2,1,0,63,66,28
3759540,Sawmills town,1908,1377,71067,72045,1.0855,25.1,2.7,1,0,120,117,67
13097,Douglas County,52079,40712,82984,89369,1.0855,19.6,2.2,1,0,-171,214,531
1232000,Hollywood city,61409,43462,67203,74442,1.0855,27.4,1.8,1,0,-2920,-2485,-561
4821628,Duncanville city,13215,9055,76457,82215,1.0855,30.0,1.5,1,0,-564,-326,-19
4708920,Brownsville city,3856,2411,43494,46928,1.0855,33.8,3.7,0,0,68,49,176
1254725,Panama City Beach city,8713,6236,80941,92279,1.0853,23.9,4.5,0,0,-471,-91,110
12131,Walton County,34362,22934,81986,91136,1.0852,29.6,3.7,1,0,-117,-369,-471
4842664,Liberty Hill city,2611,2229,115096,127157,1.0852,12.3,2.4,0,0,100,89,101
4206088,Bethlehem city,31052,20464,68879,75682,1.0852,29.6,4.5,1,0,-853,-310,397
3659641,Poughkeepsie city,13650,9784,60741,65781,1.0852,26.2,2.2,1,0,-279,-392,-150
1703012,Aurora city,61317,48382,93633,102622,1.0851,17.8,3.3,1,0,67,401,685
3648175,Monticello village,3040,2165,50583,55050,1.0851,26.9,1.9,0,0,19,90,-49
4801744,Aledo city,1779,1391,163231,178722,1.085,21.0,0.8,0,0,32,30,8
0877510,Timnath town,3093,2450,178257,196310,1.0849,20.8,0.0,0,0,51,54,-18
3412100,Chatham borough,2972,2430,241500,250645,1.0849,18.2,0.0,0,0,117,124,19
3462940,Ridgefield Park village,5108,3859,100718,109394,1.0848,23.0,1.4,1,0,-82,-15,155
1230025,Hialeah Gardens city,7556,5574,65439,70307,1.0848,24.7,1.5,1,0,-161,-308,-140
4874924,Van Alstyne city,2141,1395,102469,111511,1.0848,33.5,1.3,0,0,-16,-7,-27
4748000,Memphis city,253120,176339,51736,56353,1.0847,24.7,5.6,1,0,-11914,-9198,6168
4850376,Nassau Bay city,2582,1587,71696,75799,1.0846,33.3,5.2,0,0,98,140,33
31037,Colfax County,3707,2600,82530,93312,1.0845,22.6,7.3,0,0,116,49,47
4075000,Tulsa city,172909,119033,59838,64902,1.0845,24.8,6.4,1,0,2803,4757,5960
3432910,Hopatcong borough,5964,4674,115758,123355,1.0845,19.7,2.0,1,0,-15,-31,-10
13013,Barrow County,30789,23793,80653,87950,1.0844,20.3,2.4,1,0,369,258,227
1216450,Davenport city,3902,3075,73685,79800,1.0844,12.1,9.1,0,0,-6,-5,-10
48431,Sterling County,399,306,64954,75000,1.0843,22.6,0.8,0,0,24,17,7
0441330,Litchfield Park city,2660,1843,126250,137927,1.0843,30.3,0.5,1,0,-53,-29,-22
1376476,Tifton city,6753,4484,45298,49099,1.0843,28.2,5.4,0,0,-170,-48,290
4013950,Chickasha city,6470,4291,54111,60190,1.0843,27.6,6.1,0,0,152,276,533
1242575,Maitland city,8972,6901,97150,104152,1.0843,17.1,6.0,1,0,-688,-569,-293
4830464,Grand Prairie city,68406,53504,81619,89481,1.0842,18.3,3.5,1,0,-2290,-1745,-154
5138424,Hopewell city,9255,6280,54729,61077,1.0841,26.3,5.9,1,0,-294,-14,220
51670,Hopewell city,9255,6280,54729,61077,1.0841,26.3,5.9,1,0,-294,-14,220
0137864,Irondale city,6089,4049,72343,76042,1.0841,27.3,6.2,0,0,157,163,75
0640130,Lancaster city,52374,40550,81511,88166,1.0841,20.9,1.6,1,0,-2030,-1774,1016
5503425,Ashwaubenon village,8486,5520,69667,75330,1.0841,28.1,6.8,1,0,363,402,215
0686300,Woodlake city,2197,1644,46266,51045,1.0841,25.2,0.0,0,0,-86,-69,40
5320645,Edgewood city,4948,3835,116132,126438,1.084,21.2,1.3,1,0,-55,-40,-35
05099,Nevada County,3251,2079,53886,58797,1.084,32.8,3.3,0,0,-22,-3,47
4532560,Hartsville city,2982,2066,49272,53400,1.084,27.4,3.3,0,0,20,41,110
1200950,Altamonte Springs city,20871,14642,64070,70247,1.084,24.2,5.7,1,0,-1855,-2567,149
0617946,Dana Point city,13860,9243,141520,154323,1.084,32.4,0.9,1,0,-219,-84,141
05133,Sevier County,5622,3713,53527,56509,1.0839,29.5,4.5,0,0,69,83,259
0655856,Parlier city,3604,2758,52357,58708,1.0838,19.0,4.4,1,0,-204,-142,168
72045,Comerío Municipio,6113,3589,17134,19728,1.0838,40.6,0.7,0,0,294,195,158
21025,Breathitt County,5464,3749,34808,37729,1.0837,29.4,2.0,1,0,105,84,173
2843280,McComb city,5091,3229,40707,44253,1.0837,31.8,4.8,0,0,-381,-463,498
2959096,Poplar Bluff city,6504,4043,41941,45308,1.0836,31.9,6.0,0,0,-270,-222,324
3455800,Palmyra borough,3287,2284,89574,93631,1.0836,30.1,0.4,1,0,-56,-18,30
3975126,Struthers city,4244,2775,53447,60277,1.0835,32.1,2.5,1,0,170,222,113
1710487,Calumet City city,14332,10055,55369,59859,1.0835,28.6,1.3,1,0,-820,-628,2
0643000,Long Beach city,170927,129622,87430,95104,1.0835,20.8,3.3,1,0,-6996,-5461,6648
1214400,Coral Springs city,45204,34662,93602,102110,1.0835,20.4,3.0,1,0,-1803,-1941,-1380
3661148,Rensselaer city,4281,3237,70080,75902,1.0834,18.4,6.0,0,0,165,194,129
2772238,Zimmerman city,2202,1916,85645,91630,1.0834,12.4,0.6,0,0,60,44,-8
0613882,Clayton city,3982,2875,175707,190379,1.0834,27.8,0.0,1,0,-5,-16,0
2906004,Black Jack city,2683,1674,78331,84047,1.0834,36.0,1.6,0,0,71,79,40
4066800,Shawnee city,11744,7790,55815,60443,1.0833,28.2,5.5,1,0,266,457,590
12023,Columbia County,27430,17661,59205,64037,1.0832,32.3,3.3,1,0,713,1000,840
2819180,D'Iberville city,5035,3755,66016,71951,1.0831,21.3,4.1,0,0,-44,195,332
1256625,Pinecrest village,6081,4179,206417,222397,1.083,30.9,0.3,0,0,8,38,29
3458770,Pine Hill borough,4488,3640,72588,78662,1.083,18.3,0.6,1,0,6,-9,16
4967770,Santaquin city,4614,3715,99837,108102,1.0829,14.0,5.5,1,0,42,41,41
0619318,Dinuba city,6735,5462,59484,64016,1.0829,16.7,2.2,0,0,-384,-330,56
1750218,Montgomery village,7144,5737,103734,110158,1.0828,18.0,1.7,1,0,-35,-42,27
4856912,Perryton city,3230,2408,69514,77315,1.0828,19.9,5.5,0,0,28,74,101
4804000,Arlington city,142455,107235,75171,81420,1.0828,19.7,5.0,1,0,-2885,-1777,1467
1784038,Yorkville city,8140,6390,108513,117296,1.0827,20.8,0.7,1,0,26,44,66
45071,Newberry County,15325,10005,61780,67190,1.0827,31.6,3.1,1,0,624,639,595
1735879,Homewood village,7082,4846,100139,108393,1.0827,31.4,0.2,1,0,77,48,6
3702140,Asheville city,37394,24639,71102,77354,1.0826,31.5,2.6,1,0,-587,-369,564
37175,Transylvania County,14584,7619,66184,70891,1.0826,45.1,2.7,1,0,291,310,394
18111,Newton County,5726,3796,75481,81623,1.0826,29.5,4.2,1,0,273,293,179
1377652,Tucker city,14704,10422,80317,85482,1.0826,27.4,1.7,1,0,-1059,-844,-55
4702340,Atoka town,3770,2928,89663,98618,1.0826,20.2,2.2,0,0,76,56,61
17081,Jefferson County,14820,9685,63118,67828,1.0825,31.3,3.3,1,0,744,705,348
5118448,Colonial Heights city,7530,5266,76505,82764,1.0824,29.6,0.5,1,0,131,109,118
51570,Colonial Heights city,7530,5266,76505,82764,1.0824,29.6,0.5,1,0,131,109,118
0653896,Ontario city,53770,41692,88941,97245,1.0824,19.7,2.8,1,0,-2835,-3109,-1714
4116950,Creswell city,2014,1407,100385,108944,1.0824,25.3,4.9,1,0,52,47,54
5372625,Tukwila city,7934,6325,78381,87112,1.0823,18.4,1.9,1,0,-579,-539,256
1656260,Nampa city,39134,27687,74279,80239,1.0823,23.7,5.6,1,0,-46,107,542
08009,Baca County,1657,979,46215,49948,1.0823,35.8,5.1,0,0,-16,7,27
0114104,Chelsea city,5724,4211,115337,121618,1.0823,25.2,1.2,1,0,86,46,161
2458225,Ocean City town,3828,2074,77750,87101,1.0822,40.6,5.2,0,0,36,59,42
1217325,Destin city,6221,4498,89011,97263,1.0821,26.6,1.1,1,0,10,29,-22
4861844,Richland Hills city,3219,2378,66721,72063,1.0821,25.2,1.0,0,0,63,18,-16
08117,Summit County,12545,9431,109773,120921,1.0821,21.4,3.4,1,0,-252,-343,-74
4507210,Bluffton town,12987,8027,111281,120481,1.0821,35.6,2.6,1,0,-225,-177,-224
2039825,Liberal city,6533,5007,63706,68258,1.0821,16.9,6.5,0,0,93,147,390
2856800,Petal city,4022,2894,74750,80564,1.082,24.2,3.9,1,0,195,206,205
1344340,LaGrange city,12993,9033,43708,47019,1.082,24.2,6.3,1,0,-724,-702,358
45025,Chesterfield County,17534,11666,49235,53097,1.082,30.2,3.3,1,0,258,322,555
3737680,Leland town,13219,7771,91977,98505,1.082,38.5,2.7,1,0,-191,-133,-126
1712164,Centralia city,5094,3118,47807,51462,1.0819,34.7,4.0,0,0,83,70,222
2524960,Framingham city,26803,19799,107419,116331,1.0819,23.4,2.7,1,0,-1071,-925,878
05017,Chicot County,3965,2396,39045,42326,1.0819,37.6,2.0,0,0,133,169,160
3921000,Dayton city,58477,40880,45247,48934,1.0817,24.6,5.5,1,0,-1848,-1491,1385
1258050,Pompano Beach city,47167,31620,67195,73127,1.0817,31.1,1.8,1,0,-2057,-1672,-361
3654881,Oneonta city,5319,3050,61111,67035,1.0817,25.2,17.5,1,0,465,506,178
5363385,Sequim city,4222,1770,59707,64385,1.0816,55.8,2.3,0,0,44,104,34
13135,Gwinnett County,327043,256898,87890,96269,1.0816,18.4,3.1,1,0,-13311,-8464,-4088
28157,Wilkinson County,3185,2103,35311,38489,1.0816,34.0,0.0,0,0,71,106,67
5323795,Fife city,4078,3401,90532,99857,1.0816,12.8,3.8,1,0,-180,-41,97
51153,Prince William County,156798,123716,131402,142684,1.0816,19.0,2.1,1,0,45,1776,354
13181,Lincoln County,2997,1821,56907,61672,1.0815,37.7,1.5,0,0,86,67,84
2926182,Fulton city,3978,2552,51429,56262,1.0815,27.4,8.4,0,0,254,288,124
4214264,Clifton Heights borough,2543,1980,70931,75758,1.0815,20.4,1.7,0,0,-26,-10,31
5318965,DuPont city,3833,3086,120781,131279,1.0815,15.5,4.0,0,0,-17,56,32
21153,Magoffin County,4734,3099,33080,35938,1.0815,29.6,4.9,0,0,-124,-138,138
1744524,Long Grove village,2699,1934,250001,265788,1.0814,28.3,0.0,0,0,9,12,13
4802104,Alpine city,3263,2111,60139,64925,1.0814,31.4,3.9,0,0,3,41,205
1842246,La Porte city,8951,5989,59307,64248,1.0814,25.7,7.4,0,0,318,524,539
29215,Texas County,9503,5833,50036,54112,1.0813,35.7,2.9,1,0,165,181,248
2047225,Mission city,5364,3600,75534,81660,1.0813,23.9,9.0,1,0,461,423,182
1276658,West Park city,4490,3362,65952,73292,1.0812,24.1,1.0,0,0,-69,-59,-87
0621712,El Cajon city,33890,24837,67511,72708,1.0812,23.0,3.7,1,0,-3140,-3759,1057
4170200,Stayton city,3209,2112,78268,84058,1.0812,30.1,4.1,0,0,3,9,36
4284144,West View borough,2794,2048,84063,85209,1.0811,21.6,5.1,1,0,114,105,23
48001,Anderson County,17579,11618,62068,67183,1.0811,30.6,3.3,1,0,-121,-55,401
40031,Comanche County,44898,31623,60761,66073,1.081,22.9,6.6,1,0,2056,2465,2837
01035,Conecuh County,4417,2541,41327,45403,1.0809,40.5,1.9,0,0,-43,91,93
37089,Henderson County,51067,30021,68187,74653,1.0808,38.8,2.4,1,0,406,800,785
1749945,Monee village,2119,1671,91969,96933,1.0808,21.1,0.0,0,0,-15,-7,0
0625436,Fowler city,2216,1752,66983,76236,1.0807,20.4,0.5,0,0,-23,12,28
2956288,Parkville city,2953,2208,171271,182005,1.0807,22.9,2.3,0,0,5,5,2
37107,Lenoir County,23351,14665,45143,48782,1.0807,34.2,3.0,1,0,-443,-154,1210
22049,Jackson Parish,5576,3647,44925,48540,1.0806,32.1,2.5,0,0,226,218,102
37041,Chowan County,6134,3698,53864,61403,1.0806,37.2,2.6,1,0,41,186,203
37029,Camden County,4011,2802,91078,97826,1.0806,26.7,3.5,1,0,196,148,103
37103,Jones County,4125,2532,59641,64428,1.0805,35.8,2.9,1,0,98,109,108
0636280,Imperial city,5980,4739,90195,96977,1.0804,19.8,0.9,0,0,15,28,30
0668364,San Rafael city,22910,14605,119435,127847,1.0804,34.6,1.6,1,0,-1062,-847,440
1767236,Salem city,3122,2085,59728,64600,1.0803,29.9,3.3,0,0,15,19,83
1312988,Canton city,12398,9076,80091,88007,1.0803,23.6,3.2,1,0,-607,-426,-22
2624290,Eastpointe city,13251,10011,62325,67068,1.0802,23.4,1.1,1,0,-445,-463,292
3458200,Perth Amboy city,19045,14590,61977,67211,1.0802,20.9,2.5,1,0,-1323,-1551,401
1342425,Johns Creek city,28948,23019,160093,175517,1.0801,19.6,0.9,1,0,693,815,-602
4859748,Providence Village town,2801,2422,110430,121774,1.0801,13.0,0.6,1,0,-204,-153,-156
0651140,Newman city,3689,2948,78906,92330,1.0801,19.0,1.1,1,0,114,84,27
05065,Izard County,5232,3003,49405,53596,1.0801,39.4,3.2,1,0,223,244,237
5644760,Lander city,2987,2264,74813,80741,1.0801,22.0,2.2,0,0,124,136,112
2955766,Ozark city,8408,6157,74182,79957,1.0801,21.7,5.1,1,0,569,557,396
46057,Hamlin County,2194,1530,87101,93810,1.08,21.2,9.0,1,0,66,55,49
1800910,Alexandria city,2191,1691,64317,73201,1.08,18.7,4.1,0,0,67,128,204
48297,Live Oak County,4358,2663,57150,63916,1.08,32.5,6.4,1,0,109,207,157
2434775,Greenbelt city,10351,7315,85997,92418,1.08,25.0,4.3,1,0,-994,-700,336
37095,Hyde County,1939,1355,53713,57175,1.0799,28.4,1.8,0,0,-19,-7,26
02070,Dillingham Census Area,1403,971,78533,84082,1.0799,27.3,3.5,1,0,57,52,42
16073,Owyhee County,4339,2981,64406,74062,1.0799,29.7,1.6,1,0,223,292,117
4959390,Perry city,1705,1294,112639,124348,1.0799,23.3,0.8,1,0,7,10,5
0680994,Twentynine Palms city,9291,6207,62554,67755,1.0798,15.3,17.9,0,0,-82,-65,123
4821556,Dumas city,4827,3559,63788,69379,1.0798,20.6,5.6,1,0,235,248,222
4848804,Missouri City city,27348,19485,94390,101638,1.0797,26.8,1.9,1,0,-822,-673,-610
4965110,Roy city,13103,10065,91282,99610,1.0797,19.4,3.8,1,0,48,27,38
0483930,Winslow city,2486,1900,58346,61421,1.0796,19.4,4.2,0,0,77,143,152
4865408,Sanger city,3632,2548,91075,97706,1.0795,16.2,13.7,0,0,19,11,-18
31031,Cherry County,2233,1370,66270,69554,1.0795,35.8,2.8,0,0,202,191,77
4840516,Lake Dallas city,3112,2417,76879,96267,1.0795,20.8,1.5,1,0,-29,225,51
0669000,Santa Ana city,81069,62687,93999,101896,1.0795,20.1,2.6,1,0,-3535,-3611,4482
0678666,Tiburon town,3510,2043,232969,237986,1.0795,41.8,0.0,0,0,2,22,-75
5666220,Riverton city,4190,2844,55208,61015,1.0795,26.3,5.8,1,0,169,192,207
72081,Lares Municipio,10770,6615,18917,20497,1.0794,37.9,0.6,1,0,41,23,381
0664224,Salinas city,43620,33299,91908,98323,1.0794,20.6,3.1,1,0,-1767,-1774,1349
2720546,Faribault city,8938,6008,61449,68381,1.0794,29.5,3.3,1,0,-74,50,57
5380220,Yelm city,3703,2833,90750,97785,1.0794,13.8,9.7,1,0,75,27,-43
2154642,Murray city,6802,4104,44091,47885,1.0792,23.1,16.6,0,0,3,123,337
4832312,Harker Heights city,12469,10098,81190,86091,1.0792,16.2,2.9,0,0,304,262,271
1814716,Columbia City city,4356,2912,68089,71546,1.0792,24.3,8.8,1,0,296,320,224
20109,Logan County,1241,850,75662,82353,1.0791,26.7,4.8,1,0,103,116,85
1955695,Nevada city,2980,2083,75094,81062,1.0791,26.0,4.1,0,0,101,107,33
08033,Dolores County,1254,747,64907,70284,1.0791,40.4,0.0,0,0,-8,-1,27
1782530,Winnetka village,4172,2987,250001,269961,1.079,27.6,0.8,0,0,27,30,19
3033775,Hamilton city,2748,1375,49204,52545,1.079,46.7,3.3,0,0,-7,9,
0675630,Suisun City city,9632,7240,94787,102599,1.079,22.7,2.2,1,0,-414,-454,-240
3639727,Kingston city,10020,6828,68186,74532,1.079,27.2,4.6,1,0,-308,-249,-108
48501,Yoakum County,2612,1877,84925,93432,1.0789,21.9,6.2,0,0,193,150,143
3506970,Bernalillo town,3695,2035,63880,70754,1.0789,41.5,3.4,1,0,-7,51,28
4847892,Mesquite city,50171,39059,72537,78272,1.0789,19.9,2.2,1,0,-1683,-1422,-219
3676540,Utica city,25606,17591,52484,56398,1.0789,25.7,5.6,1,0,-345,145,779
5111032,Buena Vista city,2554,1678,57833,61571,1.0788,27.3,7.0,1,0,66,130,132
51530,Buena Vista city,2554,1678,57833,61571,1.0788,27.3,7.0,1,0,66,130,132
0157576,Oxford city,8347,5949,74268,79638,1.0788,27.1,1.6,1,0,329,343,328
4872284,Terrell city,5857,4342,65842,70483,1.0787,24.0,1.9,0,0,-194,-120,53
0404720,Avondale city,30014,24442,86123,96127,1.0787,13.6,5.0,1,0,-1485,-940,-259
3472420,Tenafly borough,5227,4011,208200,225836,1.0786,22.9,0.4,0,0,-17,64,101
4982950,West Jordan city,36722,28733,108153,117454,1.0786,17.3,4.4,1,0,-73,-45,99
4843012,Little Elm city,18883,16356,119219,125127,1.0786,11.1,2.3,1,0,-88,-117,-100
0667056,Sanger city,7318,5552,77500,84538,1.0786,20.6,3.5,1,0,174,217,208
2251410,Monroe city,18335,12522,40505,43726,1.0786,27.4,4.3,1,0,-877,-717,356
2113978,Central City city,2089,1412,50885,57222,1.0785,25.6,6.8,0,0,180,225,189
5567200,Rhinelander city,3573,2358,51421,55385,1.0785,27.8,6.2,0,0,50,85,143
40011,Blaine County,3381,2069,61642,69092,1.0785,33.6,5.2,1,0,210,193,148
1748242,Melrose Park village,8463,6226,66189,72116,1.0785,23.2,3.2,0,0,348,456,124
4819000,Dallas city,533915,400341,70518,75897,1.0785,18.9,6.2,1,0,-10845,-729,7131
1338964,Hinesville city,13368,9911,60028,64746,1.0784,15.7,10.2,1,0,139,95,188
3736080,Knightdale town,7594,6322,103220,111692,1.0784,14.1,2.6,1,0,300,241,190
1782985,Wood Dale city,5342,3672,91382,97435,1.0783,29.9,1.4,1,0,52,98,51
2180490,Walton city,1697,1432,77917,86909,1.0783,15.4,0.2,0,0,93,109,45
0636056,Huntington Park city,14653,11170,59996,64690,1.0782,21.9,1.9,1,0,-912,-1251,660
5452060,Martinsburg city,7963,5283,59555,64200,1.0782,29.3,4.3,1,0,63,153,198
5439532,Hurricane city,2914,1919,71167,78274,1.0781,31.6,2.5,0,0,197,201,85
4780200,White House city,5595,4337,90019,94672,1.0781,18.8,3.7,1,0,66,83,36
0444410,Maricopa city,21038,16129,96391,104129,1.0781,22.3,1.0,1,0,-357,-285,-159
4212536,Chambersburg borough,9839,6794,56576,61039,1.078,27.1,3.9,0,0,-103,108,620
1348624,McDonough city,10886,8546,75343,81504,1.078,17.1,4.4,1,0,-436,-532,-395
4241216,Lancaster city,21971,16922,63690,67903,1.078,17.1,5.9,1,0,-606,-371,905
3525800,Farmington city,17114,11850,68784,73787,1.0779,27.8,3.0,1,0,274,378,475
2854040,Olive Branch city,17181,13125,100606,108133,1.0779,21.7,1.9,1,0,-163,-78,-163
4869032,Southlake city,9229,7271,250001,264700,1.0778,20.9,0.4,0,0,38,56,31
20189,Stevens County,1888,1390,64178,68938,1.0778,22.8,3.5,0,0,78,96,133
2855400,Pass Christian city,2481,1574,78212,87500,1.0776,33.7,2.9,0,0,130,129,139
4823044,Elgin city,4375,3479,91114,95664,1.0776,18.5,1.9,0,0,89,115,72
0636546,Inglewood city,37524,27718,72750,78734,1.0776,23.4,2.7,1,0,-2582,-2672,1445
3958520,Ontario city,2732,1772,68539,73908,1.0775,29.8,5.3,0,0,117,169,209
0618394,Delano city,12071,8929,67010,71737,1.0775,23.6,2.5,1,0,-46,79,437
3904920,Bedford Heights city,5520,3793,50269,54630,1.0774,28.8,2.5,1,0,-222,-155,211
1371604,Snellville city,7135,5137,89896,98751,1.0774,27.0,1.0,1,0,-14,20,9
2656360,Muskegon Heights city,3847,2746,35239,38042,1.0774,23.0,5.7,1,0,-79,-94,139
3126910,Lexington city,3472,2686,67666,73708,1.0774,21.1,1.6,1,0,362,348,192
1374180,Sugar Hill city,8750,7257,107389,113630,1.0771,16.0,1.1,1,0,-133,-114,-97
37093,Hoke County,19258,14822,64912,69854,1.0771,20.5,2.5,1,0,132,110,132
4514095,Chester city,2115,1481,46138,49795,1.0771,29.4,0.6,0,0,-104,25,136
3957862,Obetz city,2537,2005,87304,94268,1.077,15.5,5.4,0,0,35,22,-2
02013,Aleutians East Borough,1045,646,65365,75000,1.0769,28.6,9.6,0,0,67,79,46
1716691,Country Club Hills city,5569,4105,75197,80958,1.0769,26.3,0.0,0,0,-73,-156,-114
0162496,Prichard city,6986,4729,36588,39961,1.0768,31.1,1.2,0,0,174,183,286
1772000,Springfield city,51040,34074,66064,70405,1.0768,29.3,3.9,1,0,1486,1657,497
2258045,Opelousas city,6278,4441,32964,35908,1.0767,28.0,1.3,0,0,-292,-180,313
4960710,Plain City city,2577,2028,132766,141370,1.0767,19.3,2.0,1,0,3,3,-3
0126896,Florence city,17745,11089,52174,56188,1.0767,26.7,10.8,1,0,697,846,898
2961238,Republic city,8439,5856,65729,72764,1.0766,24.2,6.4,0,0,291,299,217
1767769,Sauk Village village,3070,2250,69973,76027,1.0766,24.4,2.3,0,0,-106,-36,53
0570010,Trumann city,3120,2152,38881,41682,1.0766,28.2,2.8,0,0,-19,-85,91
05069,Jefferson County,24017,15505,51096,54762,1.0765,32.2,3.2,1,0,477,569,1152
1747540,Matteson village,7404,4837,95457,103757,1.0764,34.7,0.0,1,0,-146,-143,-79
21075,Fulton County,2550,1625,38217,41453,1.0764,33.9,2.4,0,0,34,17,94
1763706,Richton Park village,5481,3791,64554,72309,1.0764,30.5,0.4,0,0,8,37,17
2054450,Park City city,2903,2155,74301,79960,1.0764,20.6,5.2,0,0,126,146,112
4157450,Philomath city,2509,1564,83672,87234,1.0764,28.2,9.4,0,0,-34,0,45
5537675,Jackson village,3617,2441,93170,100770,1.0763,24.5,8.0,1,0,99,136,128
02240,Southeast Fairbanks Census Area,2497,1703,73882,80201,1.0763,27.8,4.0,1,0,71,42,0
47153,Sequatchie County,6194,3861,58750,63107,1.0763,36.0,1.6,0,0,185,275,27
05053,Grant County,6978,4691,71549,76591,1.0763,30.2,2.6,1,0,103,106,80
0614890,Colton city,16897,13260,71208,77990,1.0763,19.4,2.2,1,0,-933,-721,-5
0178204,Valley city,3954,2673,51661,56015,1.0762,28.8,3.6,0,0,126,154,245
2119432,Cynthiana city,2461,1537,54647,58956,1.0761,31.6,5.9,0,0,160,228,76
4251144,Morrisville borough,4084,2989,99526,106913,1.0761,23.3,3.5,0,0,95,97,102
0660466,Rialto city,27047,20418,88857,95509,1.076,22.2,2.3,1,0,-583,-481,-373
4148600,Milton-Freewater city,2452,1766,52183,57365,1.076,25.4,2.6,0,0,69,60,237
40047,Garfield County,23893,15847,66182,72067,1.076,28.8,4.9,1,0,1229,1222,970
47035,Cumberland County,28195,14737,60375,64922,1.0758,45.4,2.3,1,0,541,572,649
12033,Escambia County,129027,86212,67500,73591,1.0757,28.6,4.6,1,0,-1931,15,1099
2183676,Winchester city,8551,5646,54378,59703,1.0757,28.1,5.9,1,0,97,194,235
40029,Coal County,2051,1254,50423,54262,1.0757,35.6,3.3,1,0,68,76,91
12079,Madison County,6976,4171,48485,52690,1.0756,37.0,3.3,0,0,-147,-94,168
2627880,Ferndale city,10348,8461,94640,102970,1.0756,14.5,3.7,1,0,416,406,384
1879370,Wabash city,4433,3040,53410,58648,1.0756,30.0,1.5,1,0,155,191,57
0659962,Redlands city,25152,18169,105041,113226,1.0756,25.3,2.4,1,0,-594,-363,18
72095,Maunabo Municipio,4250,2224,18045,20252,1.0756,46.8,0.9,0,0,50,-12,103
5165008,Purcellville town,2875,2296,165121,181156,1.0755,19.2,0.9,1,0,22,29,6
1917265,Creston city,3358,2130,52633,57232,1.0755,30.6,6.0,1,0,74,119,91
22027,Claiborne Parish,5155,3061,32831,35011,1.0755,38.8,1.8,0,0,-104,-56,112
1351670,Milton city,15225,12782,171295,191569,1.0755,15.4,0.6,1,0,666,730,260
2229850,Gonzales city,5531,3893,75451,81236,1.0754,25.9,3.7,0,0,131,178,291
4842388,Leon Valley city,4571,3001,59481,63021,1.0754,30.9,3.5,1,0,-17,97,20
3459070,Pitman borough,3621,2419,98489,104394,1.0754,31.4,1.8,0,0,40,47,38
05061,Howard County,5098,3371,45603,49176,1.0754,31.5,2.4,0,0,129,118,98
3664325,Rye Brook village,3412,2316,246944,237929,1.0753,32.1,0.0,0,0,131,123,78
2120350,Dayton city,2533,1837,65992,73336,1.0753,22.2,5.3,0,0,43,10,14
0601640,American Canyon city,5988,4503,121700,130175,1.0753,22.6,2.2,1,0,-209,-185,89
2757346,St. Michael city,7189,5730,131274,143972,1.0752,17.6,2.7,1,0,22,35,22
1735411,Hoffman Estates village,18537,13649,106806,118256,1.0751,25.2,1.2,1,0,181,135,138
06053,Monterey County,132489,91982,97230,104545,1.075,27.9,2.7,1,0,-2941,-3195,2793
48247,Jim Hogg County,1279,831,42211,46656,1.0749,25.8,9.2,0,0,67,132,8
4974480,Sunset city,1722,1398,76364,83367,1.0749,12.1,6.7,0,0,30,33,42
3933012,Hamilton city,24858,17235,55166,59445,1.0749,25.3,5.3,1,0,65,420,742
2179482,Versailles city,4338,2907,62368,68838,1.0748,30.1,2.9,0,0,57,84,128
1710906,Campton Hills village,3695,2484,209134,228926,1.0747,32.8,0.0,0,0,0,0,-2
0613945,Clearlake city,6088,3981,41867,46025,1.0747,32.5,2.1,0,0,28,-41,-169
0563020,Searcy city,8776,5431,52170,57835,1.0746,27.7,10.4,1,0,361,461,552
5572925,Shawano city,4157,2876,57490,60344,1.0745,27.7,3.1,0,0,267,281,103
4826604,Forney city,9837,8219,104112,114813,1.0745,14.4,2.0,1,0,-231,-163,-108
28115,Pontotoc County,11819,8448,51484,56185,1.0744,25.5,3.0,1,0,494,487,500
1323536,Doraville city,3743,3008,67235,75049,1.0743,18.6,1.0,0,0,-399,-446,-49
2904384,Belton city,10429,7823,69226,74295,1.0742,23.1,1.9,1,0,106,248,171
06033,Lake County,26940,15730,60621,65453,1.0741,39.5,2.1,1,0,134,-100,-223
4829840,Glenn Heights city,5950,5066,81718,87373,1.0741,14.0,0.9,0,0,-190,-194,-213
0677574,Taft city,2651,1966,72772,70000,1.0741,25.8,0.0,0,0,140,108,162
3422440,Fair Haven borough,2046,1633,250001,246954,1.0741,18.9,1.3,0,0,28,25,-9
1239081,Lake Worth Beach city,15493,11069,61200,66075,1.0738,23.7,4.9,1,0,-610,-844,-98
1766027,Round Lake village,6430,5330,111977,119145,1.0738,16.5,0.6,1,0,-45,-34,-24
4159850,Prineville city,4791,3199,72980,76161,1.0737,29.3,3.9,1,0,64,96,168
3638748,Johnson City village,6563,3922,56283,60288,1.0737,30.6,9.6,1,0,-81,28,224
3562060,Raton city,2683,1531,52641,56691,1.0737,41.4,1.5,0,0,98,141,160
2637420,Hazel Park city,6804,5191,67073,74024,1.0736,21.0,2.7,1,0,5,230,188
0613214,Chino Hills city,25340,19848,126334,135932,1.0736,20.5,1.2,1,0,-1411,-1080,-1442
4837000,Irving city,94845,77508,81830,88650,1.0736,13.0,5.3,1,0,-313,348,2533
48185,Grimes County,10255,6744,69803,75056,1.0736,31.6,2.6,0,0,137,123,93
4133700,Hermiston city,6564,5233,66998,73088,1.0736,18.0,2.3,1,0,253,312,234
0671876,Signal Hill city,4545,3447,113298,116876,1.0735,20.6,3.5,1,0,147,104,201
13249,Schley County,1639,1211,56875,60988,1.0735,24.1,2.0,0,0,19,32,38
12029,Dixie County,6236,3379,50110,53892,1.0734,44.3,1.5,0,0,50,71,114
37065,Edgecombe County,19652,12193,51265,54795,1.0734,35.0,2.9,1,0,-138,114,909
1222550,Flagler Beach city,2638,1432,84632,86490,1.0733,45.7,0.0,0,0,-74,-74,-55
2653920,Milan city,2605,1782,96949,103545,1.0733,28.8,2.8,1,0,66,71,49
51025,Brunswick County,6477,3910,53084,57707,1.0733,37.7,1.9,1,0,2,47,193
1241825,Lynn Haven city,8263,5897,80973,92386,1.0731,23.1,5.6,0,0,0,92,152
1047940,Millsboro town,3276,1973,78707,84475,1.0731,37.5,2.3,1,0,66,74,88
13171,Lamar County,7133,4793,67062,74391,1.0731,31.3,1.5,1,0,370,342,136
4849800,Mount Pleasant city,5584,4046,50515,54029,1.073,19.9,7.6,1,0,-193,-93,267
1254025,Palm Beach town,5479,1493,168403,192323,1.0729,72.8,0.0,0,0,78,77,78
1862046,Princeton city,3404,2490,57618,59399,1.0729,23.6,3.3,0,0,30,73,135
2937000,Jefferson City city,17529,11565,66371,73498,1.0729,27.3,6.7,1,0,974,898,384
4874492,University Park city,6964,5429,250001,246029,1.0727,19.0,3.0,0,0,121,103,20
4813492,Cedar Hill city,16643,13387,101909,108452,1.0726,18.7,0.8,1,0,-595,-482,-231
4167050,Sheridan city,1653,1096,70785,75661,1.0725,31.0,2.7,0,0,-9,1,11
1248100,Neptune Beach city,3229,2191,119294,118470,1.0725,26.8,5.4,1,0,-6,-6,2
3251800,North Las Vegas city,88909,68590,79542,86475,1.0725,20.2,2.7,1,0,-3027,-2736,-1098
0639178,Laguna Beach city,10839,6498,143843,151355,1.0724,38.9,1.2,0,0,-234,-194,30
4285592,Wilson borough,2888,2102,82902,85171,1.0724,26.5,0.7,0,0,-37,-20,85
0620018,Dublin city,24165,20692,214385,229246,1.0723,13.6,0.8,0,0,659,1008,375
4227456,Franklin city,2622,1621,47117,52579,1.0722,34.8,3.4,0,0,164,139,140
0619402,Dixon city,6813,5242,102878,112368,1.072,22.7,0.4,1,0,90,18,16
0114392,Chickasaw city,2305,1716,46559,50515,1.072,22.4,3.2,0,0,-56,-23,63
47045,Dyer County,14769,10519,58154,61822,1.0719,25.6,3.2,1,0,622,670,829
3476490,Wallington borough,4726,3518,85862,90894,1.0719,23.3,2.3,1,0,-52,-43,164
4817960,Crowley city,6269,4736,95030,99487,1.0718,21.6,2.8,1,0,85,105,68
1368516,Sandy Springs city,51647,39875,104340,112788,1.0717,18.6,4.2,1,0,418,420,483
47095,Lake County,2067,1328,28814,31250,1.0717,30.9,4.9,0,0,19,20,31
1217935,Doral city,26138,22304,94164,101545,1.0717,11.8,2.9,1,0,-1604,-2559,-2131
1245975,Miramar city,45029,35492,89125,97522,1.0716,19.1,2.1,1,0,-1525,-1767,-1183
37099,Jackson County,18430,10862,55815,59903,1.0716,30.8,10.2,1,0,684,759,853
0600947,Aliso Viejo city,19633,15750,142439,154434,1.0716,18.3,1.5,1,0,-465,-36,609
3886220,Williston city,11360,8768,79381,82898,1.0714,16.5,6.3,0,0,1150,1117,523
4964010,Riverdale city,3459,2537,67323,72622,1.0714,22.9,3.7,0,0,-200,-131,29
4808236,Big Spring city,9061,6719,67581,72831,1.0712,19.2,6.6,1,0,125,271,251
3622260,East Hills village,2169,1556,250001,260072,1.071,28.3,0.0,0,0,0,0,0
5502250,Antigo city,4064,2439,45520,48593,1.071,33.8,6.2,1,0,98,56,72
0654386,Oroville city,6976,5127,52270,58088,1.071,23.8,2.7,0,0,-209,-23,30
1708225,Bridgeview village,6065,4521,66655,72527,1.071,25.0,0.4,1,0,203,265,64
1914520,Clive city,7053,5188,132121,140325,1.0709,25.6,0.8,1,0,123,130,103
4971290,Spanish Fork city,12359,9536,104844,113331,1.0709,18.6,4.2,1,0,174,133,108
3663000,Rochester city,93261,68506,47213,50540,1.0709,20.2,6.3,1,0,-4930,-4153,2723
4914290,Clinton city,6719,5481,116194,122479,1.0709,16.7,1.8,1,0,-27,-19,-26
2607520,Benton Harbor city,3624,2770,31117,33650,1.0708,18.8,4.7,1,0,138,97,40
54047,McDowell County,6467,3809,31559,34335,1.0707,39.1,2.0,1,0,6,15,112
4859540,Primera town,1471,1139,80116,84440,1.0707,20.6,2.0,0,0,53,47,48
0571480,Van Buren city,9149,6240,61149,66343,1.0706,27.3,4.4,1,0,490,485,475
4274888,Stroudsburg borough,2603,1645,66674,71641,1.0706,34.2,2.6,0,0,-65,-122,-32
4227120,Fox Chapel borough,1725,1190,243625,246649,1.0706,31.0,0.0,0,0,48,49,12
3680203,West Haverstraw village,3153,2326,86301,94627,1.0705,25.0,1.3,0,0,-146,-100,89
1224125,Fort Myers city,38364,24089,63732,69434,1.0703,33.4,3.8,1,0,-2261,-2162,-70
0603092,Atherton town,2227,1271,250001,264643,1.0703,42.9,0.0,0,0,33,44,-18
4275832,Swoyersville borough,2394,1538,71555,77322,1.0701,35.8,0.0,0,0,58,57,62
0618996,Desert Hot Springs city,11379,8162,52761,57880,1.0701,23.6,4.6,1,0,21,-159,-20
1733136,Harrisburg city,3464,2311,43415,45861,1.0701,30.5,2.8,0,0,53,86,74
2836000,Jackson city,61415,43610,42071,45226,1.0701,24.6,4.4,1,0,-3837,-4362,1611
0654652,Oxnard city,52828,39017,96212,103005,1.0699,24.0,2.2,1,0,-812,-1080,616
2652940,Melvindale city,4250,3231,42185,46548,1.0699,21.7,2.3,0,0,70,-8,115
13095,Dougherty County,34280,22827,49044,52305,1.0698,28.0,5.4,1,0,-155,232,2157
2153130,Monticello city,2385,1641,44952,48091,1.0698,28.3,2.9,0,0,-18,67,136
4720620,Dickson city,6583,4790,69678,74497,1.0696,24.0,3.3,1,0,409,442,142
4749060,Millington city,4640,3204,49979,53438,1.0696,27.1,3.8,1,0,83,88,116
25007,Dukes County,7584,4347,125786,135126,1.0695,42.3,0.4,0,0,36,49,47
0512820,Centerton city,7858,6646,115713,124776,1.0695,12.7,2.8,1,0,292,278,309
0159760,Pike Road city,3679,2869,117091,126246,1.0694,19.9,2.1,0,0,21,24,-36
4825452,Farmers Branch city,15810,12328,91186,100051,1.0694,16.4,5.6,1,0,-589,2,336
4965770,Salem city,2970,2192,111117,118014,1.0694,21.1,5.1,1,0,20,16,15
1625570,Emmett city,2971,2142,58750,60938,1.0693,26.2,1.7,1,0,164,196,57
08097,Pitkin County,9215,6077,102645,107693,1.0693,28.7,5.3,1,0,-283,-193,185
5323515,Federal Way city,35717,26324,86909,94712,1.0693,23.4,2.9,1,0,-1364,-999,643
08015,Chaffee County,9863,6129,84132,88896,1.0692,34.2,3.7,1,0,60,72,71
5357115,Quincy city,2602,1655,87902,89969,1.0692,26.6,9.8,1,0,309,308,287
20157,Republic County,1996,1141,56833,60078,1.0691,39.9,2.9,1,0,78,93,43
4261048,Pittston city,3519,2457,49941,53387,1.069,27.8,2.4,0,0,32,61,68
12047,Hamilton County,4281,2493,50144,53595,1.069,40.5,1.3,1,0,35,64,113
3440440,Lindenwold borough,9317,6715,55954,59287,1.069,20.6,7.4,0,0,-1054,-991,164
0407940,Buckeye city,32670,24414,99486,106227,1.0688,23.6,1.7,1,0,-83,-91,-82
0633588,Highland city,16265,12327,77120,83293,1.0688,22.6,1.6,1,0,-463,-411,-231
1705248,Bensenville village,7015,5047,79515,85638,1.0687,25.1,3.0,1,0,568,622,145
4820092,DeSoto city,20693,15409,82782,89634,1.0687,24.7,0.8,1,0,-791,-617,-79
08011,Bent County,1875,1177,50179,53507,1.0687,31.5,5.8,0,0,84,54,6
3729160,Hamlet city,2455,1636,41590,44542,1.0687,30.6,2.8,0,0,201,243,71
1311560,Brunswick city,6292,3935,40288,43328,1.0687,33.2,4.3,0,0,-84,-60,163
40067,Jefferson County,2163,1348,48668,52131,1.0685,34.1,3.6,1,0,67,67,67
2854840,Oxford city,9955,6536,64451,69596,1.0685,21.4,13.0,1,0,314,385,542
0673220,South Pasadena city,10220,8217,127175,138096,1.0684,19.0,0.6,1,0,123,290,590
2144686,Leitchfield city,2741,1830,44347,47154,1.0683,31.9,1.3,0,0,155,124,107
0656938,Piedmont city,3864,2444,250001,273039,1.0682,36.3,0.5,0,0,63,76,25
4824768,Euless city,23899,18754,82167,91081,1.0681,17.2,4.4,1,0,-195,272,645
01121,Talladega County,33644,22735,57776,60705,1.0681,29.8,2.6,1,0,780,785,962
0645022,Madera city,17526,13820,63933,68112,1.0681,19.5,1.6,1,0,-919,-905,111
01101,Montgomery County,91381,63143,59386,63373,1.068,27.2,3.7,1,0,-1007,182,3279
5566000,Racine city,31970,22669,57740,61494,1.068,24.8,4.3,1,0,-121,275,778
4811224,Bulverde city,2469,1376,112188,114744,1.068,39.9,4.3,0,0,32,25,66
1704351,Beardstown city,2328,1647,60587,65209,1.068,24.7,4.6,0,0,170,190,117
5640120,Jackson town,4503,3882,118991,123250,1.068,12.3,1.5,0,0,131,107,139
1634390,Hailey city,3751,2756,90760,98649,1.0679,23.0,3.5,0,0,61,114,105
4755120,Oak Ridge city,14015,9373,72311,78459,1.0679,30.0,3.2,1,0,542,580,236
5119728,Covington city,2576,1703,41944,46372,1.0677,32.4,1.5,0,0,-19,-28,36
51580,Covington city,2576,1703,41944,46372,1.0677,32.4,1.5,0,0,-19,-28,36
4023950,Enid city,19745,13076,62125,67595,1.0677,28.2,5.6,1,0,1168,1135,779
1780333,West Frankfort city,2978,2062,47898,51556,1.0677,26.3,4.4,0,0,54,80,63
2718662,Elko New Market city,1557,1388,152150,162958,1.0677,10.9,0.0,1,0,12,13,
13063,Clayton County,105941,81950,59806,63894,1.0676,19.3,3.3,1,0,-5903,-6862,821
06039,Madera County,45379,31917,76627,81747,1.0676,28.2,1.5,1,0,-293,-142,255
40149,Washita County,4131,2660,63501,68159,1.0675,32.2,3.4,1,0,209,204,189
3953970,New Albany city,3651,2941,238250,252508,1.0674,19.4,0.0,0,0,93,101,-4
38105,Williams County,15154,11700,85595,90653,1.0674,16.7,6.1,1,0,1203,1039,669
0604996,Bell Gardens city,9713,7608,62298,67623,1.0673,18.7,3.0,1,0,-539,-800,465
3759280,Sanford city,11359,8098,57586,60766,1.0673,25.1,3.6,0,0,-37,97,678
2002300,Arkansas City city,4799,3225,49629,52985,1.0672,27.8,5.0,0,0,119,146,164
5355785,Port Orchard city,6965,5014,89795,102372,1.0671,22.8,5.2,0,0,-130,-6,29
48051,Burleson County,7900,5127,70000,75096,1.0671,34.0,1.1,1,0,43,81,195
4846452,Mansfield city,25368,19848,121126,127121,1.0671,18.7,3.1,1,0,-331,-161,-588
4813684,Celina city,10324,8801,170894,181177,1.0671,14.0,0.7,1,0,38,47,-33
1846908,Marion city,10960,6679,43343,46714,1.067,32.6,6.5,1,0,212,290,331
0422220,El Mirage city,11120,8858,78050,85330,1.0669,17.1,3.2,1,0,-200,-152,3
0655156,Palmdale city,46373,35856,81770,86931,1.0668,20.6,2.1,1,0,-1640,-1757,770
1383420,Winder city,7380,5907,63779,69807,1.0668,19.0,1.0,1,0,-26,65,77
30005,Blaine County,2280,1388,64813,71225,1.0667,33.8,5.3,1,0,110,106,99
3980892,Warren city,16871,10940,37887,40934,1.0665,29.6,5.5,1,0,-886,-985,385
0682590,Victorville city,38136,29491,74410,79222,1.0665,20.4,2.2,1,0,-1046,-1221,-426
4833200,Hempstead city,1901,1510,60041,64200,1.0664,11.9,8.6,0,0,-35,0,37
1373784,Stonecrest city,20995,15565,64591,69668,1.0664,21.4,4.4,1,0,-2006,-1937,101
4839148,Killeen city,59769,46661,60977,65397,1.0664,13.5,8.4,1,0,-368,-327,1947
4529815,Goose Creek city,17780,13264,88178,94600,1.0664,18.9,6.5,1,0,-234,-52,269
3632754,Haverstraw village,3740,2658,75167,80073,1.0663,27.1,1.8,0,0,-148,-206,32
2919396,Dexter city,3249,1975,51701,56003,1.0663,32.3,6.9,0,0,181,184,236
0642370,Loma Linda city,9386,7142,82353,92503,1.0662,21.1,2.8,1,0,-592,-450,-189
0809555,Brush city,2000,1372,73382,77412,1.0661,25.1,6.3,0,0,-6,4,67
1760287,Plainfield village,14634,12268,144000,153497,1.0661,15.7,0.5,1,0,45,80,-37
0206520,Bethel city,2095,1724,117255,125898,1.0661,13.8,3.9,1,0,88,99,85
4766720,Savannah city,2765,1808,39712,42314,1.066,28.3,6.3,0,0,16,22,161
3448300,Morristown town,9069,6892,121340,129545,1.0659,20.4,3.6,1,0,-224,-163,-94
2876720,Vicksburg city,7942,5367,45781,48623,1.0658,30.8,1.7,1,0,265,199,350
3667638,Sleepy Hollow village,4208,3030,104313,116031,1.0658,27.3,0.7,0,0,-77,-45,202
2105842,Berea city,5519,3909,59495,63715,1.0656,23.6,5.6,1,0,343,404,263
2715832,Detroit Lakes city,4455,2663,62958,66136,1.0655,35.9,4.3,0,0,119,123,131
5100148,Abingdon town,3999,2567,54544,58459,1.0654,31.4,4.4,1,0,193,214,228
20061,Geary County,14158,9904,59317,62729,1.0654,15.0,15.1,1,0,314,547,1030
4715160,Clarksville city,67832,52229,69303,74591,1.0654,15.3,7.7,1,0,-605,467,2018
35041,Roosevelt County,7441,4708,52685,57918,1.0654,26.1,10.6,0,0,213,377,502
2810140,Byram city,5200,4058,70445,75637,1.0653,21.5,0.4,1,0,32,159,186
4737640,Jackson city,27541,19035,53032,57995,1.0652,26.5,4.4,1,0,-929,-587,465
02063,Chugach Census Area,2861,2123,90509,97152,1.0652,21.7,4.1,0,0,126,96,39
4974810,Syracuse city,9721,7918,133443,144250,1.0652,16.9,1.6,1,0,-8,27,-60
3418070,Dover town,6661,4714,73737,76679,1.0651,27.9,1.4,1,0,-122,-215,-114
0604030,Barstow city,9145,6808,53380,55441,1.065,21.5,4.0,0,0,-161,-158,111
1257550,Plant City city,14612,10530,67439,71623,1.0649,23.9,4.0,1,0,-268,-110,70
4807156,Bee Cave city,4164,3129,111172,119291,1.0648,23.7,1.2,0,0,-18,-1,61
1379528,Villa Rica city,6120,4861,87803,91180,1.0648,19.7,0.9,1,0,275,312,120
4804600,Aubrey city,3091,2492,101574,108615,1.0648,14.6,4.8,1,0,-100,-88,-61
3915070,Circleville city,5769,3692,60296,64406,1.0648,31.2,4.8,1,0,418,537,87
4281328,Washington city,6023,4207,52975,56778,1.0648,24.6,5.6,1,0,119,207,202
4173700,Tillamook city,2054,1391,58176,62379,1.0647,30.4,1.9,1,0,-10,-37,28
3436480,Keansburg borough,3737,2895,81428,91093,1.0647,20.1,2.4,0,0,-147,-66,107
2758018,St. Paul Park city,2367,1858,100642,109117,1.0646,21.5,0.0,1,0,5,20,78
16043,Fremont County,4654,3113,72683,76917,1.0644,31.1,2.0,1,0,134,135,104
1331908,Gainesville city,16088,10622,66974,70344,1.0642,27.2,6.8,1,0,-320,-254,436
0614260,Coachella city,12473,10237,68596,71362,1.0642,15.9,2.1,1,0,167,167,20
1806616,Boonville city,2672,1776,63580,68159,1.0641,29.8,3.7,0,0,191,167,35
3988084,Zanesville city,10601,6826,43280,46559,1.064,28.5,7.1,1,0,-208,-75,510
41049,Morrow County,4326,2925,75448,80927,1.064,28.5,3.8,0,0,139,159,155
31173,Thurston County,1990,1454,69177,74030,1.064,24.7,2.3,1,0,124,129,89
27105,Nobles County,7674,5171,66101,71979,1.064,27.7,4.9,1,0,333,320,131
48411,San Saba County,2090,1200,55819,60543,1.0639,40.2,2.3,0,0,82,118,74
3744520,Morrisville town,12300,10722,125396,133306,1.0639,7.7,5.1,1,0,811,899,888
4838332,Justin city,1842,1565,114157,124167,1.0638,15.0,0.0,0,0,-17,16,6
3937842,Jackson city,2781,1815,53538,54696,1.0638,29.7,5.0,0,0,116,119,140
1916230,Coralville city,9985,7115,69144,73917,1.0638,19.7,9.1,1,0,369,479,140
3657023,Pelham Manor village,1978,1415,250001,264723,1.0636,28.5,0.0,0,0,46,42,16
2705752,Big Lake city,4036,3533,120549,127257,1.0635,10.3,2.1,1,0,33,26,27
28051,Holmes County,6157,4052,32538,36033,1.0635,31.3,2.9,0,0,-59,-20,219
1215475,Crestview city,10893,8009,65480,70465,1.0634,18.3,8.2,1,0,87,15,163
4839952,Kyle city,20714,16321,90323,96960,1.0634,13.8,7.4,1,0,-286,-119,299
1762016,Prospect Heights city,6679,4669,85008,90956,1.0633,29.5,0.6,0,0,159,248,177
4841800,Lavon city,2077,1776,131303,148630,1.0633,11.6,2.9,0,0,6,8,-2
1830042,Griffith town,6969,4506,76636,82268,1.0632,30.8,4.6,1,0,480,513,344
3923730,East Liverpool city,3991,2572,34009,36484,1.063,31.8,3.8,0,0,42,-32,107
2931708,Herculaneum city,1865,1459,93438,96644,1.063,21.4,0.4,0,0,-71,-67,
37043,Clay County,5081,2538,56971,61410,1.063,48.4,1.7,0,0,59,30,30
4863668,Royse City city,6573,5396,116660,123061,1.0629,13.7,4.2,1,0,-224,-186,-198
1339076,Hiram city,1841,1570,85119,91039,1.0629,14.7,0.0,0,0,-191,-167,-4
0816495,Commerce City city,22415,18874,111972,120240,1.0628,13.9,1.9,1,0,-186,-140,-3
0474190,Tolleson city,2700,1753,59626,62929,1.0628,27.9,7.1,0,0,-235,-161,60
48341,Moore County,7157,5511,61762,66474,1.0627,18.5,4.5,1,0,322,356,325
4275816,Swissvale borough,4352,3051,60341,64081,1.0627,27.8,2.1,1,0,-111,9,82
3246000,Mesquite city,10016,3766,75227,79974,1.0627,61.2,1.2,1,0,-19,0,114
3647636,Mineola village,8573,6570,137739,145347,1.0627,22.3,1.1,1,0,114,116,88
0654274,Orland city,2777,2029,64945,67575,1.0626,25.7,1.2,0,0,67,64,124
1848798,Michigan City city,13008,8447,53089,56467,1.0626,31.2,3.8,1,0,-72,112,878
0639003,La Cañada Flintridge city,6367,4157,241875,247896,1.0625,34.6,0.1,0,0,84,103,19
3732260,Holly Springs town,14982,12541,135578,145854,1.0624,15.3,1.0,1,0,122,175,107
2930214,Hannibal city,6891,4193,53721,56187,1.0624,31.8,7.3,0,0,177,228,404
4847496,Melissa city,6169,5493,138763,144574,1.0623,11.0,0.0,1,0,-17,37,-145
0555310,Pine Bluff city,14152,9348,42718,45335,1.0623,30.5,3.5,1,0,-83,-14,687
1251075,Ocoee city,15588,12692,98911,105843,1.0622,17.4,1.2,1,0,-609,-500,-348
47049,Fentress County,7831,4721,51149,54411,1.0622,36.9,2.8,1,0,26,63,161
0624680,Fontana city,58362,47512,102821,108864,1.0622,17.3,1.3,1,0,-425,-580,-629
4807132,Bedford city,20658,14896,83971,87500,1.0621,25.4,2.5,1,0,293,368,370
3476730,Wanaque borough,4401,3033,113175,119487,1.0621,31.1,0.0,1,0,37,36,48
13055,Chattooga County,9154,5763,50285,53490,1.0621,32.7,4.3,1,0,25,112,335
4838896,Kennedale city,3232,2469,118794,120206,1.062,20.4,3.2,0,0,20,25,-7
4841164,Lamesa city,3409,2103,49007,52566,1.0619,28.5,9.9,0,0,-54,-20,1
1222175,Fernandina Beach city,6464,3267,97903,97867,1.0619,48.4,1.1,0,0,-2,-2,-1
28027,Coahoma County,8404,5614,37461,39853,1.0619,30.0,3.2,1,0,-119,52,435
0632548,Hawthorne city,30030,24192,75848,80733,1.0619,16.9,2.6,1,0,-2889,-2425,1355
1758447,Pekin city,13503,8899,60790,64758,1.0617,30.0,4.1,1,0,551,578,221
3755900,Reidsville city,6614,4299,42921,45059,1.0617,33.6,1.4,1,0,113,222,216
29143,New Madrid County,6695,4420,51881,54717,1.0617,30.5,3.5,1,0,245,275,276
1901990,Anamosa city,1960,1310,60650,65439,1.0617,28.8,4.3,0,0,98,111,10
3647988,Monroe village,2848,2259,109851,119472,1.0615,19.8,0.9,0,0,-13,1,18
4126050,Florence city,4614,1917,53333,57621,1.0615,57.7,0.8,0,0,-140,-116,183
1773157,Streamwood village,13057,9783,101218,107553,1.0615,24.3,0.7,1,0,-116,-83,1
1267325,South Daytona city,6501,4297,56579,59425,1.0614,30.6,3.3,1,0,-540,-564,146
45013,Beaufort County,82333,45540,86573,93538,1.0614,41.0,3.7,1,0,-775,-772,-488
1342604,Jonesboro city,2000,1502,50843,54116,1.0614,18.5,6.4,0,0,-81,-85,43
1218550,Dundee town,1981,1319,48668,52301,1.0613,31.3,2.1,0,0,3,-45,-132
21115,Johnson County,9040,5977,44904,47685,1.0613,28.8,5.1,0,0,131,144,330
2924094,Festus city,5091,3592,73532,75299,1.0613,27.5,1.9,0,0,324,332,148
3530490,Grants city,2919,1966,47183,51060,1.0613,27.7,4.9,0,0,8,1,118
47069,Hardeman County,9110,5830,46069,48914,1.0612,34.0,2.0,1,0,61,75,318
18079,Jennings County,10944,7326,69322,74685,1.0612,27.8,5.2,1,0,306,369,358
4519420,Dillon city,2512,1673,35891,38779,1.0612,32.1,1.3,0,0,9,42,90
4505680,Bennettsville city,2830,1776,37115,41621,1.0609,34.2,3.0,0,0,33,108,125
3966894,Richmond Heights city,4910,2973,60833,63872,1.0609,38.6,0.8,1,0,267,278,84
5550200,Mayville city,2361,1527,66834,70540,1.0609,33.2,2.1,0,0,95,91,19
48275,Knox County,1246,854,56667,62457,1.0608,29.9,1.6,0,0,57,59,35
2200415,Addis town,2886,2395,108041,113520,1.0608,13.7,3.3,1,0,70,59,69
3421480,Englewood city,11274,8058,102571,109120,1.0606,27.3,1.3,1,0,-112,-232,-264
3410000,Camden city,24443,18294,40546,42965,1.0605,22.4,2.8,1,0,-285,-616,394
4913850,Clearfield city,11268,8694,75495,79831,1.0605,15.7,7.1,0,0,-370,-306,125
13087,Decatur County,10621,7039,53317,55968,1.0605,29.9,3.8,1,0,224,282,544
2732174,Jordan city,2154,1831,110057,113826,1.0604,13.4,1.6,1,0,28,27,26
0128696,Gadsden city,12746,8260,40345,42789,1.0604,31.2,4.0,1,0,-276,-199,632
48107,Crosby County,1929,1252,52188,55347,1.0603,29.9,5.2,0,0,62,61,77
5368750,Sunnyside city,4440,3460,60923,64961,1.0603,18.9,3.2,1,0,144,158,103
4761040,Pulaski city,3483,2357,48538,50510,1.0602,28.2,4.2,0,0,58,74,225
2862600,Ripley city,2229,1291,55444,58028,1.0601,38.5,3.5,0,0,99,93,153
20187,Stanton County,856,562,71700,73866,1.0601,26.1,8.3,0,0,66,62,38
4662100,Sturgis city,3048,2098,54404,61382,1.0601,29.4,1.7,0,0,203,172,52
5352005,Orting city,2920,2333,132877,137899,1.06,18.5,1.6,1,0,-41,-43,-40
5148968,Manassas Park city,5193,4275,103250,108696,1.06,14.5,3.2,0,0,-350,-251,136
51685,Manassas Park city,5193,4275,103250,108696,1.06,14.5,3.2,0,0,-350,-251,136
5300100,Aberdeen city,6535,4153,52195,56838,1.06,31.8,4.7,0,0,-9,127,40
72111,Peñuelas Municipio,7008,4683,22697,23288,1.06,31.5,1.6,1,0,240,233,325
4153000,North Bend city,4193,2483,81320,88025,1.0599,34.2,6.6,0,0,149,125,146
0646828,Mendota city,3256,2449,50342,53312,1.0598,17.3,7.5,1,0,-116,-94,47
4700540,Alcoa city,5000,3324,65714,71082,1.0598,30.1,3.4,0,0,63,74,53
4810720,Brownfield city,3531,2344,42150,44382,1.0598,26.2,7.4,0,0,-1,-29,8
54073,Pleasants County,2769,1927,60932,64549,1.0597,26.7,3.8,0,0,73,74,76
1746357,Manhattan village,3632,3113,128522,139353,1.0596,11.9,2.4,1,0,0,0,-9
0270540,Sitka city and borough,3440,2178,101727,107571,1.0596,29.0,7.6,1,0,85,72,42
02220,Sitka City and Borough,3440,2178,101727,107571,1.0596,29.0,7.6,1,0,85,72,42
4820344,Dickinson city,7722,5788,91779,101145,1.0595,20.6,4.5,1,0,74,111,104
3957190,Northwood city,2240,1711,77268,88864,1.0595,21.2,2.5,0,0,49,65,63
0875640,Superior town,5049,4117,159434,169700,1.0595,14.8,3.6,1,0,195,292,-35
51127,New Kent County,9263,6711,123314,130594,1.0595,27.3,0.3,1,0,31,39,38
01085,Lowndes County,4284,2662,37052,39832,1.0594,33.7,4.1,0,0,9,-14,8
3621105,Dunkirk city,5530,3811,53299,55947,1.0594,28.0,3.1,0,0,235,253,316
28001,Adams County,11464,7185,43644,46054,1.0593,36.5,0.9,1,0,127,208,406
0685586,Williams city,1576,1147,90761,90355,1.0592,21.6,5.6,0,0,110,109,106
35006,Cibola County,8503,5210,50759,53419,1.0592,36.0,2.7,0,0,54,59,181
0680238,Tracy city,28920,23617,121119,128702,1.0591,17.1,1.2,1,0,-1015,-836,-710
1343640,Kingsland city,7470,5877,77944,81830,1.059,15.7,5.6,1,0,15,1,5
1321240,Dahlonega city,1678,670,77516,82796,1.059,40.0,20.1,0,0,-44,-51,-72
5101000,Alexandria city,76096,59382,119681,125671,1.059,18.1,3.9,1,0,-385,274,1202
51510,Alexandria city,76096,59382,119681,125671,1.059,18.1,3.9,1,0,-385,274,1202
1202750,Avon Park city,4721,2926,36485,39167,1.059,37.5,0.6,0,0,49,-29,55
4961150,Pleasant View city,3329,2401,129462,139027,1.059,25.6,2.3,1,0,44,52,50
2707948,Brooklyn Center city,11164,8525,72535,76735,1.0589,20.8,2.8,1,0,117,215,89
1741183,Lake in the Hills village,9692,7868,117151,124504,1.0589,17.4,1.4,1,0,42,72,59
0666140,San Fernando city,6216,4482,83024,92185,1.0589,25.8,2.1,0,0,-244,-200,99
4872296,Terrell Hills city,1846,1331,186400,202229,1.0587,27.9,0.0,0,0,22,23,3
3616749,Cohoes city,8403,5354,61145,65704,1.0586,24.5,11.8,0,0,304,245,83
48353,Nolan County,5886,3762,50747,53925,1.0586,31.6,4.5,1,0,100,103,163
3670420,Spring Valley village,9082,6911,57196,61752,1.0586,21.3,2.7,1,0,-20,-236,290
3761860,Siler City town,3027,2080,46566,49144,1.0585,21.5,9.8,0,0,-30,-30,7
4827984,Gainesville city,6994,4795,58809,61860,1.0585,25.3,6.2,1,0,194,267,132
4701740,Arlington town,4837,4023,135105,139382,1.0583,16.2,0.6,1,0,48,61,-28
40085,Love County,3899,2605,66580,69911,1.0583,28.6,4.5,1,0,235,233,220
2267250,St. Gabriel city,1610,1209,74688,79113,1.0582,18.0,7.0,0,0,97,75,93
1780125,West Dundee village,3230,2481,105368,112474,1.0581,18.5,4.6,1,0,114,96,79
3927706,Forest Park city,7488,5303,75956,81061,1.058,25.6,3.6,1,0,306,380,358
0869645,Sheridan city,2316,1690,60608,65031,1.058,25.6,1.4,1,0,18,-14,11
3645106,Manorhaven village,2509,1855,105486,109647,1.0579,26.1,0.0,0,0,75,48,-4
4221648,Easton city,10352,8104,69348,71898,1.0579,18.7,3.0,1,0,-246,-117,506
2424475,Easton town,7360,4107,74653,79013,1.0579,42.8,1.4,1,0,169,156,30
4077850,Wagoner city,3033,1970,57917,60968,1.0578,29.8,5.3,1,0,75,100,27
13255,Spalding County,26471,17530,62071,65459,1.0576,31.1,2.7,1,0,-140,-10,377
28145,Union County,9849,6532,55505,60179,1.0575,30.1,3.6,1,0,341,455,414
0608786,Buena Park city,24322,18480,110550,120442,1.0574,22.5,1.6,1,0,-849,-650,1166
4809328,Bonham city,2875,2022,57681,59826,1.0574,26.9,2.7,0,0,-52,-35,143
4839928,Krum city,2014,1580,124405,131166,1.0571,19.1,2.5,1,0,5,19,4
2937178,Jennings city,5589,4003,38984,41943,1.0571,28.1,0.3,0,0,-236,-204,141
3635672,Hornell city,3813,2230,47385,50317,1.0569,32.9,8.7,0,0,40,110,63
48393,Roberts County,323,245,67868,73564,1.0569,24.1,0.0,0,0,15,16,17
0649138,Moorpark city,11196,8237,148480,157686,1.0568,25.3,1.1,1,0,21,75,71
1957360,North Liberty city,8159,6525,102102,113816,1.0567,13.6,6.5,1,0,243,220,206
3475140,Upper Saddle River borough,2694,2064,250001,253824,1.0567,22.7,0.7,0,0,29,31,-7
1757732,Park Forest village,8129,5652,61072,64936,1.0566,28.5,2.0,1,0,-300,-302,110
1907390,Bondurant city,2952,2386,135674,137687,1.0566,12.4,6.7,0,0,25,25,23
4853130,Oak Point city,2152,1659,126290,133260,1.0566,22.4,0.5,0,0,39,42,35
2200100,Abbeville city,4646,2553,33015,35915,1.0566,33.7,11.3,0,0,-254,-403,259
2862520,Ridgeland city,10782,7812,66038,71944,1.0565,20.5,7.0,1,0,-306,76,346
4627260,Harrisburg city,3008,2674,108724,116386,1.0564,5.0,6.2,1,0,83,59,51
4269752,Sharon Hill borough,1942,1492,75130,79513,1.0563,17.8,5.4,0,0,-70,-21,30
1886084,Yorktown town,4687,3230,81674,84064,1.0563,27.8,3.3,0,0,110,97,92
4528870,Georgetown city,3532,2084,56981,58850,1.0562,38.7,2.3,0,0,67,79,94
4747000,Medina city,1921,1650,107807,111301,1.0561,11.0,3.1,1,0,8,7,82
5320155,East Wenatchee city,5278,3627,77558,84782,1.0561,28.2,3.0,1,0,199,270,271
3482570,Wood-Ridge borough,3910,2892,136108,141463,1.0561,26.0,0.0,1,0,32,66,28
31115,Loup County,244,151,71667,77431,1.0559,35.2,2.9,0,0,11,15,18
72073,Jayuya Municipio,5177,3360,21796,22917,1.0559,34.4,0.7,0,0,-130,-124,-21
1726571,Flossmoor village,3540,2355,133663,144404,1.0558,33.5,0.0,0,0,9,10,6
38013,Burke County,904,580,91591,101263,1.0557,32.0,3.9,0,0,70,57,20
5361115,Sammamish city,22144,18850,239690,249741,1.0556,13.7,1.2,0,0,617,738,99
2071975,Ulysses city,1723,1303,63857,73081,1.0556,24.4,0.0,1,0,225,155,60
0649270,Moreno Valley city,55565,44401,93222,99382,1.0556,18.6,1.5,1,0,-2477,-2986,-1780
3947628,Marietta city,5893,3563,47873,50669,1.0554,32.9,6.7,0,0,-168,-31,211
4934970,Herriman city,17559,15266,122650,127970,1.0554,10.2,2.9,1,0,30,118,101
1250575,Oakland Park city,17045,12725,72708,77287,1.0552,22.3,3.0,1,0,-1068,-1038,-136
22021,Caldwell Parish,3716,2433,47028,49602,1.0552,29.0,5.5,0,0,94,123,-82
13111,Fannin County,11890,6529,57073,61668,1.0552,42.7,2.4,1,0,369,492,469
0408220,Bullhead City city,20952,10444,50556,53464,1.0551,47.4,2.7,1,0,-437,-226,518
0672520,Soledad city,4749,3951,96862,99346,1.0551,11.6,5.2,0,0,-69,-41,115
1330536,Forest Park city,6690,4624,41211,44007,1.0551,25.7,5.2,0,0,27,-156,129
4285188,Wilkinsburg borough,7685,5215,46416,49515,1.0551,27.3,4.9,1,0,39,-57,262
3762520,Smithfield town,4951,3311,43270,46110,1.0551,31.6,1.5,0,0,-71,-16,55
0104660,Bay Minette city,3175,2387,44523,47012,1.0551,20.0,4.8,0,0,33,-3,54
2128918,Franklin city,3991,2830,59052,62179,1.0551,25.4,3.7,0,0,129,273,316
1347616,Lovejoy city,3836,3463,71612,75938,1.0549,9.7,0.0,1,0,85,153,24
51095,James City County,31990,18790,109985,115374,1.0548,39.6,1.6,1,0,222,227,221
0156400,Odenville city,1997,1486,70296,71812,1.0548,19.5,6.1,0,0,-7,-8,25
1355776,Norcross city,7390,6340,75266,79540,1.0548,12.4,1.8,1,0,-876,-760,-17
1732746,Hanover Park village,11233,8718,91763,96960,1.0547,19.4,3.0,1,0,-107,-103,-20
4983390,West Point city,3600,2930,120687,124252,1.0547,16.9,1.7,1,0,21,14,27
48447,Throckmorton County,737,401,59216,60643,1.0547,42.7,2.8,0,0,47,53,36
1254700,Panama City city,15169,10731,62265,67059,1.0546,26.4,2.8,1,0,-373,-514,286
0531190,Helena-West Helena city,3440,2329,36019,37603,1.0545,30.3,2.0,0,0,-74,-96,146
2806220,Biloxi city,19914,13826,57204,61120,1.0545,25.6,5.0,1,0,272,567,1215
2220610,DeRidder city,4095,2725,59801,63098,1.0544,29.4,4.1,1,0,67,80,64
4769420,Smyrna town,20226,15774,81926,85751,1.0543,18.9,3.2,1,0,-65,126,368
4857176,Pflugerville city,24427,20615,117799,122924,1.0542,14.0,1.6,1,0,-16,35,262
3436510,Kearny town,14751,11206,79154,83863,1.0539,21.8,2.2,1,0,-476,-440,348
0873935,Sterling city,5022,2988,43283,45378,1.0539,32.2,8.3,0,0,67,53,152
3501780,Alamogordo city,13200,8642,55952,59191,1.0539,28.5,6.0,1,0,270,302,330
2431175,Gaithersburg city,25772,19544,112467,117539,1.0539,21.8,2.4,1,0,-511,-352,307
3967468,Riverside city,10914,7528,61352,64849,1.0537,24.6,6.5,0,0,330,394,637
4251656,Mount Joy borough,3532,2529,90061,94735,1.0535,26.9,1.5,1,0,175,175,152
4906810,Bluffdale city,5714,4815,129531,139723,1.0535,14.2,1.5,1,0,71,102,62
48405,San Augustine County,2940,1646,50408,53525,1.0535,41.3,2.7,0,0,-19,16,53
3434890,Jamesburg borough,2033,1581,110972,113720,1.0534,22.2,0.0,0,0,-54,-48,15
3459640,Pleasantville city,6803,5285,53661,57868,1.0534,20.4,2.0,1,0,34,-105,21
3741720,Marvin village,1917,1654,250001,255420,1.0534,13.7,0.0,0,0,0,0,0
5300905,Airway Heights city,3732,2908,62874,64914,1.0533,16.7,5.4,1,0,-221,-263,132
1232275,Homestead city,25638,21614,65423,70959,1.0533,13.4,2.3,1,0,-1356,-1658,82
4850100,Murphy city,6015,4877,175699,190316,1.0533,18.4,0.6,1,0,11,11,-146
3950176,Milford city,3339,1901,78057,82016,1.0532,41.6,1.5,0,0,275,304,160
4256792,Olyphant borough,2312,1521,66423,72638,1.0532,27.0,7.2,0,0,207,172,0
4279776,Vandergrift borough,2199,1642,50901,54410,1.0532,22.3,3.0,1,0,174,206,33
4215232,Collingdale borough,3739,3090,51886,56725,1.0531,15.9,1.4,0,0,-46,-19,58
4841212,Lancaster city,14748,11485,68302,72672,1.0531,20.4,1.7,1,0,-300,-337,-409
4923530,Ephraim city,1752,1074,66541,71005,1.053,20.3,18.4,0,0,131,134,51
2380740,Waterville city,6804,4277,53580,56712,1.053,27.0,10.1,0,0,-179,-92,128
1253875,Palatka city,4246,2852,32021,34869,1.0529,28.5,4.3,0,0,126,39,101
4220512,Duryea borough,2170,1403,62462,71355,1.0528,31.4,4.0,0,0,-9,-42,9
30011,Carter County,600,351,54167,60608,1.0528,40.0,1.5,0,0,22,26,47
4805372,Balch Springs city,8247,6400,66942,72280,1.0528,19.4,3.0,0,0,-313,-26,112
48449,Titus County,11156,7773,58425,61687,1.0527,25.6,4.7,1,0,193,380,361
2363590,Rockland city,3565,2272,56533,59739,1.0527,32.3,4.0,0,0,21,41,71
4269216,Selinsgrove borough,1584,938,65650,67580,1.0526,38.4,2.4,1,0,28,45,88
48293,Limestone County,8389,5314,60573,64141,1.0522,33.9,2.7,1,0,307,358,237
4060350,Poteau city,3286,2264,50511,53500,1.0521,26.9,4.2,0,0,22,58,210
12107,Putnam County,31360,18604,47934,50503,1.052,37.6,3.1,1,0,-191,-139,651
4835624,Hutto city,11778,10269,118834,127691,1.052,10.2,2.7,1,0,-125,-71,7
0624092,Fillmore city,5173,3873,92931,97233,1.0519,25.1,0.0,0,0,57,39,24
3716180,Dallas town,2401,1802,58403,59667,1.0518,19.2,5.8,0,0,157,167,-20
4985370,Woods Cross city,3457,2876,120543,126952,1.0517,13.9,2.9,0,0,5,3,9
1779293,Waukegan city,32042,23907,71919,75167,1.0517,21.3,4.1,1,0,600,957,753
72105,Naranjito Municipio,9263,5086,22156,23069,1.0515,44.5,0.6,0,0,219,209,424
5335065,Kelso city,5435,3689,66751,73040,1.0513,28.2,3.9,1,0,297,375,109
4827876,Fulshear city,9977,8692,187035,201598,1.0513,12.9,0.0,0,0,135,145,108
1884014,Whitestown town,4678,3886,123643,129959,1.0512,12.0,4.9,0,0,25,51,0
4865360,San Elizario city,2941,2157,49977,52527,1.0512,22.9,3.7,1,0,79,122,157
0606308,Beverly Hills city,14449,9198,132977,136963,1.0512,35.4,0.9,0,0,-745,-664,-115
1304896,Bainbridge city,5582,3641,45422,47631,1.0512,30.0,4.8,0,0,20,39,246
4803300,Anna city,7753,6880,105593,112615,1.051,10.5,0.7,0,0,-423,-247,-29
4754920,Oakland town,3973,3057,97798,102352,1.051,22.6,0.5,1,0,3,-7,20
0151000,Montgomery city,81241,56371,56811,59509,1.0509,26.7,3.9,1,0,-1842,-997,3155
13227,Pickens County,13430,8164,78930,86716,1.0507,37.1,2.1,1,0,227,252,40
4178900,Warrenton city,2699,1921,70670,77630,1.0506,26.3,2.6,0,0,164,154,97
1714351,Cicero town,24432,18984,70842,74612,1.0505,17.7,4.6,1,0,843,1152,423
1365044,Richmond Hill city,6251,5270,92824,96901,1.0505,12.1,3.6,1,0,-176,-136,-53
1339524,Holly Springs city,6970,5793,113992,115700,1.0504,15.1,1.8,1,0,-166,-137,-101
2661940,Owosso city,6320,4554,54229,56899,1.0502,24.4,3.5,1,0,121,165,221
0653476,Ojai city,3150,1935,82656,93075,1.0502,38.2,0.3,0,0,-120,-109,79
0550450,North Little Rock city,31956,22229,52707,54524,1.0502,24.2,6.2,1,0,-1090,-812,1443
2767288,Virginia city,4088,2710,51720,55827,1.0501,29.5,4.2,0,0,97,117,57
2829460,Grenada city,4946,3663,46303,47790,1.05,23.5,2.4,1,0,101,129,273
0643294,Los Altos Hills town,3025,1536,250001,252308,1.05,49.2,0.0,0,0,-1,1,-48
20031,Coffey County,3545,2244,70346,74723,1.05,33.2,3.5,1,0,95,99,91
1264175,Sarasota city,25751,14000,72105,75964,1.0499,41.3,4.3,1,-1,-463,-479,-370
1935940,Hiawatha city,2936,2147,66270,71954,1.0499,21.8,5.0,0,0,163,169,56
4825572,Fate city,6737,5939,132752,138324,1.0499,11.5,0.3,1,-1,-50,-20,-95
4449960,Newport city,11049,6614,86313,90506,1.0498,32.7,7.4,1,-1,173,236,26
3650353,New Hempstead village,1403,869,126165,133691,1.0498,37.6,0.5,0,0,-1,-2,-1
2150898,Mayfield city,4429,2898,40965,42917,1.0498,27.9,6.6,0,0,2,-3,102
72001,Adjuntas Municipio,6069,3575,19549,20454,1.0495,39.3,1.8,1,-1,28,46,285
0819080,Dacono city,2262,1767,104559,115007,1.0495,16.1,5.8,0,0,-21,-36,-44
48043,Brewster County,4951,3052,56212,59385,1.0494,33.7,4.6,0,0,134,99,242
4810132,Breckenridge city,1984,1326,48000,50811,1.0494,23.7,9.4,0,0,64,98,161
4255664,Norwood borough,2203,1637,96134,101675,1.0493,25.7,0.0,0,0,-65,-43,10
46075,Jones County,342,198,65119,67241,1.0492,40.4,1.8,0,0,22,21,7
0952280,New London city,11794,7671,59098,62091,1.0491,25.3,9.6,1,-1,-566,-648,
1747553,Mattoon city,8121,5274,51597,53699,1.0489,27.3,7.8,1,-1,396,433,316
4801852,Alice city,6100,4115,48676,50409,1.0488,28.5,4.0,0,0,-308,-306,102
1323900,Douglasville city,14104,11576,79107,82045,1.0488,16.0,1.9,1,-1,-349,-305,194
4152450,Newport city,4997,2682,60568,63613,1.0487,42.9,3.4,0,0,-26,-4,61
3939886,Kenton city,3347,2026,56033,58953,1.0487,29.8,9.7,0,0,126,130,78
0575170,White Hall city,2241,1644,78092,78937,1.0487,22.3,4.3,0,0,325,314,407
32011,Eureka County,622,391,70473,74110,1.0486,37.1,0.0,0,0,19,21,17
1879208,Vincennes city,7227,4758,53637,55286,1.0486,26.4,7.7,1,-1,358,391,527
2665440,Pontiac city,25617,18365,44329,46422,1.0485,23.6,4.7,1,-1,-993,-1133,513
2118496,Crestwood city,2447,2094,108046,115169,1.0485,14.4,0.0,0,0,19,25,11
4145250,Madras city,2583,1834,64659,65745,1.0484,23.1,5.9,0,0,71,71,109
29035,Carter County,2038,1274,50000,52420,1.0484,32.9,4.6,0,0,139,150,139
5159496,Orange town,1943,1324,76370,80869,1.0483,25.5,6.3,0,0,236,245,112
2149368,Madisonville city,8271,5377,53860,57397,1.048,29.8,5.2,1,-1,81,102,241
2303950,Belfast city,3400,1574,67679,70625,1.0479,50.2,3.5,0,0,-1,25,134
1783518,Worth village,4433,3284,56288,58246,1.0478,22.1,3.9,0,0,-189,-166,50
4846500,Manvel city,4854,4287,118808,122614,1.0476,10.5,1.2,0,0,-263,-253,-238
0683612,Waterford city,2581,2083,74343,77464,1.0476,17.1,2.2,0,0,72,40,-52
1722255,East St. Louis city,6982,3638,35700,37772,1.0476,46.1,1.7,0,0,-40,-118,85
26085,Lake County,5190,2971,50805,53424,1.0476,40.3,2.5,1,-1,-11,35,133
12021,Collier County,165875,83234,90045,95062,1.0476,48.5,1.3,1,-1,-3019,-2798,-1291
3914128,Cheviot city,3592,2932,53132,55269,1.0474,17.1,1.3,0,0,169,152,45
06051,Mono County,5744,4284,99415,103360,1.0474,24.8,0.7,0,0,64,57,34
56039,Teton County,9830,6982,124172,129647,1.0473,25.7,3.2,1,-1,191,216,244
2665820,Port Huron city,12734,8535,50366,52776,1.0473,27.9,5.1,1,-1,-469,-426,139
4868180,Slaton city,2065,1550,56676,59731,1.0471,22.0,3.0,1,-1,1,9,56
2668380,Richmond city,2456,1806,64719,71842,1.0471,23.9,2.6,0,0,91,61,0
4822720,Edna city,2362,1776,59600,62342,1.047,23.4,1.4,0,0,65,149,121
1661300,Payette city,3160,1776,55208,57838,1.047,38.6,5.2,0,0,140,155,264
05023,Cleburne County,10522,6133,55798,58699,1.0469,39.7,2.0,1,-1,266,311,319
2833700,Horn Lake city,10072,7981,53311,57043,1.0468,17.9,2.9,1,-1,-518,-760,60
2445900,Laurel city,12476,10299,100504,105728,1.0467,14.7,2.8,1,-1,-52,-18,408
3679174,Wesley Hills village,1552,1136,209345,217363,1.0466,26.8,0.0,0,0,-5,-4,-3
40059,Harper County,1333,876,64053,67051,1.0466,32.0,2.3,0,0,78,76,65
1778227,Volo village,2263,1878,160792,172835,1.0465,16.0,1.0,1,-1,94,101,51
4243000,Lewistown borough,3802,2588,40236,42234,1.0465,26.0,5.9,0,0,-49,-39,447
4815652,Clute city,4374,3459,70208,70240,1.0465,15.3,5.6,0,0,172,173,52
17009,Brown County,2041,1303,67917,71620,1.0463,27.1,9.1,1,-1,33,51,81
1820728,Elkhart city,21552,15270,51028,53674,1.0463,22.1,7.0,1,-1,-531,-275,1034
1301052,Albany city,27538,18669,47240,49045,1.0462,26.5,5.7,1,-1,-306,-87,1904
0621230,Eastvale city,18168,15394,160069,173139,1.0462,13.8,1.4,1,-1,109,291,-122
1205375,Belleview city,2388,1399,57813,59454,1.0461,40.3,1.1,0,0,-51,-39,193
0512340,Cave Springs city,1877,1631,146473,151609,1.046,13.1,0.0,0,0,35,37,-8
1733630,Hawthorn Woods village,3008,2449,219631,233401,1.0459,18.6,0.0,0,0,12,13,13
5363280,Selah city,3264,2291,74783,77892,1.0457,22.7,7.1,0,0,-33,-29,7
2441250,Hyattsville city,8123,6237,91941,95533,1.0455,21.2,2.1,1,-1,-402,-342,87
54059,Mingo County,9317,5689,38119,39673,1.0455,36.7,2.3,0,0,-8,0,292
28043,Grenada County,8464,5894,48804,50329,1.0455,26.3,4.1,1,-1,207,234,393
4866392,Seabrook city,5981,4554,102726,105461,1.0453,18.6,5.2,0,0,207,187,197
3639694,Kings Point village,1402,839,211299,220343,1.0453,40.2,0.0,0,0,-16,-14,-6
1749607,Minooka village,4126,3373,115445,120553,1.0453,13.7,4.6,1,-1,-12,-7,-12
05013,Calhoun County,1690,920,66809,72000,1.0452,44.5,1.1,0,0,55,49,34
0813845,Cherry Hills Village city,2221,1389,250001,263018,1.0452,37.5,0.0,0,0,-2,-1,0
05067,Jackson County,6076,3784,44218,46130,1.0452,29.2,8.5,0,0,50,88,259
0657414,Pismo Beach city,4129,2498,118072,121087,1.045,37.6,1.9,1,-1,-69,-65,23
4741200,La Vergne city,13298,10881,81313,84201,1.045,12.9,5.3,1,-1,-200,-237,-103
2268475,Scott city,3846,2601,56299,58453,1.0448,30.0,2.4,1,-1,-94,-88,163
0573130,Ward city,2306,1810,72734,74914,1.0448,17.1,4.4,0,0,44,61,102
35028,Los Alamos County,8247,5904,147139,152957,1.0447,24.2,4.2,1,-1,285,302,246
0623042,Eureka city,10392,7013,57662,59773,1.0446,27.5,5.0,1,-1,89,143,-84
1238600,Lake Park town,2990,1897,70954,70133,1.0445,30.4,6.2,0,0,-215,-221,37
2147476,London city,3135,1904,47591,49073,1.0445,34.7,4.5,0,0,146,178,251
3744400,Morganton city,6888,4034,51355,54932,1.0445,36.1,5.3,1,-1,65,141,375
2209340,Breaux Bridge city,2847,1885,47806,49283,1.0445,30.1,3.7,1,-1,97,101,6
4220432,Duquesne city,2221,1455,44180,46367,1.0444,32.6,1.9,0,0,131,127,77
5365205,Snoqualmie city,4582,4101,214107,219815,1.0442,10.5,0.0,0,0,48,58,62
36041,Hamilton County,2423,1401,68835,71211,1.0442,40.3,1.9,1,-1,61,62,29
22013,Bienville Parish,5556,3506,35011,36561,1.0442,33.6,3.3,0,0,-8,-4,140
4858904,Portland city,7554,5367,83865,88262,1.0441,24.6,4.3,1,-1,-8,-31,-7
0883230,Wellington town,4170,3379,107017,116771,1.0441,15.6,3.4,0,0,-275,-224,-121
1742028,Lansing village,11236,8183,75569,79259,1.044,25.1,2.0,1,-1,69,128,113
45033,Dillon County,10829,7335,46605,48643,1.044,30.4,1.8,1,-1,208,289,257
4810636,Brookshire city,1722,1433,65934,68564,1.0439,10.7,6.1,0,0,93,106,193
0503640,Barling city,2171,1420,54387,58750,1.0439,24.1,10.5,0,0,-52,-19,
4804516,Atlanta city,2252,1561,60259,62839,1.0439,27.6,3.1,0,0,-60,-58,-17
4878436,White Oak city,2096,1595,101027,107244,1.0439,23.3,0.6,0,0,38,43,80
46063,Harding County,498,340,80441,84274,1.0439,28.9,2.8,0,0,32,27,14
4816696,Corinth city,8540,6649,120580,126211,1.0439,21.3,0.9,1,-1,-43,-9,-40
4810264,Bridgeport city,1835,1513,96037,100798,1.0438,12.4,5.2,0,0,94,107,79
48205,Hartley County,1633,1026,75841,80102,1.0438,34.6,2.6,0,0,108,99,38
4115550,Cornelius city,4843,3553,96273,100679,1.0437,23.7,3.0,1,-1,169,205,32
3630169,Great Neck village,3443,2074,137981,138793,1.0437,39.2,0.6,0,0,19,18,0
3042700,Laurel city,3135,2377,68474,71250,1.0437,21.5,2.7,0,0,226,228,156
4246888,Manheim borough,2037,1524,81273,84925,1.0435,20.1,5.1,1,-1,60,66,54
19101,Jefferson County,6952,4077,61620,63623,1.0432,38.3,3.1,1,-1,193,224,126
2012500,Chanute city,3578,2183,50882,52707,1.0432,30.5,8.5,0,0,66,69,43
4041850,Lawton city,33413,23667,54433,57588,1.0427,20.6,8.5,1,-1,791,1268,2640
2622000,Detroit city,257998,181205,39938,41650,1.0427,26.4,3.4,1,-1,-10113,-11435,4363
4512655,Cayce city,6556,4102,62045,64538,1.0427,25.9,11.5,0,0,-5,-1,132
4149450,Molalla city,3642,2880,89318,94922,1.0427,13.1,7.8,0,0,124,65,-141
22119,Webster Parish,14334,9245,41182,43433,1.0425,33.1,2.4,1,-1,-99,-78,69
4057550,Pauls Valley city,2466,1555,50357,52762,1.0424,31.7,5.3,1,-1,32,66,211
3459190,Plainfield city,15907,12397,85908,89084,1.0423,20.2,1.9,1,-1,-527,-484,-114
3650705,New Square village,1841,1345,31443,33576,1.0423,7.9,19.0,0,0,255,199,7
2851000,New Albany city,2851,1944,51332,53991,1.0422,26.0,5.9,1,-1,29,54,83
0636294,Imperial Beach city,9340,7154,86111,88018,1.0422,21.3,2.1,1,-1,-650,-638,440
3464650,Roselle Park borough,5408,4343,109679,119593,1.0421,18.1,1.6,1,-1,136,126,153
5149464,Marion town,2431,1436,40896,42532,1.0419,32.0,8.9,0,0,-30,-31,110
1784220,Zion city,8813,6866,63104,64665,1.0419,17.3,4.8,1,-1,-223,-218,114
02158,Kusilvak Census Area,1916,1448,51471,53302,1.0418,21.7,2.8,1,-1,54,55,50
4208040,Bradford city,3170,2297,56161,59148,1.0418,20.1,7.5,1,-1,277,331,175
4006600,Blackwell city,2351,1383,53435,55817,1.0416,34.4,6.8,0,0,98,101,80
3909792,Bryan city,4150,2564,52865,55015,1.0415,34.1,4.1,0,0,231,253,140
3004975,Belgrade city,4852,3992,97328,102953,1.0415,9.6,8.1,0,0,27,3,21
3559260,Portales city,4559,2900,50555,53219,1.0414,22.9,13.5,1,-1,167,230,425
4833212,Henderson city,4227,2604,61285,65134,1.0414,32.8,5.6,0,0,142,122,60
3446620,Milltown borough,2641,2105,140960,143074,1.0411,20.3,0.0,0,0,57,62,62
1369672,Senoia city,2009,1650,124964,130022,1.041,17.9,0.0,0,0,-7,-7,-6
3426610,Glen Ridge borough,2490,1884,250001,252119,1.0409,24.3,0.0,0,0,28,28,-9
1839402,Kendallville city,4371,3028,58939,61721,1.0409,27.8,2.9,0,0,196,283,226
1375832,Temple city,1774,1375,91180,89191,1.0409,22.5,0.0,0,0,117,114,35
4414140,Central Falls city,7683,5841,49285,51110,1.0409,16.9,7.1,1,-1,-523,-569,239
48151,Fisher County,1564,1079,65533,68011,1.0407,30.5,0.5,1,-1,94,87,47
16013,Blaine County,10413,6727,92566,95279,1.0407,33.4,1.9,1,-1,397,405,310
3482423,Woodland Park borough,5399,3615,98845,101033,1.0405,32.4,0.6,0,0,-94,-75,118
28091,Marion County,9122,5833,45110,46925,1.0403,33.2,2.9,1,-1,238,250,298
2256540,Oakdale city,1964,1221,42540,41693,1.0403,33.4,4.5,0,0,-148,-164,110
2771734,Worthington city,4548,3134,61797,66104,1.0401,25.5,5.5,1,-1,252,251,54
5149784,Martinsville city,5711,3869,46727,49022,1.0401,27.5,4.7,1,-1,258,344,259
51690,Martinsville city,5711,3869,46727,49022,1.0401,27.5,4.7,1,-1,258,344,259
21133,Letcher County,8463,5383,41793,43448,1.04,34.2,2.2,0,0,204,176,188
1224475,Fort Walton Beach city,8817,5824,68538,70720,1.04,30.2,3.7,1,-1,24,85,179
3724080,Forest City town,2681,1732,35524,37259,1.0399,32.6,2.8,0,0,-164,-207,178
1819486,East Chicago city,9943,7122,42125,43792,1.0399,24.5,3.9,0,0,-78,-78,361
1710513,Calumet Park village,2842,2034,53556,56486,1.0398,28.4,0.0,0,0,-118,-100,-63
2243010,Leesville city,2490,1684,37500,40865,1.0397,25.5,6.9,0,0,-106,-135,61
1224300,Fort Pierce city,18878,11556,47072,48779,1.0397,35.4,3.4,1,-1,-1494,-1571,90
5125808,Emporia city,2157,1463,51899,55355,1.0393,30.2,2.0,0,0,-43,-5,80
51595,Emporia city,2157,1463,51899,55355,1.0393,30.2,2.0,0,0,-43,-5,80
51133,Northumberland County,5640,2771,66480,69525,1.0392,50.5,0.3,0,0,56,80,158
1332048,Garden City city,4366,3535,47814,48040,1.0392,18.1,1.0,0,0,146,135,253
1737894,Island Lake village,2905,2334,103156,106932,1.0392,19.7,0.0,1,-1,-33,-24,18
0609878,Calipatria city,1213,823,53299,54754,1.0392,26.0,6.2,0,0,-28,-25,72
3422560,Fairview borough,5463,4262,63606,68360,1.0392,21.1,0.9,1,-1,-372,-464,7
3757500,Rocky Mount city,23364,14791,55534,57053,1.0387,32.9,3.8,1,-1,666,882,1744
25019,Nantucket County,5252,3849,139688,148065,1.0387,26.2,0.5,0,0,-56,18,83
0132272,Gulf Shores city,7542,4810,78188,82291,1.0386,35.0,1.2,0,0,-33,94,391
3770660,Walkertown town,2358,1714,82615,80230,1.0385,26.5,0.8,0,0,21,9,82
4954660,Nibley city,2193,1832,108072,111436,1.0384,12.2,4.3,1,-1,32,24,36
4866704,Selma city,4221,3523,97066,101028,1.0383,14.3,2.2,1,-1,136,191,193
1319112,Commerce city,2771,2052,60961,63635,1.0382,19.3,6.6,0,0,57,82,38
1901135,Algona city,2552,1460,56040,59438,1.0381,33.5,9.3,0,0,124,150,55
1270075,Surfside town,1965,1397,100208,104079,1.0379,28.9,0.0,0,0,-7,1,27
0630994,Greenfield city,4426,3514,84740,90061,1.0379,15.8,4.8,1,-1,-38,-31,164
2964478,St. John city,2741,1992,53755,54593,1.0378,26.7,0.6,0,0,-257,-244,33
1312260,Byron city,2346,1885,85596,92122,1.0378,17.9,1.7,0,0,7,17,11
5414600,Charleston city,21116,13936,65812,68606,1.0376,31.3,2.7,1,-1,635,712,978
4859576,Princeton city,7873,7018,105200,109802,1.0376,8.4,2.4,1,-1,-184,-169,-114
27031,Cook County,2710,1552,72638,73924,1.0375,41.0,1.7,0,0,93,88,41
3637803,Irvington village,2396,1823,173248,186521,1.0375,23.9,0.0,0,0,72,75,74
02164,Lake and Peninsula Borough,324,235,65625,66591,1.0375,22.8,4.6,0,0,26,26,4
4977120,Tremonton city,3785,2904,74741,77151,1.037,17.4,5.9,0,0,255,225,55
1734865,Highwood city,2025,1319,107875,113884,1.0369,29.1,5.8,0,0,-16,1,26
3627815,Fulton city,4743,3177,52046,55175,1.0369,26.2,6.8,0,0,-16,73,41
20071,Greeley County,541,386,80565,81742,1.0368,26.2,2.4,0,0,49,51,49
08017,Cheyenne County,785,505,70865,71462,1.0364,29.6,6.1,0,0,24,24,16
2183550,Wilmore city,1767,1193,77665,78607,1.0364,27.5,5.0,0,0,197,200,132
2624740,Ecorse city,3614,2640,40241,41864,1.0362,24.4,2.6,0,0,-10,-20,53
4228960,Gettysburg borough,2447,1535,54365,54381,1.036,32.1,5.1,0,0,48,48,103
0822200,Eagle town,2735,1842,110398,117400,1.036,32.7,0.0,0,0,-191,-163,-49
0617498,Cudahy city,5787,4940,56615,59122,1.0357,13.3,1.4,1,-1,-75,-187,262
31165,Sioux County,490,269,53929,58409,1.0355,43.1,2.0,0,0,46,56,16
4879492,Willow Park city,2006,1578,132045,134489,1.0355,21.3,0.0,0,0,-15,-13,-42
4540615,Laurens city,3925,2534,49246,50207,1.0354,34.6,0.9,0,0,44,26,327
5188000,Wytheville town,3972,2595,47270,49435,1.0353,30.7,3.9,0,0,215,207,86
2833100,Holly Springs city,2494,1828,45462,47147,1.0352,24.4,2.3,0,0,-12,-23,30
2124778,Elsmere city,3400,2431,60503,63222,1.0351,19.6,8.9,0,0,71,79,-42
4012900,Catoosa city,2962,2179,72467,75735,1.0351,22.3,4.2,1,-1,137,141,80
4241680,Latrobe borough,3795,2215,56318,60516,1.0351,30.8,10.9,0,0,176,172,1
4862384,River Oaks city,2448,1806,63500,64431,1.035,23.7,2.5,0,0,52,51,53
30003,Big Horn County,3827,2522,58750,59524,1.035,31.1,3.0,1,-1,244,250,193
0845530,Lochbuie town,2940,2282,97009,102506,1.0347,20.7,1.6,1,-1,47,42,4
13183,Long County,6162,5026,68808,72101,1.0347,16.0,2.4,0,0,68,59,57
1748645,Metropolis city,2430,1550,50399,52105,1.0346,33.2,3.0,0,0,48,57,50
72083,Las Marías Municipio,3078,1703,16314,17046,1.0344,43.9,0.8,0,0,11,-12,90
0148376,Midfield city,2077,1625,52755,53857,1.0343,21.8,0.0,0,0,-110,-109,55
0146696,Margaret city,2065,1764,101802,107576,1.0335,13.6,1.0,1,-1,30,27,29
3565210,Ruidoso village,3941,2232,52736,54304,1.0334,39.6,3.7,0,0,-71,-66,147
3481170,Wildwood city,2646,1743,75222,77908,1.0334,24.9,9.2,0,0,137,132,38
1247050,Mount Dora city,7646,4113,74537,77248,1.0333,43.7,2.5,1,-1,-213,-241,-160
4220136,DuBois city,3511,2312,62697,66573,1.0333,26.8,7.3,0,0,360,348,287
0655618,Paramount city,14618,11857,75250,77690,1.0332,17.0,1.9,1,-1,-783,-856,551
1366668,Rome city,14983,10304,54435,57519,1.0332,26.8,4.4,1,-1,-197,-61,628
4833476,Hickory Creek town,1936,1518,148852,146941,1.0332,21.6,0.0,0,0,72,70,48
28099,Neshoba County,10283,6984,57013,59614,1.0331,29.1,2.9,0,0,69,122,170
4082150,Woodward city,4885,3238,54463,56806,1.033,26.7,7.0,1,-1,293,311,271
01131,Wilcox County,3860,2332,40640,41900,1.0329,37.9,1.7,0,0,3,-3,54
0633798,Hillsborough town,3610,2361,250001,268027,1.0327,34.6,0.0,0,0,59,59,27
3543930,Los Ranchos de Albuquerque village,2449,1580,72992,74115,1.0327,35.5,0.0,0,0,57,54,15
2179734,Vine Grove city,2765,2200,72560,75971,1.0326,17.7,2.7,0,0,-1,23,69
31007,Banner County,305,168,78839,83621,1.0325,44.9,0.0,0,0,11,9,5
13017,Ben Hill County,7082,4776,41758,43645,1.0324,27.7,4.8,1,-1,393,423,211
3764180,Spring Lake town,4519,3101,51958,53755,1.0323,13.0,18.4,0,0,27,-20,91
1844190,Linton city,2308,1305,45440,47091,1.0322,29.9,13.6,0,0,-65,-78,106
5123760,Dumfries town,1759,1252,82355,97406,1.0322,24.2,4.7,0,0,-31,58,26
1342268,Jesup city,3378,2003,46974,49801,1.0319,38.4,2.3,0,0,75,106,255
48507,Zavala County,3271,2099,36749,39335,1.0319,30.1,5.7,0,0,87,42,66
3144035,Schuyler city,2091,1611,80399,88275,1.0317,11.4,11.6,0,0,98,59,32
1316544,Clarkston city,3947,3454,48564,49562,1.0317,9.0,3.5,0,0,-301,-392,116
4763340,Ripley city,2818,1886,37432,40530,1.0317,24.0,9.0,0,0,-172,-102,152
15005,Kalawao County,40,33,73750,77344,1.0312,17.5,0.0,0,0,13,16,2
4871540,Sweetwater city,4245,2781,44892,46258,1.0312,28.8,5.7,1,-1,120,110,116
1721267,Du Quoin city,2278,1530,54409,54808,1.0311,26.8,6.1,0,0,79,80,103
4876096,Wake Village city,2277,1720,71574,70774,1.031,22.0,2.5,0,0,213,203,286
2454275,Mount Rainier city,3934,2746,68505,70018,1.0309,27.7,2.5,1,-1,-125,-55,92
1326084,Eatonton city,2521,1692,56250,59798,1.0309,32.9,0.0,0,0,10,-26,22
1628990,Fruitland city,2383,1686,65457,67364,1.0306,28.5,0.7,1,-1,178,170,30
4758080,Pigeon Forge city,2334,1550,53261,54685,1.0305,28.7,4.8,0,0,59,84,119
0644574,Lynwood city,15206,12321,74844,77106,1.0304,17.4,1.6,1,-1,-990,-925,447
4226408,Folcroft borough,2566,2091,61306,63963,1.0304,14.1,4.4,1,-1,74,53,26
17003,Alexander County,1904,1166,47043,49716,1.0303,38.7,0.1,0,0,70,74,30
4663100,Tea city,2171,1900,120139,123338,1.0303,9.4,3.1,0,0,41,46,38
13093,Dooly County,4031,2409,60987,62848,1.0302,37.1,3.2,0,0,274,308,352
3402080,Atlantic City city,16567,11531,41028,42475,1.0299,28.9,1.5,1,-1,-101,-280,251
3766700,Tarboro town,4830,2669,49796,51280,1.0299,42.3,2.4,0,0,-50,-15,147
0686440,Woodside town,1784,1061,250001,260211,1.0298,40.5,0.0,0,0,32,36,-6
4818020,Crystal City city,2188,1366,36328,38672,1.0296,29.6,8.0,0,0,87,57,71
30051,Liberty County,724,449,57857,59444,1.0296,36.9,1.1,0,0,34,38,37
2862400,Richland city,2867,1981,66558,68699,1.0296,26.2,4.7,0,0,-12,8,75
02016,Aleutians West Census Area,956,797,135500,136293,1.0295,15.5,1.2,0,0,98,99,94
0620956,East Palo Alto city,8267,6531,113493,113014,1.0295,19.0,2.0,0,0,-269,-262,298
0602924,Arvin city,4683,4032,49183,50068,1.0293,10.2,3.7,1,-1,-205,-207,94
3988000,Youngstown city,24982,16261,34408,35499,1.0292,30.1,4.8,1,-1,-561,-507,696
2850440,Natchez city,5856,3806,36735,39332,1.0291,33.8,1.2,0,0,-233,-258,281
5411188,Buckhannon city,1902,1331,54615,54293,1.0291,26.3,3.7,0,0,35,34,95
1756627,Orland Hills village,2404,1970,122039,117935,1.029,17.6,0.5,0,0,14,8,13
0639486,Lake Elsinore city,20499,16947,101888,105534,1.0289,15.6,1.7,1,-1,-217,-295,-496
5306330,Black Diamond city,2316,1936,141383,143030,1.0286,14.3,2.1,1,-1,16,18,23
3612331,Canton village,2029,1397,62054,64904,1.0286,24.9,6.2,0,0,58,43,63
4833824,Highland Park town,3278,2190,250001,254678,1.0286,32.1,1.1,0,0,59,59,36
35003,Catron County,1789,756,49864,51231,1.0285,57.6,0.1,1,-1,-5,-3,17
4835612,Hutchins city,1853,1464,47829,47907,1.0284,15.7,5.3,0,0,24,23,36
22091,St. Helena Parish,4176,2618,41934,44596,1.0279,37.3,0.0,0,0,4,26,158
0656700,Perris city,19447,16398,88911,91496,1.0278,14.1,1.6,1,-1,-377,-408,-287
4722200,Dyersburg city,6732,4529,52064,52156,1.0278,28.5,4.2,1,-1,248,249,414
28029,Copiah County,10060,6341,49089,50203,1.0277,34.4,2.6,1,-1,68,69,177
3744320,Morehead City town,5169,3232,56233,58431,1.0275,30.4,7.1,0,0,-63,-29,26
2200975,Alexandria city,17233,11494,47113,47887,1.0274,28.2,5.1,1,-1,-397,-400,554
1711163,Carbondale city,9714,5416,32128,33049,1.0274,14.0,30.3,0,0,-630,-639,326
40129,Roger Mills County,1416,840,66094,68077,1.027,35.6,5.1,1,-1,59,58,49
54087,Roane County,5704,3506,45778,47177,1.0269,36.4,2.2,0,0,-8,12,104
4855152,Parker city,1590,1326,229080,255398,1.0269,16.5,0.1,0,0,-1,2,3
1362104,Pooler city,11650,8546,91766,93514,1.0267,24.2,2.5,1,-1,-252,-252,9
20137,Norton County,2000,1210,54050,57284,1.0266,31.2,8.2,0,0,14,24,85
3737220,Laurinburg city,5698,3628,42170,43007,1.0264,32.7,3.7,0,0,-196,-176,291
3635969,Hudson city,2865,2093,54139,54526,1.0263,24.8,2.2,0,0,-256,-258,6
4863848,Rusk city,1039,732,53438,59474,1.0261,27.8,1.7,0,0,108,128,53
3507880,Bloomfield city,2620,1735,48472,49860,1.0259,28.9,4.8,0,0,-3,-6,7
3665431,Scarsdale village,5576,4241,250001,276175,1.0256,23.9,0.0,0,0,59,87,43
3634121,Herkimer village,3326,2105,48529,50041,1.0255,29.6,7.2,0,0,71,87,83
1237375,Lady Lake town,9061,3038,46074,47523,1.0254,64.0,2.5,0,0,132,25,59
1245900,Minneola city,5371,4563,110902,110105,1.0253,14.1,1.0,1,-1,-36,-39,-21
1711358,Carpentersville village,11583,9466,86917,90426,1.0252,17.0,1.3,1,-1,129,114,169
3964304,Portsmouth city,7334,4666,34713,35541,1.025,29.2,7.2,0,0,-249,-257,109
0812045,Carbondale town,2816,1873,108324,113569,1.0248,27.5,6.0,0,0,-40,-45,-45
30079,Prairie County,545,271,51250,54459,1.0244,49.2,1.1,0,0,24,22,2
13141,Hancock County,2922,1574,40082,41044,1.0243,44.0,2.1,0,0,-26,-38,67
4811080,Buda city,6058,5216,123766,123596,1.024,12.2,1.7,1,-1,151,150,183
3453280,North Plainfield borough,7832,6570,87349,88114,1.0239,15.2,0.9,0,0,-343,-320,204
1827054,Gas City city,2725,1930,55982,57581,1.0239,27.9,1.3,0,0,122,147,149
1267175,South Bay city,861,570,51417,52667,1.0238,30.0,3.8,0,0,-142,-126,
3957834,Oberlin city,2457,1275,81308,84662,1.0237,42.5,5.7,0,0,159,177,146
38025,Dunn County,1571,1049,97689,99479,1.0236,30.3,2.9,1,-1,100,96,35
4813732,Center city,1954,1462,48293,47683,1.0236,23.6,1.6,0,0,28,32,137
3984742,Whitehall city,8183,6245,51759,54078,1.0235,19.7,4.0,1,-1,-569,-414,261
4549570,Newberry city,3938,2804,51260,52636,1.0235,23.4,5.4,0,0,87,126,332
72141,Utuado Municipio,11311,6486,20800,21473,1.0233,41.0,1.7,0,0,141,105,365
0624134,Firebaugh city,2469,1751,47734,48548,1.0233,27.2,1.9,0,0,-6,-1,9
35027,Lincoln County,10000,5370,53303,54846,1.0233,43.9,2.4,0,0,-80,-65,206
0531090,Heber Springs city,3172,1988,50636,51667,1.0233,35.1,2.2,0,0,123,127,124
1721553,East Alton village,2699,1941,48815,49007,1.0233,25.4,2.7,0,0,-39,-35,15
0157648,Ozark city,5790,3377,48944,49911,1.0233,36.1,5.6,0,0,-117,-99,258
01105,Perry County,3440,2336,37654,38385,1.0232,31.9,0.1,1,-1,90,89,45
4015400,Clinton city,3130,2160,58207,59944,1.0231,20.2,10.8,1,-1,130,145,140
2668760,River Rouge city,2749,2019,41053,42281,1.0231,22.7,3.8,0,0,-93,-85,35
1237775,Lake City city,4688,3227,56472,56910,1.0231,25.6,5.5,1,-1,67,93,271
4767120,Sevierville city,7904,4988,52421,53928,1.0228,28.2,8.7,0,0,-268,-209,357
1302116,Americus city,6106,3964,39176,39896,1.0227,26.4,8.7,1,-1,-222,-225,292
08037,Eagle County,22058,16793,104096,107111,1.0227,21.4,2.5,1,-1,-830,-781,-109
1321324,Dallas city,5213,4127,75545,78469,1.0223,17.7,3.1,0,0,111,126,-5
0645358,Mammoth Lakes town,3318,2591,98056,97690,1.0222,20.9,1.0,0,0,46,44,12
0233140,Homer city,2552,1607,74449,75502,1.022,33.8,3.2,1,-1,28,32,39
0869150,Severance town,3373,2845,124572,127117,1.022,10.3,5.4,1,-1,10,14,11
3624295,Elmsford village,1586,1301,120179,124704,1.021,16.8,1.1,0,0,-136,-130,45
1374964,Swainsboro city,2550,1627,49750,50929,1.0207,26.3,9.9,0,0,81,96,258
4801240,Addison town,10795,8590,73854,74695,1.0205,12.1,8.3,1,-1,-607,-632,117
4246264,McKees Rocks borough,2713,1850,41131,42432,1.0204,30.7,1.1,0,0,-293,-321,125
55078,Menominee County,1405,954,62108,65921,1.0204,31.2,0.9,1,-1,17,18,28
3418490,Dunellen borough,2610,1926,86967,97414,1.0203,25.2,1.0,0,0,-193,-74,79
0833035,Greenwood Village city,6610,4621,149029,149972,1.0203,26.5,3.6,1,-1,194,200,103
3400100,Absecon city,3535,2494,73676,74835,1.0197,26.8,2.6,0,0,-80,-82,-91
4543315,Lyman town,2372,1849,75653,77706,1.0196,17.5,4.6,1,-1,14,12,0
4920810,Eagle Mountain city,12744,11488,113648,117058,1.0194,7.2,2.6,1,-1,-55,-14,14
2157090,Oak Grove city,3074,2378,49354,49930,1.0194,7.1,15.5,1,-1,-338,-361,65
4834832,Horizon City city,6976,6341,65737,65003,1.0191,7.7,1.4,0,0,-49,-50,-46
4967825,Saratoga Springs city,12031,10656,128802,135611,1.019,8.2,3.3,1,-1,-159,-92,-238
4558030,Port Royal town,4676,3081,74870,76208,1.0189,21.6,12.6,0,0,-308,-319,-23
1357260,Oakwood city,2213,1735,67917,73522,1.0187,15.6,6.0,0,0,3,-27,56
2907966,Branson city,5712,3086,51978,54701,1.0186,38.2,7.8,0,0,233,281,483
2455400,New Carrollton city,4527,3232,81509,85370,1.0177,27.7,0.9,1,-1,-339,-242,74
0546970,Morrilton city,2729,1692,47572,46399,1.0177,32.8,5.2,0,0,49,27,50
2641420,Jackson city,13281,9642,44558,45387,1.0175,21.2,6.2,1,-1,-472,-458,333
30039,Granite County,1514,872,59265,60405,1.0174,40.5,1.9,0,0,-6,-6,25
16033,Clark County,279,195,55208,57308,1.0173,25.8,4.3,0,0,17,18,5
5129600,Franklin city,3454,2442,63245,65465,1.0171,28.4,0.9,0,0,-50,-3,271
51620,Franklin city,3454,2442,63245,65465,1.0171,28.4,0.9,0,0,-50,-3,271
1335324,Griffin city,9538,7273,43632,44278,1.017,21.6,2.1,0,0,-784,-796,120
3905130,Bellefontaine city,6219,4217,58806,59859,1.0169,27.5,4.7,0,0,389,391,205
1224150,Fort Myers Beach town,2831,1025,91291,94792,1.0168,63.5,0.2,0,0,-48,-52,-44
46121,Todd County,2544,2017,42075,42682,1.0167,18.2,2.6,0,0,77,85,79
3980990,Warrensville Heights city,6261,3529,49669,50541,1.0166,39.5,4.2,1,-1,-252,-227,207
4829564,Gilmer city,1759,1134,44316,44868,1.0165,34.1,1.5,0,0,-86,-96,
2160852,Pikeville city,3323,2203,39955,40625,1.0163,25.3,8.4,0,0,-285,-283,86
0603302,Avenal city,2802,2298,54741,57527,1.0161,11.1,6.9,0,0,161,239,57
2070800,Tonganoxie city,2346,1869,80109,76377,1.0161,19.0,1.4,0,0,24,26,47
13253,Seminole County,3767,2157,49495,49976,1.016,42.6,0.2,0,0,79,87,48
4830584,Granite Shoals city,1981,1370,78042,82178,1.016,27.9,2.9,0,0,42,19,-16
49009,Daggett County,288,188,66000,64000,1.0159,34.7,0.0,0,0,11,11,2
0405770,Benson city,2395,1281,49346,49846,1.0157,43.5,3.0,0,0,59,61,150
46137,Ziebach County,735,553,53958,53085,1.0155,24.8,0.0,0,0,28,29,36
2866440,Senatobia city,2982,2164,54167,56694,1.015,24.2,3.2,0,0,36,49,151
35033,Mora County,1968,1163,53663,55143,1.0149,40.9,0.0,0,0,23,25,36
4277912,Turtle Creek borough,2429,1446,45997,46579,1.0148,35.2,5.2,0,0,50,44,9
1751180,Mount Vernon city,6108,4092,55357,55323,1.0146,29.3,3.7,0,0,213,212,209
5355855,Port Townsend city,5683,2541,62606,63838,1.0145,55.3,0.0,0,0,58,28,-10
4818092,Cuero city,2247,1534,56480,58718,1.0142,23.9,7.9,0,0,120,136,193
4831592,Gun Barrel City city,2918,1707,71310,74318,1.0141,40.5,1.0,0,0,48,54,38
3405590,Bernardsville borough,2689,1873,236115,232768,1.0138,30.3,0.0,0,0,29,28,7
5551575,Middleton city,10382,7112,89524,93057,1.0136,23.0,8.5,1,-1,582,599,291
0867280,Salida city,2811,1768,70045,70368,1.0135,33.2,3.9,0,0,-12,-12,-5
3455770,Palisades Park borough,7472,5747,94743,94088,1.0132,20.5,2.6,1,-1,-136,-142,-139
0113264,Center Point city,5951,4689,56417,58473,1.0129,18.3,2.9,1,-1,-297,-294,214
0826270,Federal Heights city,5252,3792,56597,57116,1.0128,20.3,7.5,0,0,-314,-340,-7
13053,Chattahoochee County,1866,1491,61042,62560,1.0126,17.1,2.9,0,0,-117,-125,22
0574540,West Memphis city,9376,6303,42674,44169,1.0121,29.0,3.8,0,0,-483,-346,355
1720292,Dolton village,7820,5094,57887,58269,1.012,34.2,0.7,1,-1,-299,-303,-10
2119882,Danville city,6968,4384,52646,54080,1.0113,31.2,5.8,0,0,311,287,202
2813820,Clarksdale city,5873,3910,36382,36787,1.0113,29.7,3.7,0,0,-217,-197,379
3461170,Prospect Park borough,2065,1531,53125,53480,1.0109,24.1,1.7,0,0,5,-1,41
2203985,Baker city,4292,3220,54750,56798,1.0109,20.2,4.8,0,0,-133,-156,222
4818524,Dalhart city,3056,2254,71630,69588,1.0106,20.6,5.7,1,-1,399,375,315
1305344,Barnesville city,2163,1621,57411,56984,1.0105,22.1,3.0,0,0,170,160,74
2163912,Radcliff city,9592,6874,58559,58744,1.0104,24.0,4.3,1,-1,582,589,529
2629000,Flint city,34572,25314,37646,38324,1.01,24.7,2.0,1,-1,-980,-1052,1327
48111,Dallam County,2586,1949,71500,69983,1.0096,18.5,6.1,1,-1,270,248,252
4846440,Manor city,6379,5792,84529,88027,1.0095,4.4,4.8,0,0,-107,-120,25
12037,Franklin County,4949,2693,64105,66108,1.0095,43.0,2.6,0,0,-11,-17,10
12119,Sumter County,70318,20125,76508,77287,1.0095,70.2,1.2,1,-1,357,363,345
5371960,Toppenish city,2447,1734,67854,69294,1.009,23.7,5.5,1,-1,128,134,127
4263840,Red Lion borough,2709,2027,72901,73039,1.0089,23.4,1.7,0,0,75,74,29
0141296,Lanett city,2338,1650,42357,42879,1.0089,29.1,0.3,0,0,-161,-161,136
16081,Teton County,4677,3316,99805,100788,1.0089,25.5,3.6,0,0,99,97,47
22107,Tensas Parish,1578,863,36615,37435,1.0088,45.1,0.2,0,0,59,68,9
1373816,Stone Mountain city,2401,1799,46973,47212,1.0085,21.7,3.4,0,0,-76,-81,32
2038650,Lansing city,3556,2457,102786,104113,1.0082,30.2,0.7,1,-1,-26,-25,-17
2416225,Chestertown town,2195,1071,54346,57650,1.0081,43.6,7.7,0,0,-119,-96,-12
28119,Quitman County,2643,1811,32412,33662,1.0081,28.6,2.9,0,0,-64,-55,169
4213704,Clairton city,2715,1508,36538,36763,1.0079,42.7,1.7,0,0,-5,5,16
4829660,Gladewater city,2127,1646,58810,59583,1.0078,20.9,1.7,0,0,145,166,159
4852212,Northlake town,2889,2553,123469,122751,1.0077,6.7,4.9,0,0,106,107,110
0631568,Gustine city,2503,1729,59532,59544,1.0076,27.4,3.6,0,0,60,59,163
4820884,Donna city,4924,3352,40438,40925,1.0075,31.0,1.0,0,0,-276,-283,125
2227155,Franklin city,2354,1553,39518,39862,1.0075,32.8,1.2,0,0,-15,-17,105
1207525,Bonita Springs city,25332,10590,95210,96041,1.0075,57.0,1.2,1,-1,-460,-437,-174
1714065,Chicago Ridge village,5234,4067,68964,66275,1.0074,20.1,2.2,0,0,-82,-188,142
3016600,Columbia Falls city,2209,1715,75766,76267,1.0072,18.8,3.5,0,0,110,112,141
4879576,Wilmer city,1815,1420,59626,59573,1.0072,18.9,2.9,0,0,-3,-3,30
72125,San Germán Municipio,11860,6085,18317,18488,1.007,47.4,1.3,0,0,124,110,223
35017,Grant County,11295,5945,44958,45265,1.0068,45.3,2.1,0,0,253,249,277
0684438,Westlake Village city,2967,1751,179954,192631,1.0064,40.4,0.5,0,0,9,-5,33
3668286,Solvay village,3021,2033,61166,62017,1.0064,27.4,5.3,0,0,159,169,108
2035750,Junction City city,9526,6839,61181,61650,1.0063,15.9,12.3,0,0,590,631,824
0507330,Blytheville city,5792,3923,47865,46537,1.0057,27.3,5.0,0,0,-86,-188,392
0101852,Anniston city,8881,5402,46668,47384,1.0049,37.6,1.6,0,0,-333,-325,391
1325552,Eastman city,2222,1598,52394,51695,1.0048,20.8,7.2,0,0,96,89,130
1643570,Kimberly city,1723,1385,97799,84563,1.0042,16.3,3.3,0,0,0,29,
4879408,Willis city,2359,1517,68632,64673,1.0042,31.3,4.4,0,0,-118,-113,113
12077,Liberty County,2563,1823,58671,58232,1.0037,26.8,2.1,0,0,99,98,40
2640680,Inkster city,9750,7183,39252,39731,1.0036,23.2,3.1,0,0,-414,-473,374
4534045,Hilton Head Island town,18326,9006,94657,95056,1.0028,49.7,1.2,0,0,-160,-156,-70
0547390,Mountain Home city,6341,3130,41274,41293,1.0026,45.4,5.2,0,0,-30,-30,92
3653022,North Hills village,2389,1068,173315,184043,1.0025,55.3,0.0,0,0,-32,-43,-7
4811368,Burkburnett city,4438,2880,66308,68152,1.0025,31.0,4.1,0,0,154,152,48
1243425,Mascotte city,2190,1929,83878,82597,1.0025,10.3,1.6,0,0,-57,-47,-36
1336276,Hampton city,2749,2246,75052,75204,1.0025,17.9,0.4,0,0,-97,-97,-83
3738060,Lexington city,7529,5298,43128,42357,1.0024,26.8,2.8,1,-1,-40,-73,386
4840168,Lacy-Lakeview city,2681,2043,56924,57574,1.0024,18.5,5.3,0,0,240,242,149
4177050,Veneta city,2054,1481,66890,67560,1.0015,26.8,1.1,0,0,-99,-99,-6
3573260,Silver City town,3878,2269,38711,39750,1.0015,38.1,3.4,0,0,-207,-202,156
1757628,Paris city,3925,2480,53927,55703,1.0014,27.8,9.0,0,0,273,293,151
72147,Vieques Municipio,3125,1769,19803,19842,1.0012,41.8,1.6,1,-1,99,98,205
48271,Kinney County,1152,629,70000,66012,1.001,44.0,1.4,0,0,59,51,99
2910828,Cameron city,2754,1800,61791,63161,1.0006,30.4,4.2,0,0,112,125,61
4253288,New Brighton borough,2559,1736,52939,54395,1.0005,27.4,4.7,0,0,74,81,51
2250885,Minden city,4578,3242,34294,34316,1.0002,25.2,4.0,0,0,-136,-135,-85
4980090,Vernal city,3369,2371,64457,63488,1.0002,17.4,12.2,1,-1,331,336,107
1263700,Sanibel city,3170,1165,108644,111936,1.0001,62.6,0.6,0,0,24,20,19
31069,Garden County,858,472,41882,43387,0.9997,41.4,3.6,0,0,13,18,14
0625058,Fort Bragg city,3135,2023,56481,58656,0.9996,33.6,1.9,0,0,-78,-92,45
4817744,Crockett city,2638,1753,38869,37865,0.9993,29.8,3.8,0,0,-113,-87,165
0131912,Greenville city,2929,2184,40822,40854,0.999,24.4,1.1,0,0,26,26,184
2856960,Philadelphia city,2746,1971,50788,50923,0.9989,25.5,2.7,0,0,13,13,-16
1710373,Cahokia Heights city,6053,4478,33792,33744,0.9982,22.8,3.2,1,-1,70,75,
2846640,Meridian city,14559,9709,36562,36717,0.9981,28.3,5.0,1,-1,-591,-603,316
4874408,Universal City city,8175,5890,74811,74600,0.9976,21.8,6.2,1,-1,300,293,158
3739280,Long View town,2200,1424,46739,47110,0.9975,28.6,6.7,1,-1,140,143,
4204792,Beaver Falls city,3371,2276,49924,49769,0.9972,27.3,5.2,0,0,121,123,56
4574275,Walterboro city,2330,1729,56457,56729,0.9971,19.4,6.4,0,0,75,75,14
0631414,Guadalupe city,2092,1617,66930,66318,0.9971,21.7,1.0,0,0,-37,-28,61
0646492,Maywood city,6581,5153,60943,60683,0.9969,20.3,1.4,1,-1,-351,-344,247
26039,Crawford County,6231,3826,60392,60190,0.9966,35.8,2.8,1,-1,50,49,187
4834676,Hondo city,2566,1686,62032,65242,0.9966,26.9,7.4,0,0,104,58,-54
0127616,Fort Payne city,5522,3939,47479,47701,0.9962,26.7,2.0,0,0,112,115,122
2839640,Laurel city,6675,4505,47661,47088,0.9958,25.8,6.7,0,0,123,78,188
38033,Golden Valley County,699,394,68021,71538,0.9957,43.5,0.1,0,0,18,17,3
0157144,Orange Beach city,3911,2634,97736,93818,0.995,30.5,2.2,0,0,230,191,232
28037,Franklin County,3074,1922,52939,52895,0.9946,36.4,1.1,0,0,13,13,120
72079,Lajas Municipio,8844,4930,19695,19613,0.9945,43.6,0.7,1,-1,212,219,160
48327,Menard County,942,556,53043,53846,0.9943,41.0,0.0,0,0,39,39,6
2923986,Ferguson city,8097,6205,47524,46387,0.9938,21.6,1.7,1,-1,-519,-400,177
2826860,Gautier city,7397,5322,61926,60442,0.9937,26.9,1.2,0,0,-39,-68,214
4286968,Yeadon borough,5353,3660,49759,49250,0.9934,30.3,1.3,1,-1,-102,-104,46
1829358,Greencastle city,3443,2244,55565,54114,0.9921,29.2,5.6,0,0,111,89,174
5145512,Lexington city,2187,1120,84517,88147,0.9913,36.6,12.2,0,0,175,175,175
51678,Lexington city,2187,1120,84517,88147,0.9913,36.6,12.2,0,0,175,175,175
48197,Hardeman County,1230,711,63333,63955,0.9908,40.2,2.0,0,0,45,44,40
3707720,Brevard city,3752,2032,54103,50711,0.9905,44.8,1.1,0,0,96,75,183
4214712,Coatesville city,5065,3716,59256,57985,0.9899,25.7,0.9,0,0,-231,-215,55
45053,Jasper County,13118,8338,65613,64451,0.9898,32.8,3.6,1,-1,-317,-339,119
3948104,Martins Ferry city,2895,1822,37467,38367,0.989,31.3,5.7,0,0,-152,-147,66
30085,Roosevelt County,3091,2173,57063,56502,0.989,27.5,2.2,1,-1,128,125,141
3735920,Kinston city,8891,5319,36878,37033,0.9882,36.9,3.3,1,-1,-220,-232,667
4504690,Beaufort city,5348,3766,61220,62416,0.9879,24.7,4.8,0,0,-144,-165,67
28097,Montgomery County,4137,2698,41748,42472,0.9878,34.0,0.8,0,0,-56,-76,84
5459068,Nitro city,2828,1810,53848,55095,0.987,33.5,2.5,0,0,26,40,81
08023,Costilla County,1651,948,36861,37222,0.986,40.9,1.7,0,0,-10,-6,32
4033750,Henryetta city,2311,1466,45259,44536,0.9859,31.8,4.8,0,0,-1,-3,88
1926445,Fairfield city,4115,2258,51311,50931,0.9849,40.6,4.5,0,0,-65,-68,54
1323872,Douglas city,4621,3288,34408,33400,0.9842,25.0,3.9,0,0,10,33,93
1029090,Georgetown town,2529,1562,49719,48746,0.984,33.6,4.6,0,0,37,69,30
22081,Red River Parish,3100,1937,49167,47938,0.9833,30.0,7.5,0,0,83,76,68
1938640,Iowa Falls city,2226,1338,50417,49612,0.9828,34.2,5.7,0,0,52,43,49
2670520,Saginaw city,17789,12216,38579,37526,0.9817,26.3,5.0,1,-1,-1181,-1214,490
4862168,Rio Grande City city,4525,3349,44577,43589,0.981,22.5,3.5,0,0,-13,-35,100
2416550,Cheverly town,2317,1641,123535,118806,0.9808,27.7,1.5,1,-1,-1,0,17
13061,Clay County,1231,697,49147,47854,0.9808,42.6,0.7,0,0,48,46,24
1827000,Gary city,27227,17206,38731,38199,0.9806,34.3,2.6,1,-1,-1313,-1219,513
0833695,Gypsum town,2674,2563,115564,118143,0.9801,4.2,0.0,0,0,-119,-83,41
1764278,Riverdale village,3760,2923,39833,39024,0.9792,21.2,1.1,0,0,-131,-107,1
1241150,Longboat Key town,4222,1140,158030,156098,0.9784,73.0,0.0,0,0,7,9,26
4718540,Crossville city,5264,3471,48802,47629,0.9783,27.4,6.6,0,0,200,187,352
2600980,Albion city,2365,1693,39885,38914,0.9774,25.5,3.0,0,0,19,34,-3
4862672,Rockdale city,2191,1605,60590,59151,0.977,25.1,1.6,0,0,0,23,-3
4717680,Covington city,3685,2468,42254,42246,0.9768,28.2,4.8,0,0,-273,-273,192
0504030,Batesville city,4043,2653,51856,50591,0.9762,28.1,6.3,1,-1,126,115,270
48261,Kenedy County,55,25,38882,36944,0.9754,54.5,0.0,0,0,10,9,-3
4175650,Umatilla city,2201,1548,68826,68003,0.9752,18.9,10.8,1,-1,55,53,119
21237,Wolfe County,2673,1716,30417,29721,0.9747,30.5,5.3,0,0,11,16,66
2423025,District Heights city,1981,1258,86955,92147,0.9728,35.1,1.4,0,0,15,13,-68
3505780,Aztec city,2394,1615,41977,40931,0.9717,28.8,3.8,0,0,-12,-12,47
1064320,Seaford city,3516,2374,54016,55317,0.9714,29.7,2.8,0,0,-97,-90,186
1324376,Dublin city,6072,4341,42988,41682,0.9702,24.2,4.3,0,0,-172,-150,362
3902638,Ashtabula city,7891,5212,44120,42620,0.9701,29.4,4.6,1,-1,-105,-98,212
2281165,Westwego city,3663,2613,46261,45565,0.969,26.3,2.3,0,0,-110,-107,105
01063,Greene County,3225,1979,29200,28500,0.9683,35.1,3.5,0,0,258,256,53
3771220,Washington city,4709,2884,40186,39016,0.9683,34.4,4.4,0,0,-207,-183,107
13265,Taliaferro County,588,290,52500,49455,0.9682,46.4,4.3,0,0,12,11,11
1264875,Sebring city,4949,2733,44184,42314,0.9681,38.8,6.0,0,0,-365,-349,-110
0804110,Avon town,2568,2189,89027,89472,0.9678,13.0,1.8,0,0,-244,-247,-20
3404930,Belmar borough,2959,2203,93573,85747,0.9662,25.5,0.0,0,0,-53,-57,-6
4725920,Fayetteville city,2949,1967,49223,47197,0.9661,31.5,1.8,0,0,171,185,109
22065,Madison Parish,3053,1965,35456,34576,0.9659,33.5,2.1,0,0,-46,-41,163
01119,Sumter County,4823,3108,33310,32958,0.9656,31.9,3.6,0,0,21,33,59
32021,Mineral County,1830,1034,54855,54940,0.9653,43.3,0.2,0,0,-2,-2,42
4836092,Iowa Colony village,4175,3683,144092,139936,0.9652,10.4,1.4,0,0,26,27,28
1252125,Orange Park town,3546,2268,77106,77229,0.9644,34.7,1.4,0,0,20,21,165
1277675,Wildwood city,9228,3966,76552,73142,0.9632,54.3,2.7,0,0,-11,-47,65
4165950,Seaside city,3638,2244,47361,46265,0.9624,37.4,0.9,0,0,71,124,-7
1776935,University Park village,2516,1861,73844,69990,0.9604,25.0,1.0,0,0,-191,-149,-7
2112160,Campbellsville city,4863,3018,49644,47483,0.9601,31.2,6.7,0,0,376,343,256
2278715,Ville Platte city,2739,1498,28361,26111,0.9599,33.1,12.2,0,0,-21,5,243
40025,Cimarron County,707,316,62188,59242,0.9594,55.0,0.3,0,0,57,51,19
46017,Buffalo County,508,361,47045,45395,0.9583,26.2,2.8,0,0,14,14,19
4722000,Dunlap city,2113,1173,45589,43864,0.9559,39.7,4.8,0,0,-155,-195,17
4824036,Elsa city,1978,1268,42439,40610,0.9548,30.2,5.7,0,0,-73,-54,-44
1274150,Vero Beach city,7484,4308,69758,63861,0.9523,41.2,1.2,0,0,25,-77,290
4549075,Myrtle Beach city,17623,11424,60394,57434,0.9491,32.5,2.6,0,0,-522,-545,34
0465350,Sedona city,4917,2642,73738,69792,0.9484,45.8,0.5,0,0,147,132,-43
4807408,Bellmead city,3553,2620,52075,49885,0.9434,24.1,2.1,0,0,-315,-400,69
3457150,Paulsboro borough,2417,1557,64239,60242,0.9368,29.3,6.2,0,0,48,25,20
4273888,Steelton borough,2445,1786,58194,55702,0.9358,22.2,4.8,0,0,-47,-21,190
2879120,West Point city,4147,2692,38064,34366,0.9339,29.8,5.3,0,0,-65,98,191
0549580,Newport city,2477,1396,34764,32440,0.9337,33.9,9.8,0,0,9,-35,115
1259325,Quincy city,2805,1821,32125,29245,0.9335,30.3,4.8,0,0,-154,-189,50
2274690,Tallulah city,1899,1349,33419,31077,0.9312,28.0,1.0,0,0,-43,2,145
08079,Mineral County,386,216,56250,54054,0.9291,40.7,3.4,0,0,26,24,9
1216550,Daytona Beach Shores city,3159,1292,74392,68217,0.9286,58.0,1.1,0,0,-60,-116,-17
28063,Jefferson County,2494,1472,38305,34740,0.9267,40.5,0.4,0,0,70,47,40
1224975,Fruitland Park city,3831,1935,82656,77954,0.9267,49.2,0.3,0,0,-55,-26,-23
48345,Motley County,460,227,61154,56912,0.9233,43.7,7.0,0,0,15,12,34
31085,Hayes County,377,228,69250,58750,0.9188,37.1,2.4,0,0,26,24,15
1341596,Jackson city,1995,1316,46191,42633,0.9155,28.6,5.4,0,0,303,289,100
1268275,Springfield city,3522,2539,54462,49899,0.912,24.4,3.5,0,0,-103,-84,193
48311,McMullen County,207,135,43875,38938,0.9108,34.8,0.0,0,0,20,18,3
08053,Hinsdale County,511,283,75972,68906,0.9098,38.9,5.7,0,0,51,50,26
4844116,Los Fresnos city,2369,1939,61938,57177,0.9091,15.4,2.7,0,0,8,-42,-5
46095,Mellette County,641,430,54076,47727,0.9064,32.4,0.5,0,0,46,42,24
1314920,Centerville city,3194,2137,68922,63750,0.9049,27.7,5.4,0,0,-117,-183,79
1203975,Bay Harbor Islands town,2077,1438,89663,81136,0.9036,27.2,3.6,0,0,-151,-105,-87
72093,Maricao Municipio,1798,966,21302,19270,0.901,45.6,0.7,0,0,30,15,77
02282,Yakutat City and Borough,206,91,85000,76250,0.888,53.9,1.9,0,0,9,15,8
48105,Crockett County,1225,922,81022,74741,0.877,24.7,0.0,0,0,24,35,19
48033,Borden County,243,171,65625,62188,0.8757,29.6,0.0,0,0,7,8,10
4772540,Sweetwater city,2902,1660,45451,39462,0.8699,36.6,6.2,0,0,-39,3,59
0422360,Eloy city,4495,2528,55736,48816,0.8697,42.8,1.0,0,0,26,47,76
1380984,Waynesboro city,2204,1476,41620,37316,0.863,29.4,3.6,0,0,173,-5,153
3758630,St. James town,3533,1059,116383,97329,0.8521,70.0,0.0,0,0,22,20,20
48385,Real County,1128,468,39605,33721,0.8493,58.4,0.1,0,0,31,61,37
0639259,Laguna Woods city,11706,1523,59269,48304,0.812,87.0,0.0,0,0,231,483,96
32009,Esmeralda County,503,344,41715,34333,0.8025,31.6,0.0,0,0,10,4,17
0103004,Atmore city,2613,1456,38862,25147,0.6471,41.3,3.0,0,0,19,97,59
